warning: binary `bundle_decode` should have a kebab-case name
   |
 1 | /home/blocknodes/ztreexo/fuzz/target/.../bundle_decode
   |                                          ^^^^^^^^^^^^^
   |
   = note: `cargo::non_kebab_case_bins` is set to `warn` by default
help: to change the binary name to `bundle-decode`, convert `bin.name`
  --> Cargo.toml:44:8
   |
44 - name = "bundle_decode"
44 + name = "bundle-decode"
   |
warning: binary `compact_state_decode` should have a kebab-case name
   |
 1 | /home/blocknodes/ztreexo/fuzz/target/.../compact_state_decode
   |                                          ^^^^^^^^^^^^^^^^^^^^
   |
help: to change the binary name to `compact-state-decode`, convert `bin.name`
  --> Cargo.toml:65:8
   |
65 - name = "compact_state_decode"
65 + name = "compact-state-decode"
   |
warning: binary `forest_decode` should have a kebab-case name
   |
 1 | /home/blocknodes/ztreexo/fuzz/target/.../forest_decode
   |                                          ^^^^^^^^^^^^^
   |
help: to change the binary name to `forest-decode`, convert `bin.name`
  --> Cargo.toml:86:8
   |
86 - name = "forest_decode"
86 + name = "forest-decode"
   |
warning: binary `nonmembership_decode` should have a kebab-case name
   |
 1 | /home/blocknodes/ztreexo/fuzz/target/.../nonmembership_decode
   |                                          ^^^^^^^^^^^^^^^^^^^^
   |
help: to change the binary name to `nonmembership-decode`, convert `bin.name`
  --> Cargo.toml:79:8
   |
79 - name = "nonmembership_decode"
79 + name = "nonmembership-decode"
   |
warning: binary `snapshot_decode` should have a kebab-case name
   |
 1 | /home/blocknodes/ztreexo/fuzz/target/.../snapshot_decode
   |                                          ^^^^^^^^^^^^^^^
   |
help: to change the binary name to `snapshot-decode`, convert `bin.name`
  --> Cargo.toml:58:8
   |
58 - name = "snapshot_decode"
58 + name = "snapshot-decode"
   |
warning: binary `utxo_proof_decode` should have a kebab-case name
   |
 1 | /home/blocknodes/ztreexo/fuzz/target/.../utxo_proof_decode
   |                                          ^^^^^^^^^^^^^^^^^
   |
help: to change the binary name to `utxo-proof-decode`, convert `bin.name`
  --> Cargo.toml:51:8
   |
51 - name = "utxo_proof_decode"
51 + name = "utxo-proof-decode"
   |
warning: binary `wire_request_decode` should have a kebab-case name
   |
 1 | /home/blocknodes/ztreexo/fuzz/target/.../wire_request_decode
   |                                          ^^^^^^^^^^^^^^^^^^^
   |
help: to change the binary name to `wire-request-decode`, convert `bin.name`
  --> Cargo.toml:72:8
   |
72 - name = "wire_request_decode"
72 + name = "wire-request-decode"
   |
warning: `zutreexo-fuzz` (manifest) generated 7 warnings
    Blocking waiting for file lock on package cache
    Blocking waiting for file lock on package cache
    Blocking waiting for file lock on package cache
    Blocking waiting for file lock on package cache
    Blocking waiting for file lock on build directory
    Finished `release` profile [optimized + debuginfo] target(s) in 0.40s
warning: the following packages contain code that will be rejected by a future version of Rust: halo2_gadgets v0.5.0, primitive-types v0.12.2
note: to see what the problems were, use the option `--future-incompat-report`, or run `cargo report future-incompatibilities --id 1`
warning: binary `bundle_decode` should have a kebab-case name
   |
 1 | /home/blocknodes/ztreexo/fuzz/target/.../bundle_decode
   |                                          ^^^^^^^^^^^^^
   |
   = note: `cargo::non_kebab_case_bins` is set to `warn` by default
help: to change the binary name to `bundle-decode`, convert `bin.name`
  --> Cargo.toml:44:8
   |
44 - name = "bundle_decode"
44 + name = "bundle-decode"
   |
warning: binary `compact_state_decode` should have a kebab-case name
   |
 1 | /home/blocknodes/ztreexo/fuzz/target/.../compact_state_decode
   |                                          ^^^^^^^^^^^^^^^^^^^^
   |
help: to change the binary name to `compact-state-decode`, convert `bin.name`
  --> Cargo.toml:65:8
   |
65 - name = "compact_state_decode"
65 + name = "compact-state-decode"
   |
warning: binary `forest_decode` should have a kebab-case name
   |
 1 | /home/blocknodes/ztreexo/fuzz/target/.../forest_decode
   |                                          ^^^^^^^^^^^^^
   |
help: to change the binary name to `forest-decode`, convert `bin.name`
  --> Cargo.toml:86:8
   |
86 - name = "forest_decode"
86 + name = "forest-decode"
   |
warning: binary `nonmembership_decode` should have a kebab-case name
   |
 1 | /home/blocknodes/ztreexo/fuzz/target/.../nonmembership_decode
   |                                          ^^^^^^^^^^^^^^^^^^^^
   |
help: to change the binary name to `nonmembership-decode`, convert `bin.name`
  --> Cargo.toml:79:8
   |
79 - name = "nonmembership_decode"
79 + name = "nonmembership-decode"
   |
warning: binary `snapshot_decode` should have a kebab-case name
   |
 1 | /home/blocknodes/ztreexo/fuzz/target/.../snapshot_decode
   |                                          ^^^^^^^^^^^^^^^
   |
help: to change the binary name to `snapshot-decode`, convert `bin.name`
  --> Cargo.toml:58:8
   |
58 - name = "snapshot_decode"
58 + name = "snapshot-decode"
   |
warning: binary `utxo_proof_decode` should have a kebab-case name
   |
 1 | /home/blocknodes/ztreexo/fuzz/target/.../utxo_proof_decode
   |                                          ^^^^^^^^^^^^^^^^^
   |
help: to change the binary name to `utxo-proof-decode`, convert `bin.name`
  --> Cargo.toml:51:8
   |
51 - name = "utxo_proof_decode"
51 + name = "utxo-proof-decode"
   |
warning: binary `wire_request_decode` should have a kebab-case name
   |
 1 | /home/blocknodes/ztreexo/fuzz/target/.../wire_request_decode
   |                                          ^^^^^^^^^^^^^^^^^^^
   |
help: to change the binary name to `wire-request-decode`, convert `bin.name`
  --> Cargo.toml:72:8
   |
72 - name = "wire_request_decode"
72 + name = "wire-request-decode"
   |
warning: `zutreexo-fuzz` (manifest) generated 7 warnings
    Blocking waiting for file lock on package cache
    Blocking waiting for file lock on package cache
    Blocking waiting for file lock on package cache
    Blocking waiting for file lock on package cache
    Blocking waiting for file lock on build directory
    Finished `release` profile [optimized + debuginfo] target(s) in 0.34s
warning: the following packages contain code that will be rejected by a future version of Rust: halo2_gadgets v0.5.0, primitive-types v0.12.2
note: to see what the problems were, use the option `--future-incompat-report`, or run `cargo report future-incompatibilities --id 1`
     Running `fuzz/target/x86_64-unknown-linux-gnu/release/forest_decode -artifact_prefix=/home/blocknodes/ztreexo/fuzz/artifacts/forest_decode/ -max_total_time=86400 -rss_limit_mb=4096 -print_final_stats=1 /home/blocknodes/ztreexo/fuzz/corpus/forest_decode`
INFO: Running with entropic power schedule (0xFF, 100).
INFO: Seed: 1953407201
INFO: Loaded 1 modules   (1553 inline 8-bit counters): 1553 [0x6491eeba1ae0, 0x6491eeba20f1), 
INFO: Loaded 1 PC tables (1553 PCs): 1553 [0x6491eeba20f8,0x6491eeba8208), 
INFO:      514 files found in /home/blocknodes/ztreexo/fuzz/corpus/forest_decode
INFO: -max_len is not provided; libFuzzer will not generate inputs larger than 4096 bytes
INFO: seed corpus: files: 514 min: 1b max: 3942b total: 284237b rss: 57Mb
#515	INITED cov: 305 ft: 1357 corp: 191/119Kb exec/s: 0 rss: 57Mb
#726	NEW    cov: 305 ft: 1358 corp: 192/122Kb lim: 3942 exec/s: 0 rss: 57Mb L: 2824/3942 MS: 1 ChangeByte-
#783	NEW    cov: 305 ft: 1359 corp: 193/124Kb lim: 3942 exec/s: 0 rss: 57Mb L: 2485/3942 MS: 2 ChangeByte-InsertRepeatedBytes-
#877	NEW    cov: 305 ft: 1360 corp: 194/126Kb lim: 3942 exec/s: 0 rss: 58Mb L: 1994/3942 MS: 4 InsertRepeatedBytes-InsertRepeatedBytes-EraseBytes-ChangeBit-
#1161	NEW    cov: 305 ft: 1361 corp: 195/127Kb lim: 3942 exec/s: 0 rss: 60Mb L: 805/3942 MS: 4 CMP-InsertRepeatedBytes-CrossOver-ChangeASCIIInt- DE: "\000\000"-
#1804	NEW    cov: 305 ft: 1362 corp: 196/129Kb lim: 3942 exec/s: 0 rss: 64Mb L: 1864/3942 MS: 3 InsertByte-ShuffleBytes-ShuffleBytes-
#2100	NEW    cov: 305 ft: 1363 corp: 197/132Kb lim: 3942 exec/s: 0 rss: 65Mb L: 2824/3942 MS: 1 ChangeBit-
#3308	NEW    cov: 305 ft: 1365 corp: 198/135Kb lim: 3953 exec/s: 0 rss: 72Mb L: 3168/3942 MS: 3 InsertByte-ShuffleBytes-CopyPart-
#4335	REDUCE cov: 305 ft: 1365 corp: 198/135Kb lim: 3953 exec/s: 0 rss: 77Mb L: 2318/3942 MS: 2 ChangeBit-EraseBytes-
#5551	NEW    cov: 305 ft: 1366 corp: 199/138Kb lim: 3964 exec/s: 0 rss: 84Mb L: 3623/3942 MS: 1 ChangeBit-
#6037	NEW    cov: 305 ft: 1367 corp: 200/139Kb lim: 3964 exec/s: 0 rss: 86Mb L: 316/3942 MS: 1 CMP- DE: "\011\000\000\000\000\000\000\000"-
#10879	REDUCE cov: 305 ft: 1367 corp: 200/138Kb lim: 4008 exec/s: 0 rss: 113Mb L: 901/3942 MS: 2 ChangeByte-EraseBytes-
#12339	NEW    cov: 305 ft: 1369 corp: 201/142Kb lim: 4019 exec/s: 0 rss: 122Mb L: 3388/3942 MS: 5 CopyPart-ChangeBinInt-ChangeByte-CMP-ChangeBinInt- DE: "\304\265\223q\340\031_\020\232\300\032\243\265\362\353\374\373\241\000\000\002\000\000\000\000\345\002\000\000)\000\000"-
#12436	REDUCE cov: 305 ft: 1369 corp: 201/142Kb lim: 4019 exec/s: 0 rss: 123Mb L: 590/3942 MS: 2 PersAutoDict-EraseBytes- DE: "\000\000"-
#14801	NEW    cov: 305 ft: 1370 corp: 202/144Kb lim: 4041 exec/s: 0 rss: 137Mb L: 2135/3942 MS: 5 CrossOver-ChangeASCIIInt-ChangeByte-InsertRepeatedBytes-EraseBytes-
#15687	REDUCE cov: 305 ft: 1370 corp: 202/143Kb lim: 4041 exec/s: 0 rss: 143Mb L: 1878/3942 MS: 1 EraseBytes-
#16253	NEW    cov: 305 ft: 1371 corp: 203/145Kb lim: 4041 exec/s: 0 rss: 146Mb L: 1994/3942 MS: 1 ChangeBit-
#16854	REDUCE cov: 305 ft: 1371 corp: 203/145Kb lim: 4041 exec/s: 0 rss: 150Mb L: 1778/3942 MS: 1 EraseBytes-
#17275	REDUCE cov: 305 ft: 1371 corp: 203/145Kb lim: 4041 exec/s: 0 rss: 152Mb L: 47/3942 MS: 1 EraseBytes-
#21737	REDUCE cov: 305 ft: 1371 corp: 203/145Kb lim: 4085 exec/s: 0 rss: 180Mb L: 1386/3942 MS: 2 PersAutoDict-EraseBytes- DE: "\011\000\000\000\000\000\000\000"-
#31283	REDUCE cov: 305 ft: 1371 corp: 203/145Kb lim: 4096 exec/s: 31283 rss: 237Mb L: 98/3942 MS: 1 EraseBytes-
#33766	REDUCE cov: 305 ft: 1371 corp: 203/145Kb lim: 4096 exec/s: 33766 rss: 253Mb L: 1049/3942 MS: 3 ChangeBinInt-ChangeByte-EraseBytes-
#35701	REDUCE cov: 305 ft: 1371 corp: 203/144Kb lim: 4096 exec/s: 35701 rss: 266Mb L: 2634/3942 MS: 5 ChangeByte-EraseBytes-EraseBytes-CMP-CopyPart- DE: "\000\000\000\000\000\000\002I"-
#36117	NEW    cov: 305 ft: 1372 corp: 204/147Kb lim: 4096 exec/s: 36117 rss: 268Mb L: 3200/3942 MS: 1 PersAutoDict- DE: "\304\265\223q\340\031_\020\232\300\032\243\265\362\353\374\373\241\000\000\002\000\000\000\000\345\002\000\000)\000\000"-
#38818	REDUCE cov: 305 ft: 1372 corp: 204/147Kb lim: 4096 exec/s: 38818 rss: 284Mb L: 45/3942 MS: 1 EraseBytes-
#40894	REDUCE cov: 305 ft: 1372 corp: 204/147Kb lim: 4096 exec/s: 40894 rss: 298Mb L: 698/3942 MS: 1 EraseBytes-
#43101	REDUCE cov: 305 ft: 1372 corp: 204/146Kb lim: 4096 exec/s: 43101 rss: 311Mb L: 2129/3942 MS: 2 InsertRepeatedBytes-EraseBytes-
#47287	REDUCE cov: 305 ft: 1372 corp: 204/146Kb lim: 4096 exec/s: 47287 rss: 338Mb L: 586/3942 MS: 1 EraseBytes-
#57174	REDUCE cov: 305 ft: 1372 corp: 204/146Kb lim: 4096 exec/s: 28587 rss: 403Mb L: 311/3942 MS: 1 EraseBytes-
#65536	pulse  cov: 305 ft: 1372 corp: 204/146Kb lim: 4096 exec/s: 32768 rss: 453Mb
#69385	REDUCE cov: 305 ft: 1372 corp: 204/146Kb lim: 4096 exec/s: 34692 rss: 466Mb L: 107/3942 MS: 1 EraseBytes-
#70122	REDUCE cov: 305 ft: 1372 corp: 204/146Kb lim: 4096 exec/s: 35061 rss: 466Mb L: 1398/3942 MS: 2 ChangeASCIIInt-EraseBytes-
#70358	REDUCE cov: 305 ft: 1372 corp: 204/146Kb lim: 4096 exec/s: 35179 rss: 466Mb L: 160/3942 MS: 1 EraseBytes-
#71864	REDUCE cov: 305 ft: 1372 corp: 204/146Kb lim: 4096 exec/s: 35932 rss: 466Mb L: 568/3942 MS: 1 EraseBytes-
#74455	REDUCE cov: 305 ft: 1372 corp: 204/146Kb lim: 4096 exec/s: 37227 rss: 473Mb L: 173/3942 MS: 1 EraseBytes-
#90608	REDUCE cov: 305 ft: 1372 corp: 204/146Kb lim: 4096 exec/s: 30202 rss: 476Mb L: 469/3942 MS: 2 ShuffleBytes-EraseBytes-
#100577	REDUCE cov: 305 ft: 1372 corp: 204/146Kb lim: 4096 exec/s: 33525 rss: 477Mb L: 786/3942 MS: 4 ChangeBit-EraseBytes-CopyPart-ShuffleBytes-
#100728	REDUCE cov: 305 ft: 1372 corp: 204/146Kb lim: 4096 exec/s: 33576 rss: 477Mb L: 907/3942 MS: 1 EraseBytes-
#103614	REDUCE cov: 305 ft: 1372 corp: 204/146Kb lim: 4096 exec/s: 25903 rss: 477Mb L: 2032/3942 MS: 1 EraseBytes-
#106937	REDUCE cov: 305 ft: 1372 corp: 204/146Kb lim: 4096 exec/s: 26734 rss: 478Mb L: 125/3942 MS: 3 ShuffleBytes-ShuffleBytes-EraseBytes-
#108054	REDUCE cov: 305 ft: 1372 corp: 204/146Kb lim: 4096 exec/s: 27013 rss: 478Mb L: 259/3942 MS: 2 ShuffleBytes-EraseBytes-
#125506	REDUCE cov: 305 ft: 1372 corp: 204/146Kb lim: 4096 exec/s: 25101 rss: 479Mb L: 517/3942 MS: 2 CopyPart-EraseBytes-
#131072	pulse  cov: 305 ft: 1372 corp: 204/146Kb lim: 4096 exec/s: 26214 rss: 480Mb
#135128	REDUCE cov: 305 ft: 1372 corp: 204/146Kb lim: 4096 exec/s: 27025 rss: 480Mb L: 1858/3942 MS: 2 InsertByte-EraseBytes-
#148746	REDUCE cov: 305 ft: 1372 corp: 204/146Kb lim: 4096 exec/s: 24791 rss: 480Mb L: 909/3942 MS: 1 EraseBytes-
#152122	REDUCE cov: 305 ft: 1372 corp: 204/146Kb lim: 4096 exec/s: 25353 rss: 480Mb L: 68/3942 MS: 1 EraseBytes-
#153388	REDUCE cov: 305 ft: 1372 corp: 204/146Kb lim: 4096 exec/s: 25564 rss: 480Mb L: 1292/3942 MS: 1 EraseBytes-
#153799	REDUCE cov: 305 ft: 1372 corp: 204/146Kb lim: 4096 exec/s: 25633 rss: 480Mb L: 2568/3942 MS: 1 EraseBytes-
#155500	REDUCE cov: 305 ft: 1372 corp: 204/146Kb lim: 4096 exec/s: 25916 rss: 480Mb L: 845/3942 MS: 1 EraseBytes-
#168982	REDUCE cov: 305 ft: 1372 corp: 204/146Kb lim: 4096 exec/s: 24140 rss: 480Mb L: 848/3942 MS: 2 ShuffleBytes-EraseBytes-
#182709	REDUCE cov: 305 ft: 1372 corp: 204/146Kb lim: 4096 exec/s: 26101 rss: 480Mb L: 162/3942 MS: 2 CopyPart-EraseBytes-
#183095	NEW    cov: 305 ft: 1373 corp: 205/149Kb lim: 4096 exec/s: 26156 rss: 480Mb L: 3200/3942 MS: 1 ChangeBinInt-
#200582	NEW    cov: 305 ft: 1374 corp: 206/152Kb lim: 4096 exec/s: 25072 rss: 480Mb L: 3390/3942 MS: 2 PersAutoDict-ChangeBit- DE: "\000\000"-
#215408	REDUCE cov: 305 ft: 1374 corp: 206/152Kb lim: 4096 exec/s: 23934 rss: 481Mb L: 266/3942 MS: 1 EraseBytes-
#252259	REDUCE cov: 305 ft: 1374 corp: 206/152Kb lim: 4096 exec/s: 25225 rss: 490Mb L: 863/3942 MS: 1 EraseBytes-
#254435	REDUCE cov: 305 ft: 1374 corp: 206/152Kb lim: 4096 exec/s: 25443 rss: 490Mb L: 2441/3942 MS: 1 EraseBytes-
#262144	pulse  cov: 305 ft: 1374 corp: 206/152Kb lim: 4096 exec/s: 23831 rss: 490Mb
#277786	REDUCE cov: 305 ft: 1374 corp: 206/152Kb lim: 4096 exec/s: 25253 rss: 490Mb L: 119/3942 MS: 1 EraseBytes-
#278344	REDUCE cov: 305 ft: 1374 corp: 206/151Kb lim: 4096 exec/s: 25304 rss: 490Mb L: 1386/3942 MS: 3 PersAutoDict-InsertByte-EraseBytes- DE: "\011\000\000\000\000\000\000\000"-
#282036	REDUCE cov: 305 ft: 1374 corp: 206/151Kb lim: 4096 exec/s: 23503 rss: 490Mb L: 896/3942 MS: 2 CrossOver-EraseBytes-
#283277	REDUCE cov: 305 ft: 1374 corp: 206/151Kb lim: 4096 exec/s: 23606 rss: 490Mb L: 843/3942 MS: 1 EraseBytes-
#304336	REDUCE cov: 305 ft: 1374 corp: 206/151Kb lim: 4096 exec/s: 25361 rss: 490Mb L: 674/3942 MS: 4 CMP-ShuffleBytes-ChangeBinInt-EraseBytes- DE: "\000\000\000H"-
#320936	REDUCE cov: 305 ft: 1374 corp: 206/151Kb lim: 4096 exec/s: 24687 rss: 490Mb L: 175/3942 MS: 5 ChangeByte-ChangeBit-ChangeBinInt-ShuffleBytes-EraseBytes-
#343692	REDUCE cov: 305 ft: 1374 corp: 206/151Kb lim: 4096 exec/s: 24549 rss: 490Mb L: 657/3942 MS: 1 EraseBytes-
#344634	REDUCE cov: 305 ft: 1374 corp: 206/151Kb lim: 4096 exec/s: 24616 rss: 490Mb L: 445/3942 MS: 2 EraseBytes-ChangeBinInt-
#345935	REDUCE cov: 305 ft: 1374 corp: 206/151Kb lim: 4096 exec/s: 24709 rss: 490Mb L: 1236/3942 MS: 1 EraseBytes-
#348910	REDUCE cov: 305 ft: 1374 corp: 206/150Kb lim: 4096 exec/s: 23260 rss: 490Mb L: 2493/3942 MS: 5 CMP-ShuffleBytes-ChangeBinInt-EraseBytes-ChangeBit- DE: "\001\000"-
#353431	REDUCE cov: 305 ft: 1374 corp: 206/150Kb lim: 4096 exec/s: 23562 rss: 490Mb L: 822/3942 MS: 1 EraseBytes-
#355502	REDUCE cov: 305 ft: 1374 corp: 206/150Kb lim: 4096 exec/s: 23700 rss: 490Mb L: 1251/3942 MS: 1 EraseBytes-
#355988	NEW    cov: 305 ft: 1375 corp: 207/153Kb lim: 4096 exec/s: 23732 rss: 490Mb L: 3623/3942 MS: 1 ChangeByte-
#356556	REDUCE cov: 305 ft: 1375 corp: 207/153Kb lim: 4096 exec/s: 23770 rss: 490Mb L: 1907/3942 MS: 3 PersAutoDict-PersAutoDict-EraseBytes- DE: "\000\000"-"\011\000\000\000\000\000\000\000"-
#382359	REDUCE cov: 305 ft: 1375 corp: 207/153Kb lim: 4096 exec/s: 23897 rss: 490Mb L: 624/3942 MS: 3 CrossOver-ChangeASCIIInt-ChangeByte-
#413835	REDUCE cov: 305 ft: 1375 corp: 207/153Kb lim: 4096 exec/s: 22990 rss: 490Mb L: 181/3942 MS: 1 EraseBytes-
#414573	REDUCE cov: 305 ft: 1375 corp: 207/153Kb lim: 4096 exec/s: 23031 rss: 490Mb L: 1559/3942 MS: 3 CMP-InsertRepeatedBytes-EraseBytes- DE: "\304\265\223q\000\000\000\000\000\000\000)\000\000\001\000\000\004\000\000\000\000\001\000\000\000\000\000\000\000\000\000"-
#425349	REDUCE cov: 305 ft: 1375 corp: 207/152Kb lim: 4096 exec/s: 22386 rss: 490Mb L: 637/3942 MS: 1 EraseBytes-
#450757	REDUCE cov: 305 ft: 1375 corp: 207/152Kb lim: 4096 exec/s: 22537 rss: 490Mb L: 209/3942 MS: 3 EraseBytes-CopyPart-ShuffleBytes-
#468628	REDUCE cov: 305 ft: 1375 corp: 207/152Kb lim: 4096 exec/s: 22315 rss: 490Mb L: 157/3942 MS: 1 EraseBytes-
#480602	REDUCE cov: 305 ft: 1375 corp: 207/152Kb lim: 4096 exec/s: 22885 rss: 490Mb L: 1855/3942 MS: 4 InsertByte-InsertRepeatedBytes-EraseBytes-InsertRepeatedBytes-
#506983	REDUCE cov: 305 ft: 1375 corp: 207/152Kb lim: 4096 exec/s: 22042 rss: 490Mb L: 126/3942 MS: 1 EraseBytes-
#524288	pulse  cov: 305 ft: 1375 corp: 207/152Kb lim: 4096 exec/s: 21845 rss: 490Mb
#535864	REDUCE cov: 305 ft: 1375 corp: 207/151Kb lim: 4096 exec/s: 21434 rss: 490Mb L: 2058/3942 MS: 1 EraseBytes-
#537620	REDUCE cov: 305 ft: 1375 corp: 207/151Kb lim: 4096 exec/s: 21504 rss: 490Mb L: 553/3942 MS: 1 EraseBytes-
#550176	REDUCE cov: 305 ft: 1375 corp: 207/151Kb lim: 4096 exec/s: 21160 rss: 490Mb L: 417/3942 MS: 1 EraseBytes-
#558969	REDUCE cov: 305 ft: 1375 corp: 207/151Kb lim: 4096 exec/s: 21498 rss: 490Mb L: 2391/3942 MS: 3 ShuffleBytes-ChangeBit-EraseBytes-
#585605	REDUCE cov: 305 ft: 1375 corp: 207/151Kb lim: 4096 exec/s: 20914 rss: 490Mb L: 624/3942 MS: 1 EraseBytes-
#587366	REDUCE cov: 305 ft: 1375 corp: 207/151Kb lim: 4096 exec/s: 20977 rss: 490Mb L: 101/3942 MS: 1 EraseBytes-
#612802	REDUCE cov: 305 ft: 1375 corp: 207/151Kb lim: 4096 exec/s: 21131 rss: 490Mb L: 1058/3942 MS: 1 EraseBytes-
#646474	REDUCE cov: 305 ft: 1375 corp: 207/151Kb lim: 4096 exec/s: 20854 rss: 490Mb L: 926/3942 MS: 2 ChangeBit-EraseBytes-
#648975	REDUCE cov: 305 ft: 1375 corp: 207/151Kb lim: 4096 exec/s: 20280 rss: 490Mb L: 229/3942 MS: 1 EraseBytes-
#669441	REDUCE cov: 305 ft: 1375 corp: 207/151Kb lim: 4096 exec/s: 20920 rss: 490Mb L: 644/3942 MS: 1 EraseBytes-
#672932	REDUCE cov: 305 ft: 1375 corp: 207/151Kb lim: 4096 exec/s: 20391 rss: 490Mb L: 474/3942 MS: 1 EraseBytes-
#682048	REDUCE cov: 305 ft: 1375 corp: 207/151Kb lim: 4096 exec/s: 20668 rss: 490Mb L: 96/3942 MS: 1 EraseBytes-
#695508	REDUCE cov: 305 ft: 1375 corp: 207/151Kb lim: 4096 exec/s: 20456 rss: 490Mb L: 1751/3942 MS: 5 ChangeBit-InsertRepeatedBytes-InsertRepeatedBytes-EraseBytes-ChangeBit-
#704814	REDUCE cov: 305 ft: 1375 corp: 207/151Kb lim: 4096 exec/s: 20729 rss: 490Mb L: 1755/3942 MS: 1 EraseBytes-
#780993	REDUCE cov: 305 ft: 1375 corp: 207/151Kb lim: 4096 exec/s: 20025 rss: 490Mb L: 34/3942 MS: 4 PersAutoDict-ChangeByte-ChangeByte-EraseBytes- DE: "\001\000"-
#791190	NEW    cov: 307 ft: 1377 corp: 208/154Kb lim: 4096 exec/s: 19779 rss: 490Mb L: 3200/3942 MS: 2 ShuffleBytes-ShuffleBytes-
#798977	REDUCE cov: 307 ft: 1377 corp: 208/154Kb lim: 4096 exec/s: 19974 rss: 490Mb L: 643/3942 MS: 2 EraseBytes-ChangeByte-
#810444	REDUCE cov: 307 ft: 1377 corp: 208/154Kb lim: 4096 exec/s: 19766 rss: 490Mb L: 532/3942 MS: 2 ChangeByte-EraseBytes-
#834039	REDUCE cov: 307 ft: 1377 corp: 208/154Kb lim: 4096 exec/s: 19396 rss: 490Mb L: 194/3942 MS: 5 InsertRepeatedBytes-EraseBytes-CopyPart-ChangeBit-ChangeBit-
#852330	REDUCE cov: 307 ft: 1377 corp: 208/154Kb lim: 4096 exec/s: 19371 rss: 490Mb L: 868/3942 MS: 1 EraseBytes-
#868306	REDUCE cov: 307 ft: 1377 corp: 208/154Kb lim: 4096 exec/s: 19295 rss: 490Mb L: 648/3942 MS: 1 EraseBytes-
#919812	REDUCE cov: 307 ft: 1377 corp: 208/154Kb lim: 4096 exec/s: 19162 rss: 490Mb L: 1652/3942 MS: 1 EraseBytes-
#944498	REDUCE cov: 307 ft: 1377 corp: 208/154Kb lim: 4096 exec/s: 18889 rss: 490Mb L: 258/3942 MS: 1 EraseBytes-
#946574	REDUCE cov: 307 ft: 1377 corp: 208/154Kb lim: 4096 exec/s: 18931 rss: 490Mb L: 248/3942 MS: 1 EraseBytes-
#955315	REDUCE cov: 307 ft: 1377 corp: 208/153Kb lim: 4096 exec/s: 19106 rss: 491Mb L: 607/3942 MS: 1 EraseBytes-
#958396	REDUCE cov: 307 ft: 1377 corp: 208/153Kb lim: 4096 exec/s: 19167 rss: 491Mb L: 749/3942 MS: 1 EraseBytes-
#970145	REDUCE cov: 307 ft: 1377 corp: 208/152Kb lim: 4096 exec/s: 19022 rss: 491Mb L: 1482/3942 MS: 4 CrossOver-EraseBytes-ChangeASCIIInt-CrossOver-
#989376	REDUCE cov: 307 ft: 1377 corp: 208/152Kb lim: 4096 exec/s: 19026 rss: 491Mb L: 1452/3942 MS: 1 EraseBytes-
#1019139	REDUCE cov: 307 ft: 1377 corp: 208/152Kb lim: 4096 exec/s: 18872 rss: 491Mb L: 1165/3942 MS: 3 ChangeBinInt-ChangeByte-EraseBytes-
#1021330	REDUCE cov: 307 ft: 1377 corp: 208/152Kb lim: 4096 exec/s: 18913 rss: 491Mb L: 1480/3942 MS: 1 EraseBytes-
#1032076	NEW    cov: 307 ft: 1378 corp: 209/155Kb lim: 4096 exec/s: 18765 rss: 491Mb L: 3623/3942 MS: 1 CopyPart-
#1045208	REDUCE cov: 307 ft: 1378 corp: 209/155Kb lim: 4096 exec/s: 18664 rss: 491Mb L: 362/3942 MS: 2 ChangeByte-EraseBytes-
#1048576	pulse  cov: 307 ft: 1378 corp: 209/155Kb lim: 4096 exec/s: 18724 rss: 491Mb
#1060629	REDUCE cov: 307 ft: 1378 corp: 209/155Kb lim: 4096 exec/s: 18607 rss: 491Mb L: 1046/3942 MS: 1 EraseBytes-
#1101011	REDUCE cov: 307 ft: 1378 corp: 209/155Kb lim: 4096 exec/s: 18661 rss: 492Mb L: 2788/3942 MS: 2 ChangeByte-EraseBytes-
#1111938	REDUCE cov: 307 ft: 1378 corp: 209/155Kb lim: 4096 exec/s: 18532 rss: 492Mb L: 3566/3942 MS: 2 ShuffleBytes-EraseBytes-
#1128034	REDUCE cov: 307 ft: 1378 corp: 209/155Kb lim: 4096 exec/s: 18492 rss: 493Mb L: 1448/3942 MS: 1 EraseBytes-
#1141975	REDUCE cov: 307 ft: 1378 corp: 209/155Kb lim: 4096 exec/s: 18418 rss: 493Mb L: 400/3942 MS: 1 EraseBytes-
#1202468	REDUCE cov: 307 ft: 1378 corp: 209/155Kb lim: 4096 exec/s: 18499 rss: 493Mb L: 239/3942 MS: 3 ChangeBinInt-ChangeBinInt-EraseBytes-
#1212449	REDUCE cov: 307 ft: 1378 corp: 209/155Kb lim: 4096 exec/s: 18370 rss: 493Mb L: 86/3942 MS: 1 EraseBytes-
#1216880	REDUCE cov: 307 ft: 1378 corp: 209/155Kb lim: 4096 exec/s: 18437 rss: 493Mb L: 239/3942 MS: 1 EraseBytes-
#1243593	REDUCE cov: 307 ft: 1378 corp: 209/155Kb lim: 4096 exec/s: 18561 rss: 493Mb L: 2550/3942 MS: 3 InsertByte-PersAutoDict-EraseBytes- DE: "\304\265\223q\340\031_\020\232\300\032\243\265\362\353\374\373\241\000\000\002\000\000\000\000\345\002\000\000)\000\000"-
#1244144	REDUCE cov: 307 ft: 1378 corp: 209/155Kb lim: 4096 exec/s: 18569 rss: 493Mb L: 1050/3942 MS: 1 EraseBytes-
#1268341	REDUCE cov: 307 ft: 1378 corp: 209/155Kb lim: 4096 exec/s: 18652 rss: 493Mb L: 1383/3942 MS: 2 CMP-EraseBytes- DE: "\000\000\012t\256\220\037\364"-
#1308553	REDUCE cov: 307 ft: 1378 corp: 209/155Kb lim: 4096 exec/s: 18430 rss: 493Mb L: 230/3942 MS: 2 CMP-EraseBytes- DE: "\304\265\216q\340\031_\020\232\300\030\243\265\362\353\374\373\241\000\000\002\000\000\000\000\000\000\000\000)\000\000"-
#1346669	REDUCE cov: 307 ft: 1378 corp: 209/155Kb lim: 4096 exec/s: 18198 rss: 493Mb L: 980/3942 MS: 1 EraseBytes-
#1401981	REDUCE cov: 307 ft: 1378 corp: 209/155Kb lim: 4096 exec/s: 18207 rss: 495Mb L: 324/3942 MS: 2 ChangeASCIIInt-EraseBytes-
#1419348	REDUCE cov: 307 ft: 1378 corp: 209/155Kb lim: 4096 exec/s: 18196 rss: 495Mb L: 597/3942 MS: 2 CopyPart-EraseBytes-
#1443419	REDUCE cov: 307 ft: 1378 corp: 209/155Kb lim: 4096 exec/s: 18042 rss: 495Mb L: 2797/3942 MS: 1 EraseBytes-
#1445445	REDUCE cov: 307 ft: 1378 corp: 209/155Kb lim: 4096 exec/s: 18068 rss: 495Mb L: 396/3942 MS: 1 EraseBytes-
#1459265	REDUCE cov: 307 ft: 1378 corp: 209/155Kb lim: 4096 exec/s: 18015 rss: 495Mb L: 208/3942 MS: 5 CMP-PersAutoDict-CrossOver-EraseBytes-CopyPart- DE: "\304\265\223q\340\231_\253\232\000\362\000\000\000\000\000\000.\000\001\000\000\000\000\000\000\000\000\000)\000\000"-"\011\000\000\000\000\000\000\000"-
#1477561	REDUCE cov: 307 ft: 1378 corp: 209/155Kb lim: 4096 exec/s: 17801 rss: 495Mb L: 184/3942 MS: 1 EraseBytes-
#1572079	REDUCE cov: 307 ft: 1378 corp: 209/155Kb lim: 4096 exec/s: 17275 rss: 496Mb L: 921/3942 MS: 2 ChangeBinInt-EraseBytes-
#1595342	REDUCE cov: 307 ft: 1378 corp: 209/155Kb lim: 4096 exec/s: 17340 rss: 497Mb L: 489/3942 MS: 3 ChangeBinInt-ChangeASCIIInt-EraseBytes-
#1659598	REDUCE cov: 307 ft: 1378 corp: 209/155Kb lim: 4096 exec/s: 17287 rss: 497Mb L: 557/3942 MS: 1 EraseBytes-
#1668880	REDUCE cov: 307 ft: 1378 corp: 209/155Kb lim: 4096 exec/s: 17384 rss: 497Mb L: 2386/3942 MS: 2 ShuffleBytes-EraseBytes-
#1670366	REDUCE cov: 307 ft: 1378 corp: 209/155Kb lim: 4096 exec/s: 17399 rss: 497Mb L: 355/3942 MS: 1 EraseBytes-
#1682368	REDUCE cov: 307 ft: 1378 corp: 209/155Kb lim: 4096 exec/s: 17344 rss: 497Mb L: 623/3942 MS: 2 CopyPart-EraseBytes-
#1698039	NEW    cov: 307 ft: 1379 corp: 210/158Kb lim: 4096 exec/s: 17326 rss: 498Mb L: 3623/3942 MS: 1 ChangeByte-
#1704850	REDUCE cov: 307 ft: 1379 corp: 210/158Kb lim: 4096 exec/s: 17220 rss: 498Mb L: 846/3942 MS: 1 EraseBytes-
#1706951	REDUCE cov: 307 ft: 1379 corp: 210/158Kb lim: 4096 exec/s: 17241 rss: 498Mb L: 804/3942 MS: 1 EraseBytes-
#1725847	REDUCE cov: 307 ft: 1379 corp: 210/158Kb lim: 4096 exec/s: 17258 rss: 498Mb L: 965/3942 MS: 1 EraseBytes-
#1738493	REDUCE cov: 307 ft: 1379 corp: 210/158Kb lim: 4096 exec/s: 17212 rss: 499Mb L: 1398/3942 MS: 1 EraseBytes-
#1747979	REDUCE cov: 307 ft: 1379 corp: 210/158Kb lim: 4096 exec/s: 17137 rss: 500Mb L: 160/3942 MS: 1 EraseBytes-
#1768970	REDUCE cov: 307 ft: 1379 corp: 210/158Kb lim: 4096 exec/s: 17174 rss: 500Mb L: 1743/3942 MS: 1 EraseBytes-
#1812416	REDUCE cov: 307 ft: 1379 corp: 210/158Kb lim: 4096 exec/s: 16938 rss: 500Mb L: 55/3942 MS: 1 EraseBytes-
#1857432	REDUCE cov: 307 ft: 1379 corp: 210/158Kb lim: 4096 exec/s: 16885 rss: 500Mb L: 2336/3942 MS: 1 EraseBytes-
#1920943	REDUCE cov: 307 ft: 1379 corp: 210/158Kb lim: 4096 exec/s: 16703 rss: 500Mb L: 2550/3942 MS: 1 EraseBytes-
#1962289	REDUCE cov: 307 ft: 1379 corp: 210/158Kb lim: 4096 exec/s: 16629 rss: 500Mb L: 193/3942 MS: 1 EraseBytes-
#1972185	REDUCE cov: 307 ft: 1379 corp: 210/158Kb lim: 4096 exec/s: 16572 rss: 500Mb L: 2546/3942 MS: 1 EraseBytes-
#1992384	REDUCE cov: 307 ft: 1379 corp: 210/158Kb lim: 4096 exec/s: 16465 rss: 500Mb L: 103/3942 MS: 4 ChangeBit-ChangeBit-EraseBytes-CopyPart-
#2097152	pulse  cov: 307 ft: 1379 corp: 210/158Kb lim: 4096 exec/s: 16384 rss: 500Mb
#2097305	REDUCE cov: 307 ft: 1379 corp: 210/158Kb lim: 4096 exec/s: 16385 rss: 500Mb L: 2473/3942 MS: 1 EraseBytes-
#2120448	REDUCE cov: 307 ft: 1385 corp: 211/162Kb lim: 4096 exec/s: 16311 rss: 501Mb L: 3800/3942 MS: 3 PersAutoDict-InsertByte-CrossOver- DE: "\304\265\223q\000\000\000\000\000\000\000)\000\000\001\000\000\004\000\000\000\000\001\000\000\000\000\000\000\000\000\000"-
#2121604	REDUCE cov: 307 ft: 1385 corp: 211/161Kb lim: 4096 exec/s: 16320 rss: 501Mb L: 3430/3942 MS: 1 EraseBytes-
#2123595	REDUCE cov: 307 ft: 1385 corp: 211/161Kb lim: 4096 exec/s: 16335 rss: 501Mb L: 3385/3942 MS: 1 EraseBytes-
#2151116	REDUCE cov: 307 ft: 1385 corp: 211/161Kb lim: 4096 exec/s: 16296 rss: 506Mb L: 3359/3942 MS: 1 EraseBytes-
#2214453	REDUCE cov: 307 ft: 1385 corp: 211/161Kb lim: 4096 exec/s: 16163 rss: 510Mb L: 3353/3942 MS: 2 ChangeBit-EraseBytes-
#2233929	REDUCE cov: 307 ft: 1385 corp: 211/161Kb lim: 4096 exec/s: 16187 rss: 510Mb L: 180/3942 MS: 1 EraseBytes-
#2255985	REDUCE cov: 307 ft: 1385 corp: 211/161Kb lim: 4096 exec/s: 16230 rss: 510Mb L: 2464/3942 MS: 1 EraseBytes-
#2266296	REDUCE cov: 307 ft: 1385 corp: 211/161Kb lim: 4096 exec/s: 16187 rss: 510Mb L: 196/3942 MS: 1 EraseBytes-
#2276697	REDUCE cov: 307 ft: 1385 corp: 211/161Kb lim: 4096 exec/s: 16146 rss: 510Mb L: 3325/3942 MS: 1 EraseBytes-
#2288563	REDUCE cov: 307 ft: 1385 corp: 211/161Kb lim: 4096 exec/s: 16230 rss: 510Mb L: 1032/3942 MS: 1 EraseBytes-
#2399754	REDUCE cov: 307 ft: 1385 corp: 211/161Kb lim: 4096 exec/s: 16214 rss: 510Mb L: 134/3942 MS: 1 EraseBytes-
#2457205	REDUCE cov: 307 ft: 1385 corp: 211/161Kb lim: 4096 exec/s: 16165 rss: 510Mb L: 917/3942 MS: 1 EraseBytes-
#2475766	REDUCE cov: 307 ft: 1385 corp: 211/161Kb lim: 4096 exec/s: 16181 rss: 510Mb L: 859/3942 MS: 1 EraseBytes-
#2584277	REDUCE cov: 307 ft: 1385 corp: 211/161Kb lim: 4096 exec/s: 15952 rss: 510Mb L: 2496/3942 MS: 1 EraseBytes-
#2694803	REDUCE cov: 307 ft: 1385 corp: 211/161Kb lim: 4096 exec/s: 15851 rss: 510Mb L: 2446/3942 MS: 1 EraseBytes-
#2700606	REDUCE cov: 307 ft: 1385 corp: 211/161Kb lim: 4096 exec/s: 15793 rss: 510Mb L: 230/3942 MS: 3 ChangeASCIIInt-ChangeASCIIInt-EraseBytes-
#2717867	REDUCE cov: 307 ft: 1385 corp: 211/161Kb lim: 4096 exec/s: 15801 rss: 510Mb L: 440/3942 MS: 1 EraseBytes-
#2784953	REDUCE cov: 307 ft: 1385 corp: 211/161Kb lim: 4096 exec/s: 15734 rss: 510Mb L: 827/3942 MS: 1 EraseBytes-
#2796104	REDUCE cov: 307 ft: 1385 corp: 211/161Kb lim: 4096 exec/s: 15708 rss: 510Mb L: 1026/3942 MS: 1 EraseBytes-
#2810116	NEW    cov: 307 ft: 1389 corp: 212/163Kb lim: 4096 exec/s: 15787 rss: 510Mb L: 2357/3942 MS: 2 InsertByte-CrossOver-
#2816632	REDUCE cov: 307 ft: 1389 corp: 212/163Kb lim: 4096 exec/s: 15735 rss: 510Mb L: 43/3942 MS: 1 EraseBytes-
#2846938	REDUCE cov: 307 ft: 1389 corp: 212/163Kb lim: 4096 exec/s: 15816 rss: 513Mb L: 420/3942 MS: 1 CrossOver-
#2923454	REDUCE cov: 307 ft: 1389 corp: 212/163Kb lim: 4096 exec/s: 15633 rss: 513Mb L: 1006/3942 MS: 1 EraseBytes-
#2927921	REDUCE cov: 307 ft: 1389 corp: 212/163Kb lim: 4096 exec/s: 15657 rss: 513Mb L: 1429/3942 MS: 2 InsertRepeatedBytes-EraseBytes-
#2978992	REDUCE cov: 307 ft: 1389 corp: 212/163Kb lim: 4096 exec/s: 15596 rss: 513Mb L: 883/3942 MS: 1 EraseBytes-
#3072363	REDUCE cov: 307 ft: 1389 corp: 212/163Kb lim: 4096 exec/s: 15439 rss: 513Mb L: 772/3942 MS: 1 EraseBytes-
#3104915	REDUCE cov: 307 ft: 1389 corp: 212/163Kb lim: 4096 exec/s: 15447 rss: 513Mb L: 2347/3942 MS: 2 EraseBytes-InsertRepeatedBytes-
#3139177	REDUCE cov: 307 ft: 1389 corp: 212/163Kb lim: 4096 exec/s: 15463 rss: 513Mb L: 2318/3942 MS: 2 ShuffleBytes-EraseBytes-
#3147009	REDUCE cov: 307 ft: 1389 corp: 212/163Kb lim: 4096 exec/s: 15426 rss: 513Mb L: 54/3942 MS: 2 CopyPart-EraseBytes-
#3160175	REDUCE cov: 307 ft: 1391 corp: 213/165Kb lim: 4096 exec/s: 15415 rss: 513Mb L: 2415/3942 MS: 1 CrossOver-
#3184761	REDUCE cov: 307 ft: 1391 corp: 213/165Kb lim: 4096 exec/s: 15385 rss: 513Mb L: 1472/3942 MS: 1 EraseBytes-
#3239687	REDUCE cov: 307 ft: 1391 corp: 213/165Kb lim: 4096 exec/s: 15353 rss: 514Mb L: 1338/3942 MS: 1 EraseBytes-
#3267159	REDUCE cov: 307 ft: 1391 corp: 213/165Kb lim: 4096 exec/s: 15338 rss: 514Mb L: 2905/3942 MS: 2 ChangeBit-EraseBytes-
#3274390	REDUCE cov: 307 ft: 1391 corp: 213/165Kb lim: 4096 exec/s: 15300 rss: 514Mb L: 516/3942 MS: 1 EraseBytes-
#3309496	REDUCE cov: 307 ft: 1391 corp: 213/165Kb lim: 4096 exec/s: 15321 rss: 514Mb L: 67/3942 MS: 1 EraseBytes-
#3377924	REDUCE cov: 307 ft: 1391 corp: 213/165Kb lim: 4096 exec/s: 15284 rss: 514Mb L: 2756/3942 MS: 3 ChangeBit-ChangeBinInt-EraseBytes-
#3379244	REDUCE cov: 307 ft: 1391 corp: 213/165Kb lim: 4096 exec/s: 15290 rss: 514Mb L: 114/3942 MS: 5 CMP-ShuffleBytes-EraseBytes-ChangeBinInt-ChangeBinInt- DE: "\304\265\223q\340\001\000\000\000\000\000\000\000\000\001\000\000\000\000\000\000\000\002\304\265\223q\340\231_\000\002"-
#3411585	REDUCE cov: 307 ft: 1391 corp: 213/165Kb lim: 4096 exec/s: 15298 rss: 514Mb L: 2295/3942 MS: 1 CrossOver-
#3424506	REDUCE cov: 307 ft: 1391 corp: 213/165Kb lim: 4096 exec/s: 15287 rss: 514Mb L: 1446/3942 MS: 1 EraseBytes-
#3428877	REDUCE cov: 307 ft: 1391 corp: 213/164Kb lim: 4096 exec/s: 15239 rss: 514Mb L: 2296/3942 MS: 1 EraseBytes-
#3433998	REDUCE cov: 307 ft: 1391 corp: 213/164Kb lim: 4096 exec/s: 15262 rss: 514Mb L: 789/3942 MS: 1 EraseBytes-
#3441315	REDUCE cov: 307 ft: 1392 corp: 214/166Kb lim: 4096 exec/s: 15227 rss: 514Mb L: 1180/3942 MS: 2 CopyPart-CMP- DE: "\304\000\000\000\000\000\000\002\304\265\223q\340\231\000\271\000\000)\000\000\001\000\000\001\000\000\000\000\000\000\000"-
#3469762	REDUCE cov: 307 ft: 1392 corp: 214/166Kb lim: 4096 exec/s: 15218 rss: 515Mb L: 183/3942 MS: 2 ChangeBinInt-EraseBytes-
#3494978	REDUCE cov: 307 ft: 1392 corp: 214/166Kb lim: 4096 exec/s: 15195 rss: 515Mb L: 1025/3942 MS: 1 EraseBytes-
#3503039	REDUCE cov: 307 ft: 1392 corp: 214/166Kb lim: 4096 exec/s: 15230 rss: 515Mb L: 1041/3942 MS: 1 EraseBytes-
#3505306	REDUCE cov: 307 ft: 1392 corp: 214/166Kb lim: 4096 exec/s: 15240 rss: 515Mb L: 66/3942 MS: 2 ChangeBit-EraseBytes-
#3513558	REDUCE cov: 307 ft: 1392 corp: 214/165Kb lim: 4096 exec/s: 15210 rss: 515Mb L: 3242/3942 MS: 2 ShuffleBytes-EraseBytes-
#3530339	REDUCE cov: 307 ft: 1392 corp: 214/165Kb lim: 4096 exec/s: 15151 rss: 515Mb L: 870/3942 MS: 1 EraseBytes-
#3534431	REDUCE cov: 307 ft: 1394 corp: 215/169Kb lim: 4096 exec/s: 15169 rss: 515Mb L: 3431/3942 MS: 2 PersAutoDict-CrossOver- DE: "\304\265\223q\340\031_\020\232\300\032\243\265\362\353\374\373\241\000\000\002\000\000\000\000\345\002\000\000)\000\000"-
#3544098	NEW    cov: 308 ft: 1397 corp: 216/172Kb lim: 4096 exec/s: 15145 rss: 515Mb L: 3478/3942 MS: 2 CopyPart-CMP- DE: "\320\377\377\377"-
#3546604	NEW    cov: 308 ft: 1398 corp: 217/176Kb lim: 4096 exec/s: 15156 rss: 515Mb L: 3431/3942 MS: 1 ShuffleBytes-
#3546821	NEW    cov: 308 ft: 1400 corp: 218/179Kb lim: 4096 exec/s: 15157 rss: 515Mb L: 3431/3942 MS: 2 ShuffleBytes-ShuffleBytes-
#3564283	NEW    cov: 308 ft: 1401 corp: 219/182Kb lim: 4096 exec/s: 15102 rss: 517Mb L: 3435/3942 MS: 2 PersAutoDict-ChangeBit- DE: "\000\000\000H"-
#3577632	NEW    cov: 308 ft: 1403 corp: 220/186Kb lim: 4096 exec/s: 15159 rss: 521Mb L: 3478/3942 MS: 4 ChangeByte-ChangeASCIIInt-ChangeByte-ChangeBit-
#3635383	REDUCE cov: 308 ft: 1403 corp: 220/186Kb lim: 4096 exec/s: 15084 rss: 525Mb L: 2399/3942 MS: 1 EraseBytes-
#3664162	NEW    cov: 308 ft: 1405 corp: 221/189Kb lim: 4096 exec/s: 15078 rss: 525Mb L: 3274/3942 MS: 4 ChangeBit-InsertByte-ChangeBinInt-EraseBytes-
#3717792	REDUCE cov: 308 ft: 1405 corp: 221/189Kb lim: 4096 exec/s: 15051 rss: 525Mb L: 1181/3942 MS: 5 EraseBytes-ChangeBinInt-InsertRepeatedBytes-ChangeASCIIInt-PersAutoDict- DE: "\304\265\216q\340\031_\020\232\300\030\243\265\362\353\374\373\241\000\000\002\000\000\000\000\000\000\000\000)\000\000"-
#3718898	REDUCE cov: 308 ft: 1405 corp: 221/189Kb lim: 4096 exec/s: 15056 rss: 525Mb L: 2392/3942 MS: 1 EraseBytes-
#3725875	REDUCE cov: 308 ft: 1405 corp: 221/189Kb lim: 4096 exec/s: 15023 rss: 525Mb L: 703/3942 MS: 2 ChangeBit-EraseBytes-
#3739277	REDUCE cov: 308 ft: 1405 corp: 221/188Kb lim: 4096 exec/s: 15017 rss: 525Mb L: 1222/3942 MS: 2 ChangeByte-EraseBytes-
#3793580	REDUCE cov: 308 ft: 1405 corp: 221/188Kb lim: 4096 exec/s: 14935 rss: 525Mb L: 451/3942 MS: 3 ChangeBit-ShuffleBytes-EraseBytes-
#3806061	REDUCE cov: 308 ft: 1405 corp: 221/188Kb lim: 4096 exec/s: 14925 rss: 525Mb L: 415/3942 MS: 1 EraseBytes-
#3810047	REDUCE cov: 308 ft: 1405 corp: 221/188Kb lim: 4096 exec/s: 14882 rss: 525Mb L: 3420/3942 MS: 1 EraseBytes-
#3875575	REDUCE cov: 309 ft: 1407 corp: 222/192Kb lim: 4096 exec/s: 14792 rss: 525Mb L: 3420/3942 MS: 2 ChangeASCIIInt-PersAutoDict- DE: "\000\000\000H"-
#3901283	REDUCE cov: 309 ft: 1407 corp: 222/192Kb lim: 4096 exec/s: 14777 rss: 525Mb L: 206/3942 MS: 3 ShuffleBytes-ChangeBit-EraseBytes-
#3936675	NEW    cov: 309 ft: 1408 corp: 223/195Kb lim: 4096 exec/s: 14744 rss: 525Mb L: 3420/3942 MS: 2 ChangeASCIIInt-CopyPart-
#3975456	REDUCE cov: 309 ft: 1408 corp: 223/195Kb lim: 4096 exec/s: 14669 rss: 525Mb L: 410/3942 MS: 1 EraseBytes-
#3993611	REDUCE cov: 309 ft: 1408 corp: 223/195Kb lim: 4096 exec/s: 14682 rss: 525Mb L: 1000/3942 MS: 5 ShuffleBytes-EraseBytes-ChangeBit-ChangeASCIIInt-ChangeASCIIInt-
#4015477	REDUCE cov: 309 ft: 1408 corp: 223/195Kb lim: 4096 exec/s: 14655 rss: 525Mb L: 3407/3942 MS: 1 EraseBytes-
#4035099	REDUCE cov: 309 ft: 1408 corp: 223/195Kb lim: 4096 exec/s: 14619 rss: 525Mb L: 2250/3942 MS: 2 ShuffleBytes-EraseBytes-
#4040000	NEW    cov: 309 ft: 1410 corp: 224/199Kb lim: 4096 exec/s: 14584 rss: 525Mb L: 3948/3948 MS: 1 CopyPart-
#4057186	REDUCE cov: 309 ft: 1410 corp: 224/199Kb lim: 4096 exec/s: 14594 rss: 525Mb L: 689/3948 MS: 1 EraseBytes-
#4079003	REDUCE cov: 309 ft: 1410 corp: 224/198Kb lim: 4096 exec/s: 14567 rss: 525Mb L: 3010/3948 MS: 2 ChangeBinInt-EraseBytes-
#4170477	REDUCE cov: 309 ft: 1410 corp: 224/198Kb lim: 4096 exec/s: 14480 rss: 525Mb L: 2268/3948 MS: 4 CrossOver-ChangeBinInt-CMP-EraseBytes- DE: "\376\377\377U"-
#4194304	pulse  cov: 309 ft: 1410 corp: 224/198Kb lim: 4096 exec/s: 14463 rss: 526Mb
#4209595	REDUCE cov: 309 ft: 1410 corp: 224/198Kb lim: 4096 exec/s: 14465 rss: 526Mb L: 722/3948 MS: 3 CopyPart-ChangeBit-EraseBytes-
#4294814	REDUCE cov: 309 ft: 1410 corp: 224/198Kb lim: 4096 exec/s: 14363 rss: 526Mb L: 2906/3948 MS: 4 ChangeBit-ChangeBinInt-ChangeByte-EraseBytes-
#4305056	REDUCE cov: 309 ft: 1410 corp: 224/198Kb lim: 4096 exec/s: 14350 rss: 526Mb L: 117/3948 MS: 2 ChangeBit-EraseBytes-
#4312514	NEW    cov: 309 ft: 1411 corp: 225/202Kb lim: 4096 exec/s: 14327 rss: 526Mb L: 3948/3948 MS: 3 ChangeBit-ChangeBit-ChangeBinInt-
#4345220	REDUCE cov: 309 ft: 1411 corp: 225/202Kb lim: 4096 exec/s: 14293 rss: 526Mb L: 1164/3948 MS: 1 EraseBytes-
#4359933	REDUCE cov: 309 ft: 1411 corp: 225/202Kb lim: 4096 exec/s: 14248 rss: 526Mb L: 976/3948 MS: 3 CrossOver-EraseBytes-InsertRepeatedBytes-
#4366944	REDUCE cov: 309 ft: 1411 corp: 225/202Kb lim: 4096 exec/s: 14271 rss: 526Mb L: 201/3948 MS: 1 EraseBytes-
#4370370	REDUCE cov: 309 ft: 1411 corp: 225/202Kb lim: 4096 exec/s: 14282 rss: 527Mb L: 512/3948 MS: 1 EraseBytes-
#4376564	REDUCE cov: 309 ft: 1411 corp: 225/200Kb lim: 4096 exec/s: 14255 rss: 527Mb L: 1542/3948 MS: 4 ChangeBinInt-ChangeBit-ShuffleBytes-EraseBytes-
#4379005	REDUCE cov: 309 ft: 1411 corp: 225/200Kb lim: 4096 exec/s: 14263 rss: 527Mb L: 1854/3948 MS: 1 EraseBytes-
#4380001	REDUCE cov: 309 ft: 1411 corp: 225/200Kb lim: 4096 exec/s: 14267 rss: 527Mb L: 836/3948 MS: 1 EraseBytes-
#4418052	REDUCE cov: 310 ft: 1412 corp: 226/203Kb lim: 4096 exec/s: 14251 rss: 527Mb L: 2906/3948 MS: 1 PersAutoDict- DE: "\376\377\377U"-
#4427144	REDUCE cov: 310 ft: 1412 corp: 226/203Kb lim: 4096 exec/s: 14235 rss: 527Mb L: 257/3948 MS: 2 CopyPart-EraseBytes-
#4434915	REDUCE cov: 310 ft: 1412 corp: 226/203Kb lim: 4096 exec/s: 14214 rss: 527Mb L: 503/3948 MS: 1 EraseBytes-
#4438122	REDUCE cov: 310 ft: 1412 corp: 226/203Kb lim: 4096 exec/s: 14224 rss: 527Mb L: 313/3948 MS: 2 ShuffleBytes-EraseBytes-
#4446143	REDUCE cov: 310 ft: 1412 corp: 226/203Kb lim: 4096 exec/s: 14204 rss: 527Mb L: 2317/3948 MS: 1 EraseBytes-
#4449280	REDUCE cov: 310 ft: 1412 corp: 226/203Kb lim: 4096 exec/s: 14214 rss: 527Mb L: 466/3948 MS: 2 ChangeBinInt-EraseBytes-
#4502936	REDUCE cov: 310 ft: 1412 corp: 226/203Kb lim: 4096 exec/s: 14115 rss: 528Mb L: 775/3948 MS: 1 EraseBytes-
#4521403	REDUCE cov: 310 ft: 1412 corp: 226/203Kb lim: 4096 exec/s: 14085 rss: 528Mb L: 3334/3948 MS: 2 ChangeBit-EraseBytes-
#4611729	REDUCE cov: 310 ft: 1412 corp: 226/203Kb lim: 4096 exec/s: 14103 rss: 528Mb L: 169/3948 MS: 1 EraseBytes-
#4618673	REDUCE cov: 310 ft: 1412 corp: 226/203Kb lim: 4096 exec/s: 14081 rss: 528Mb L: 196/3948 MS: 4 PersAutoDict-ChangeASCIIInt-ChangeByte-EraseBytes- DE: "\320\377\377\377"-
#4640694	REDUCE cov: 310 ft: 1412 corp: 226/203Kb lim: 4096 exec/s: 14062 rss: 529Mb L: 351/3948 MS: 1 EraseBytes-
#4652331	REDUCE cov: 310 ft: 1412 corp: 226/203Kb lim: 4096 exec/s: 14055 rss: 529Mb L: 740/3948 MS: 2 ChangeByte-EraseBytes-
#4654527	REDUCE cov: 310 ft: 1412 corp: 226/203Kb lim: 4096 exec/s: 14062 rss: 529Mb L: 2214/3948 MS: 1 EraseBytes-
#4668500	REDUCE cov: 310 ft: 1412 corp: 226/203Kb lim: 4096 exec/s: 14019 rss: 529Mb L: 1024/3948 MS: 3 ShuffleBytes-PersAutoDict-EraseBytes- DE: "\000\000\000H"-
#4693528	REDUCE cov: 310 ft: 1412 corp: 226/203Kb lim: 4096 exec/s: 14010 rss: 529Mb L: 704/3948 MS: 3 ChangeByte-CMP-EraseBytes- DE: "\207\000\000\000"-
#4730939	REDUCE cov: 310 ft: 1412 corp: 226/203Kb lim: 4096 exec/s: 13955 rss: 529Mb L: 621/3948 MS: 1 EraseBytes-
#4789120	REDUCE cov: 310 ft: 1412 corp: 226/203Kb lim: 4096 exec/s: 13921 rss: 529Mb L: 209/3948 MS: 1 EraseBytes-
#4808121	REDUCE cov: 310 ft: 1412 corp: 226/203Kb lim: 4096 exec/s: 13936 rss: 530Mb L: 2020/3948 MS: 1 EraseBytes-
#4869007	REDUCE cov: 310 ft: 1412 corp: 226/203Kb lim: 4096 exec/s: 13832 rss: 530Mb L: 3501/3948 MS: 1 EraseBytes-
#4904333	REDUCE cov: 310 ft: 1412 corp: 226/203Kb lim: 4096 exec/s: 13815 rss: 530Mb L: 2390/3948 MS: 1 EraseBytes-
#4964954	REDUCE cov: 310 ft: 1412 corp: 226/203Kb lim: 4096 exec/s: 13715 rss: 530Mb L: 3198/3948 MS: 1 EraseBytes-
#4992741	REDUCE cov: 310 ft: 1412 corp: 226/203Kb lim: 4096 exec/s: 13716 rss: 530Mb L: 1148/3948 MS: 2 ChangeByte-EraseBytes-
#5033427	REDUCE cov: 310 ft: 1412 corp: 226/203Kb lim: 4096 exec/s: 13677 rss: 530Mb L: 2894/3948 MS: 1 EraseBytes-
#5058563	REDUCE cov: 310 ft: 1412 corp: 226/203Kb lim: 4096 exec/s: 13671 rss: 531Mb L: 176/3948 MS: 1 EraseBytes-
#5077384	REDUCE cov: 310 ft: 1412 corp: 226/203Kb lim: 4096 exec/s: 13685 rss: 531Mb L: 228/3948 MS: 1 EraseBytes-
#5099620	REDUCE cov: 310 ft: 1412 corp: 226/202Kb lim: 4096 exec/s: 13671 rss: 531Mb L: 1991/3948 MS: 1 EraseBytes-
#5213076	REDUCE cov: 310 ft: 1412 corp: 226/202Kb lim: 4096 exec/s: 13646 rss: 532Mb L: 974/3948 MS: 1 EraseBytes-
#5214822	REDUCE cov: 310 ft: 1412 corp: 226/202Kb lim: 4096 exec/s: 13651 rss: 532Mb L: 192/3948 MS: 1 EraseBytes-
#5237948	REDUCE cov: 310 ft: 1412 corp: 226/202Kb lim: 4096 exec/s: 13640 rss: 532Mb L: 53/3948 MS: 1 EraseBytes-
#5263740	REDUCE cov: 310 ft: 1412 corp: 226/202Kb lim: 4096 exec/s: 13601 rss: 533Mb L: 457/3948 MS: 2 ChangeBinInt-EraseBytes-
#5268422	REDUCE cov: 310 ft: 1412 corp: 226/202Kb lim: 4096 exec/s: 13578 rss: 533Mb L: 1199/3948 MS: 2 EraseBytes-PersAutoDict- DE: "\304\265\223q\000\000\000\000\000\000\000)\000\000\001\000\000\004\000\000\000\000\001\000\000\000\000\000\000\000\000\000"-
#5347118	REDUCE cov: 310 ft: 1412 corp: 226/202Kb lim: 4096 exec/s: 13537 rss: 533Mb L: 2225/3948 MS: 1 EraseBytes-
#5359554	REDUCE cov: 310 ft: 1412 corp: 226/202Kb lim: 4096 exec/s: 13500 rss: 533Mb L: 502/3948 MS: 1 EraseBytes-
#5369555	REDUCE cov: 310 ft: 1412 corp: 226/202Kb lim: 4096 exec/s: 13491 rss: 533Mb L: 1884/3948 MS: 1 EraseBytes-
#5404741	REDUCE cov: 310 ft: 1412 corp: 226/202Kb lim: 4096 exec/s: 13444 rss: 533Mb L: 3460/3948 MS: 1 EraseBytes-
#5408897	REDUCE cov: 310 ft: 1412 corp: 226/202Kb lim: 4096 exec/s: 13421 rss: 533Mb L: 106/3948 MS: 1 EraseBytes-
#5415504	REDUCE cov: 310 ft: 1412 corp: 226/202Kb lim: 4096 exec/s: 13437 rss: 533Mb L: 1969/3948 MS: 2 ChangeBinInt-EraseBytes-
#5444808	REDUCE cov: 310 ft: 1412 corp: 226/202Kb lim: 4096 exec/s: 13410 rss: 533Mb L: 3243/3948 MS: 4 ShuffleBytes-CopyPart-PersAutoDict-EraseBytes- DE: "\304\265\223q\340\231_\253\232\000\362\000\000\000\000\000\000.\000\001\000\000\000\000\000\000\000\000\000)\000\000"-
#5445985	NEW    cov: 310 ft: 1413 corp: 227/205Kb lim: 4096 exec/s: 13380 rss: 533Mb L: 3431/3948 MS: 2 ChangeASCIIInt-ChangeBit-
#5447636	REDUCE cov: 310 ft: 1413 corp: 227/205Kb lim: 4096 exec/s: 13384 rss: 533Mb L: 227/3948 MS: 1 EraseBytes-
#5532680	REDUCE cov: 310 ft: 1413 corp: 227/204Kb lim: 4096 exec/s: 13299 rss: 534Mb L: 2697/3948 MS: 4 ChangeASCIIInt-ChangeBinInt-ChangeBit-EraseBytes-
#5556063	REDUCE cov: 310 ft: 1413 corp: 227/204Kb lim: 4096 exec/s: 13260 rss: 534Mb L: 66/3948 MS: 3 CopyPart-EraseBytes-EraseBytes-
#5556929	REDUCE cov: 310 ft: 1413 corp: 227/204Kb lim: 4096 exec/s: 13262 rss: 534Mb L: 51/3948 MS: 1 EraseBytes-
#5566121	REDUCE cov: 310 ft: 1413 corp: 227/204Kb lim: 4096 exec/s: 13252 rss: 534Mb L: 43/3948 MS: 1 EraseBytes-
#5574929	REDUCE cov: 310 ft: 1413 corp: 227/204Kb lim: 4096 exec/s: 13242 rss: 535Mb L: 861/3948 MS: 1 EraseBytes-
#5589722	REDUCE cov: 310 ft: 1413 corp: 227/204Kb lim: 4096 exec/s: 13245 rss: 535Mb L: 1130/3948 MS: 3 ChangeBit-CMP-EraseBytes- DE: "\014\000\000\000\000\000\000\000"-
#5605354	REDUCE cov: 310 ft: 1413 corp: 227/204Kb lim: 4096 exec/s: 13251 rss: 535Mb L: 2002/3948 MS: 2 ChangeBit-EraseBytes-
#5619813	REDUCE cov: 310 ft: 1415 corp: 228/208Kb lim: 4096 exec/s: 13223 rss: 535Mb L: 3829/3948 MS: 4 PersAutoDict-ChangeBinInt-CrossOver-CrossOver- DE: "\304\265\223q\340\231_\253\232\000\362\000\000\000\000\000\000.\000\001\000\000\000\000\000\000\000\000\000)\000\000"-
#5656414	REDUCE cov: 310 ft: 1415 corp: 228/208Kb lim: 4096 exec/s: 13215 rss: 540Mb L: 3745/3948 MS: 1 CrossOver-
#5675080	REDUCE cov: 310 ft: 1415 corp: 228/207Kb lim: 4096 exec/s: 13197 rss: 540Mb L: 3160/3948 MS: 1 EraseBytes-
#5694203	REDUCE cov: 310 ft: 1415 corp: 228/207Kb lim: 4096 exec/s: 13181 rss: 540Mb L: 3009/3948 MS: 3 ShuffleBytes-ShuffleBytes-EraseBytes-
#5782250	REDUCE cov: 310 ft: 1415 corp: 228/207Kb lim: 4096 exec/s: 13111 rss: 540Mb L: 983/3948 MS: 2 EraseBytes-ShuffleBytes-
#5865457	REDUCE cov: 310 ft: 1415 corp: 228/207Kb lim: 4096 exec/s: 13005 rss: 540Mb L: 314/3948 MS: 2 ShuffleBytes-EraseBytes-
#5868418	REDUCE cov: 310 ft: 1415 corp: 228/207Kb lim: 4096 exec/s: 13012 rss: 540Mb L: 36/3948 MS: 1 EraseBytes-
#5933104	REDUCE cov: 310 ft: 1415 corp: 228/207Kb lim: 4096 exec/s: 12954 rss: 540Mb L: 1029/3948 MS: 1 EraseBytes-
#5937930	REDUCE cov: 310 ft: 1415 corp: 228/207Kb lim: 4096 exec/s: 12936 rss: 540Mb L: 2993/3948 MS: 1 EraseBytes-
#5951422	REDUCE cov: 310 ft: 1415 corp: 228/207Kb lim: 4096 exec/s: 12937 rss: 540Mb L: 222/3948 MS: 2 CopyPart-EraseBytes-
#5956083	REDUCE cov: 310 ft: 1415 corp: 228/207Kb lim: 4096 exec/s: 12948 rss: 540Mb L: 2888/3948 MS: 1 EraseBytes-
#5956429	REDUCE cov: 310 ft: 1415 corp: 228/207Kb lim: 4096 exec/s: 12948 rss: 540Mb L: 191/3948 MS: 1 EraseBytes-
#5962670	REDUCE cov: 310 ft: 1415 corp: 228/207Kb lim: 4096 exec/s: 12934 rss: 540Mb L: 257/3948 MS: 1 EraseBytes-
#5990482	REDUCE cov: 310 ft: 1415 corp: 228/207Kb lim: 4096 exec/s: 12938 rss: 540Mb L: 114/3948 MS: 2 CrossOver-EraseBytes-
#6001163	REDUCE cov: 310 ft: 1415 corp: 228/207Kb lim: 4096 exec/s: 12933 rss: 540Mb L: 658/3948 MS: 1 EraseBytes-
#6056264	REDUCE cov: 310 ft: 1415 corp: 228/207Kb lim: 4096 exec/s: 12885 rss: 540Mb L: 184/3948 MS: 1 EraseBytes-
#6060766	REDUCE cov: 310 ft: 1415 corp: 228/207Kb lim: 4096 exec/s: 12867 rss: 540Mb L: 90/3948 MS: 2 ChangeBit-EraseBytes-
#6073902	REDUCE cov: 310 ft: 1415 corp: 228/207Kb lim: 4096 exec/s: 12868 rss: 540Mb L: 89/3948 MS: 1 EraseBytes-
#6085835	REDUCE cov: 310 ft: 1415 corp: 228/207Kb lim: 4096 exec/s: 12866 rss: 540Mb L: 2251/3948 MS: 2 PersAutoDict-EraseBytes- DE: "\000\000\000H"-
#6086309	REDUCE cov: 310 ft: 1415 corp: 228/207Kb lim: 4096 exec/s: 12867 rss: 540Mb L: 3333/3948 MS: 4 CMP-ShuffleBytes-PersAutoDict-EraseBytes- DE: "\001\000\000\000\000\000\000\020"-"\001\000"-
#6112434	REDUCE cov: 310 ft: 1415 corp: 228/207Kb lim: 4096 exec/s: 12868 rss: 540Mb L: 564/3948 MS: 5 ShuffleBytes-InsertByte-ChangeByte-EraseBytes-InsertByte-
#6161545	REDUCE cov: 310 ft: 1415 corp: 228/207Kb lim: 4096 exec/s: 12836 rss: 540Mb L: 671/3948 MS: 1 EraseBytes-
#6191024	REDUCE cov: 310 ft: 1415 corp: 228/207Kb lim: 4096 exec/s: 12817 rss: 540Mb L: 1686/3948 MS: 4 EraseBytes-InsertRepeatedBytes-InsertByte-ShuffleBytes-
#6233864	REDUCE cov: 310 ft: 1415 corp: 228/207Kb lim: 4096 exec/s: 12774 rss: 540Mb L: 173/3948 MS: 5 ChangeBit-ChangeBinInt-ChangeBinInt-ShuffleBytes-EraseBytes-
#6237876	REDUCE cov: 310 ft: 1415 corp: 228/207Kb lim: 4096 exec/s: 12782 rss: 540Mb L: 852/3948 MS: 2 ChangeBinInt-EraseBytes-
#6297707	REDUCE cov: 310 ft: 1415 corp: 228/207Kb lim: 4096 exec/s: 12748 rss: 540Mb L: 88/3948 MS: 1 EraseBytes-
#6322139	REDUCE cov: 310 ft: 1415 corp: 228/207Kb lim: 4096 exec/s: 12720 rss: 540Mb L: 3939/3948 MS: 2 ShuffleBytes-EraseBytes-
#6326133	REDUCE cov: 310 ft: 1415 corp: 228/207Kb lim: 4096 exec/s: 12728 rss: 540Mb L: 3239/3948 MS: 4 ChangeByte-ChangeBit-ChangeASCIIInt-EraseBytes-
#6329224	REDUCE cov: 310 ft: 1415 corp: 228/207Kb lim: 4096 exec/s: 12734 rss: 540Mb L: 111/3948 MS: 1 EraseBytes-
#6337612	REDUCE cov: 310 ft: 1415 corp: 228/207Kb lim: 4096 exec/s: 12726 rss: 540Mb L: 86/3948 MS: 3 ChangeBit-ChangeByte-EraseBytes-
#6346258	REDUCE cov: 310 ft: 1415 corp: 228/207Kb lim: 4096 exec/s: 12717 rss: 540Mb L: 84/3948 MS: 1 EraseBytes-
#6352734	REDUCE cov: 310 ft: 1415 corp: 228/207Kb lim: 4096 exec/s: 12705 rss: 540Mb L: 448/3948 MS: 5 ChangeBinInt-PersAutoDict-ChangeBit-PersAutoDict-EraseBytes- DE: "\001\000"-"\207\000\000\000"-
#6360551	REDUCE cov: 310 ft: 1415 corp: 228/206Kb lim: 4096 exec/s: 12695 rss: 541Mb L: 1127/3948 MS: 1 EraseBytes-
#6414444	REDUCE cov: 310 ft: 1415 corp: 228/206Kb lim: 4096 exec/s: 12651 rss: 541Mb L: 1047/3948 MS: 3 ShuffleBytes-PersAutoDict-EraseBytes- DE: "\320\377\377\377"-
#6430151	REDUCE cov: 310 ft: 1415 corp: 228/206Kb lim: 4096 exec/s: 12632 rss: 541Mb L: 520/3948 MS: 2 ChangeASCIIInt-EraseBytes-
#6466187	REDUCE cov: 310 ft: 1415 corp: 228/206Kb lim: 4096 exec/s: 12604 rss: 541Mb L: 1959/3948 MS: 1 EraseBytes-
#6505568	REDUCE cov: 310 ft: 1415 corp: 228/206Kb lim: 4096 exec/s: 12583 rss: 542Mb L: 942/3948 MS: 1 EraseBytes-
#6536124	NEW    cov: 311 ft: 1416 corp: 229/209Kb lim: 4096 exec/s: 12569 rss: 542Mb L: 3435/3948 MS: 1 ChangeBit-
#6559169	REDUCE cov: 311 ft: 1416 corp: 229/209Kb lim: 4096 exec/s: 12565 rss: 542Mb L: 2816/3948 MS: 5 ChangeByte-ChangeASCIIInt-ChangeASCIIInt-ChangeASCIIInt-EraseBytes-
#6636411	REDUCE cov: 311 ft: 1416 corp: 229/209Kb lim: 4096 exec/s: 12568 rss: 543Mb L: 580/3948 MS: 2 ChangeBinInt-EraseBytes-
#6861743	REDUCE cov: 311 ft: 1416 corp: 229/209Kb lim: 4096 exec/s: 12498 rss: 543Mb L: 527/3948 MS: 2 ShuffleBytes-EraseBytes-
#6898260	REDUCE cov: 311 ft: 1416 corp: 229/209Kb lim: 4096 exec/s: 12519 rss: 544Mb L: 2321/3948 MS: 2 EraseBytes-CopyPart-
#6926602	REDUCE cov: 311 ft: 1416 corp: 229/209Kb lim: 4096 exec/s: 12502 rss: 544Mb L: 2766/3948 MS: 2 ChangeByte-EraseBytes-
#6934099	REDUCE cov: 311 ft: 1418 corp: 230/212Kb lim: 4096 exec/s: 12493 rss: 544Mb L: 2766/3948 MS: 2 ChangeBinInt-ShuffleBytes-
#6940951	REDUCE cov: 311 ft: 1418 corp: 230/212Kb lim: 4096 exec/s: 12506 rss: 544Mb L: 312/3948 MS: 2 ChangeBinInt-EraseBytes-
#7007742	REDUCE cov: 311 ft: 1418 corp: 230/212Kb lim: 4096 exec/s: 12491 rss: 545Mb L: 2602/3948 MS: 1 EraseBytes-
#7012393	REDUCE cov: 311 ft: 1418 corp: 230/212Kb lim: 4096 exec/s: 12477 rss: 545Mb L: 1961/3948 MS: 1 EraseBytes-
#7029429	REDUCE cov: 311 ft: 1418 corp: 230/212Kb lim: 4096 exec/s: 12485 rss: 545Mb L: 834/3948 MS: 1 EraseBytes-
#7039371	REDUCE cov: 311 ft: 1418 corp: 230/212Kb lim: 4096 exec/s: 12481 rss: 545Mb L: 2718/3948 MS: 2 ShuffleBytes-EraseBytes-
#7045848	REDUCE cov: 311 ft: 1418 corp: 230/212Kb lim: 4096 exec/s: 12470 rss: 545Mb L: 411/3948 MS: 2 ChangeByte-EraseBytes-
#7134905	REDUCE cov: 311 ft: 1418 corp: 230/211Kb lim: 4096 exec/s: 12451 rss: 545Mb L: 2224/3948 MS: 2 InsertByte-EraseBytes-
#7172051	REDUCE cov: 311 ft: 1418 corp: 230/211Kb lim: 4096 exec/s: 12429 rss: 545Mb L: 125/3948 MS: 1 EraseBytes-
#7183363	REDUCE cov: 311 ft: 1418 corp: 230/211Kb lim: 4096 exec/s: 12427 rss: 545Mb L: 2320/3948 MS: 2 ChangeBinInt-EraseBytes-
#7235765	REDUCE cov: 311 ft: 1418 corp: 230/211Kb lim: 4096 exec/s: 12411 rss: 545Mb L: 1827/3948 MS: 2 ChangeByte-EraseBytes-
#7282752	REDUCE cov: 311 ft: 1418 corp: 230/211Kb lim: 4096 exec/s: 12406 rss: 545Mb L: 1952/3948 MS: 2 ChangeByte-EraseBytes-
#7289819	REDUCE cov: 311 ft: 1419 corp: 231/215Kb lim: 4096 exec/s: 12397 rss: 545Mb L: 3791/3948 MS: 2 CopyPart-ChangeBinInt-
#7289840	REDUCE cov: 311 ft: 1419 corp: 231/215Kb lim: 4096 exec/s: 12397 rss: 545Mb L: 3553/3948 MS: 1 EraseBytes-
#7290741	REDUCE cov: 311 ft: 1419 corp: 231/214Kb lim: 4096 exec/s: 12399 rss: 545Mb L: 3159/3948 MS: 1 EraseBytes-
#7296190	REDUCE cov: 311 ft: 1419 corp: 231/214Kb lim: 4096 exec/s: 12408 rss: 545Mb L: 2747/3948 MS: 4 ChangeASCIIInt-CMP-PersAutoDict-EraseBytes- DE: "\000\000\000\000\000\000\000&"-"\000\000\000H"-
#7300647	REDUCE cov: 311 ft: 1419 corp: 231/214Kb lim: 4096 exec/s: 12394 rss: 545Mb L: 2705/3948 MS: 2 ShuffleBytes-EraseBytes-
#7312733	REDUCE cov: 311 ft: 1419 corp: 231/214Kb lim: 4096 exec/s: 12394 rss: 545Mb L: 2506/3948 MS: 1 EraseBytes-
#7314111	REDUCE cov: 311 ft: 1419 corp: 231/214Kb lim: 4096 exec/s: 12396 rss: 545Mb L: 2481/3948 MS: 3 ChangeByte-ShuffleBytes-EraseBytes-
#7383223	REDUCE cov: 311 ft: 1419 corp: 231/214Kb lim: 4096 exec/s: 12408 rss: 546Mb L: 2437/3948 MS: 2 ChangeASCIIInt-EraseBytes-
#7443240	REDUCE cov: 311 ft: 1419 corp: 231/214Kb lim: 4096 exec/s: 12405 rss: 546Mb L: 1428/3948 MS: 2 ChangeBinInt-EraseBytes-
#7518128	REDUCE cov: 311 ft: 1419 corp: 231/214Kb lim: 4096 exec/s: 12385 rss: 546Mb L: 731/3948 MS: 3 ChangeBinInt-ChangeByte-EraseBytes-
#7575404	REDUCE cov: 311 ft: 1419 corp: 231/214Kb lim: 4096 exec/s: 12378 rss: 546Mb L: 2373/3948 MS: 1 EraseBytes-
#7609797	REDUCE cov: 311 ft: 1419 corp: 231/214Kb lim: 4096 exec/s: 12353 rss: 546Mb L: 2317/3948 MS: 3 ChangeBinInt-EraseBytes-CrossOver-
#7639218	REDUCE cov: 311 ft: 1419 corp: 231/213Kb lim: 4096 exec/s: 12341 rss: 546Mb L: 1911/3948 MS: 1 EraseBytes-
#7640219	REDUCE cov: 311 ft: 1419 corp: 231/213Kb lim: 4096 exec/s: 12342 rss: 546Mb L: 3237/3948 MS: 1 EraseBytes-
#7661790	REDUCE cov: 311 ft: 1419 corp: 231/213Kb lim: 4096 exec/s: 12317 rss: 546Mb L: 1770/3948 MS: 1 EraseBytes-
#7672177	REDUCE cov: 311 ft: 1419 corp: 231/213Kb lim: 4096 exec/s: 12314 rss: 546Mb L: 816/3948 MS: 1 EraseBytes-
#7684453	REDUCE cov: 311 ft: 1419 corp: 231/213Kb lim: 4096 exec/s: 12314 rss: 546Mb L: 3488/3948 MS: 1 EraseBytes-
#7728829	REDUCE cov: 311 ft: 1419 corp: 231/213Kb lim: 4096 exec/s: 12307 rss: 546Mb L: 211/3948 MS: 1 EraseBytes-
#7762835	REDUCE cov: 311 ft: 1419 corp: 231/213Kb lim: 4096 exec/s: 12302 rss: 547Mb L: 180/3948 MS: 1 EraseBytes-
#7804872	REDUCE cov: 311 ft: 1419 corp: 231/213Kb lim: 4096 exec/s: 12252 rss: 547Mb L: 2673/3948 MS: 2 ShuffleBytes-EraseBytes-
#7852250	REDUCE cov: 311 ft: 1419 corp: 231/213Kb lim: 4096 exec/s: 12211 rss: 547Mb L: 313/3948 MS: 3 ChangeByte-PersAutoDict-EraseBytes- DE: "\304\265\216q\340\031_\020\232\300\030\243\265\362\353\374\373\241\000\000\002\000\000\000\000\000\000\000\000)\000\000"-
#7894381	REDUCE cov: 311 ft: 1419 corp: 231/213Kb lim: 4096 exec/s: 12201 rss: 547Mb L: 75/3948 MS: 1 EraseBytes-
#7951372	REDUCE cov: 311 ft: 1420 corp: 232/215Kb lim: 4096 exec/s: 12176 rss: 547Mb L: 2224/3948 MS: 1 ChangeByte-
#7983425	REDUCE cov: 311 ft: 1420 corp: 232/215Kb lim: 4096 exec/s: 12169 rss: 549Mb L: 370/3948 MS: 3 ChangeBinInt-ChangeBinInt-EraseBytes-
#8036976	REDUCE cov: 311 ft: 1420 corp: 232/215Kb lim: 4096 exec/s: 12177 rss: 549Mb L: 312/3948 MS: 1 EraseBytes-
#8072897	REDUCE cov: 311 ft: 1420 corp: 232/215Kb lim: 4096 exec/s: 12176 rss: 549Mb L: 2347/3948 MS: 1 EraseBytes-
#8076601	REDUCE cov: 311 ft: 1420 corp: 232/215Kb lim: 4096 exec/s: 12181 rss: 549Mb L: 2288/3948 MS: 4 ChangeASCIIInt-ChangeByte-ChangeByte-EraseBytes-
#8117758	REDUCE cov: 311 ft: 1420 corp: 232/215Kb lim: 4096 exec/s: 12170 rss: 549Mb L: 703/3948 MS: 2 CopyPart-EraseBytes-
#8202730	REDUCE cov: 311 ft: 1420 corp: 232/215Kb lim: 4096 exec/s: 12170 rss: 549Mb L: 3933/3948 MS: 2 ChangeByte-EraseBytes-
#8286706	REDUCE cov: 311 ft: 1420 corp: 232/215Kb lim: 4096 exec/s: 12132 rss: 549Mb L: 2950/3948 MS: 1 EraseBytes-
#8307964	REDUCE cov: 311 ft: 1420 corp: 232/215Kb lim: 4096 exec/s: 12110 rss: 549Mb L: 904/3948 MS: 3 ChangeByte-ChangeBit-EraseBytes-
#8312338	REDUCE cov: 311 ft: 1420 corp: 232/215Kb lim: 4096 exec/s: 12117 rss: 549Mb L: 2212/3948 MS: 4 ChangeASCIIInt-InsertRepeatedBytes-ChangeBit-EraseBytes-
#8380150	REDUCE cov: 311 ft: 1420 corp: 232/215Kb lim: 4096 exec/s: 12092 rss: 549Mb L: 2295/3948 MS: 2 ChangeBit-EraseBytes-
#8388608	pulse  cov: 311 ft: 1420 corp: 232/215Kb lim: 4096 exec/s: 12087 rss: 549Mb
#8400387	REDUCE cov: 311 ft: 1420 corp: 232/215Kb lim: 4096 exec/s: 12086 rss: 549Mb L: 903/3948 MS: 2 InsertRepeatedBytes-EraseBytes-
#8408739	REDUCE cov: 311 ft: 1420 corp: 232/214Kb lim: 4096 exec/s: 12098 rss: 549Mb L: 1992/3948 MS: 2 EraseBytes-ChangeByte-
#8496125	REDUCE cov: 311 ft: 1420 corp: 232/214Kb lim: 4096 exec/s: 12068 rss: 549Mb L: 653/3948 MS: 1 EraseBytes-
#8520276	REDUCE cov: 311 ft: 1421 corp: 233/218Kb lim: 4096 exec/s: 12068 rss: 549Mb L: 3499/3948 MS: 1 CrossOver-
#8523193	REDUCE cov: 311 ft: 1421 corp: 233/218Kb lim: 4096 exec/s: 12055 rss: 549Mb L: 3314/3948 MS: 2 ChangeBit-EraseBytes-
#8528334	REDUCE cov: 311 ft: 1421 corp: 233/217Kb lim: 4096 exec/s: 12062 rss: 549Mb L: 3265/3948 MS: 1 EraseBytes-
#8531635	REDUCE cov: 311 ft: 1421 corp: 233/217Kb lim: 4096 exec/s: 12067 rss: 549Mb L: 2963/3948 MS: 1 CrossOver-
#8556387	REDUCE cov: 311 ft: 1421 corp: 233/217Kb lim: 4096 exec/s: 12068 rss: 551Mb L: 2780/3948 MS: 2 ShuffleBytes-EraseBytes-
#8559783	REDUCE cov: 311 ft: 1421 corp: 233/217Kb lim: 4096 exec/s: 12056 rss: 551Mb L: 2268/3948 MS: 1 EraseBytes-
#8644937	REDUCE cov: 311 ft: 1421 corp: 233/216Kb lim: 4096 exec/s: 12040 rss: 551Mb L: 1056/3948 MS: 4 ShuffleBytes-CMP-CrossOver-ShuffleBytes- DE: "-\000\000\000\000\000\000\000"-
#8648658	REDUCE cov: 311 ft: 1421 corp: 233/216Kb lim: 4096 exec/s: 12045 rss: 551Mb L: 2711/3948 MS: 1 EraseBytes-
#8666649	REDUCE cov: 311 ft: 1421 corp: 233/216Kb lim: 4096 exec/s: 12037 rss: 551Mb L: 2258/3948 MS: 1 EraseBytes-
#8667180	REDUCE cov: 311 ft: 1421 corp: 233/216Kb lim: 4096 exec/s: 12037 rss: 551Mb L: 2750/3948 MS: 1 EraseBytes-
#8684711	REDUCE cov: 311 ft: 1421 corp: 233/216Kb lim: 4096 exec/s: 12028 rss: 551Mb L: 2720/3948 MS: 1 EraseBytes-
#8697978	REDUCE cov: 311 ft: 1421 corp: 233/216Kb lim: 4096 exec/s: 12030 rss: 551Mb L: 3913/3933 MS: 2 ChangeBinInt-EraseBytes-
#8730074	REDUCE cov: 311 ft: 1421 corp: 233/216Kb lim: 4096 exec/s: 12024 rss: 551Mb L: 389/3933 MS: 1 EraseBytes-
#8731531	REDUCE cov: 311 ft: 1421 corp: 233/216Kb lim: 4096 exec/s: 12026 rss: 551Mb L: 2678/3933 MS: 2 EraseBytes-CopyPart-
#8938004	REDUCE cov: 311 ft: 1421 corp: 233/215Kb lim: 4096 exec/s: 11981 rss: 551Mb L: 1786/3933 MS: 3 PersAutoDict-EraseBytes-ChangeASCIIInt- DE: "\304\000\000\000\000\000\000\002\304\265\223q\340\231\000\271\000\000)\000\000\001\000\000\001\000\000\000\000\000\000\000"-
#8956590	REDUCE cov: 311 ft: 1421 corp: 233/215Kb lim: 4096 exec/s: 11974 rss: 551Mb L: 2253/3933 MS: 1 EraseBytes-
#8967476	REDUCE cov: 311 ft: 1421 corp: 233/215Kb lim: 4096 exec/s: 11956 rss: 551Mb L: 2545/3933 MS: 1 EraseBytes-
#9044987	REDUCE cov: 311 ft: 1421 corp: 233/215Kb lim: 4096 exec/s: 11916 rss: 551Mb L: 2249/3933 MS: 1 EraseBytes-
#9103930	REDUCE cov: 311 ft: 1421 corp: 233/215Kb lim: 4096 exec/s: 11900 rss: 551Mb L: 2649/3933 MS: 3 ChangeByte-InsertRepeatedBytes-EraseBytes-
#9134086	REDUCE cov: 311 ft: 1421 corp: 233/215Kb lim: 4096 exec/s: 11893 rss: 551Mb L: 2506/3933 MS: 1 EraseBytes-
#9234725	REDUCE cov: 311 ft: 1421 corp: 233/215Kb lim: 4096 exec/s: 11885 rss: 552Mb L: 2370/3933 MS: 4 PersAutoDict-EraseBytes-ShuffleBytes-ChangeBinInt- DE: "\320\377\377\377"-
#9276398	REDUCE cov: 311 ft: 1421 corp: 233/215Kb lim: 4096 exec/s: 11877 rss: 553Mb L: 2246/3933 MS: 3 ChangeBit-EraseBytes-InsertRepeatedBytes-
#9344298	REDUCE cov: 311 ft: 1421 corp: 233/215Kb lim: 4096 exec/s: 11873 rss: 553Mb L: 517/3933 MS: 5 EraseBytes-ChangeBinInt-CMP-ChangeBit-ChangeBinInt- DE: "\000\000\000\000\000\000\000,"-
#9419254	REDUCE cov: 311 ft: 1421 corp: 233/215Kb lim: 4096 exec/s: 11863 rss: 553Mb L: 809/3933 MS: 1 EraseBytes-
#9451595	REDUCE cov: 311 ft: 1421 corp: 233/215Kb lim: 4096 exec/s: 11858 rss: 553Mb L: 2194/3933 MS: 1 CrossOver-
#9528341	REDUCE cov: 311 ft: 1421 corp: 233/215Kb lim: 4096 exec/s: 11821 rss: 553Mb L: 622/3933 MS: 1 EraseBytes-
#9543713	REDUCE cov: 311 ft: 1421 corp: 233/215Kb lim: 4096 exec/s: 11811 rss: 553Mb L: 490/3933 MS: 2 InsertByte-EraseBytes-
#9561504	REDUCE cov: 311 ft: 1421 corp: 233/215Kb lim: 4096 exec/s: 11804 rss: 561Mb L: 783/3933 MS: 1 EraseBytes-
#9602935	REDUCE cov: 311 ft: 1421 corp: 233/215Kb lim: 4096 exec/s: 11782 rss: 571Mb L: 2279/3933 MS: 1 EraseBytes-
#9633036	REDUCE cov: 311 ft: 1421 corp: 233/215Kb lim: 4096 exec/s: 11776 rss: 571Mb L: 3887/3933 MS: 1 EraseBytes-
#9645924	REDUCE cov: 311 ft: 1421 corp: 233/215Kb lim: 4096 exec/s: 11777 rss: 571Mb L: 2269/3933 MS: 3 ChangeByte-ShuffleBytes-EraseBytes-
#9654680	REDUCE cov: 311 ft: 1421 corp: 233/215Kb lim: 4096 exec/s: 11774 rss: 571Mb L: 1909/3933 MS: 1 EraseBytes-
#9685897	REDUCE cov: 311 ft: 1421 corp: 233/215Kb lim: 4096 exec/s: 11783 rss: 571Mb L: 694/3933 MS: 2 ChangeBinInt-EraseBytes-
#9712618	REDUCE cov: 311 ft: 1421 corp: 233/215Kb lim: 4096 exec/s: 11772 rss: 571Mb L: 1990/3933 MS: 1 EraseBytes-
#9758609	REDUCE cov: 311 ft: 1421 corp: 233/215Kb lim: 4096 exec/s: 11757 rss: 571Mb L: 361/3933 MS: 1 EraseBytes-
#9797465	REDUCE cov: 311 ft: 1421 corp: 233/215Kb lim: 4096 exec/s: 11733 rss: 571Mb L: 79/3933 MS: 1 EraseBytes-
#9834021	REDUCE cov: 311 ft: 1421 corp: 233/215Kb lim: 4096 exec/s: 11735 rss: 571Mb L: 2137/3933 MS: 1 EraseBytes-
#9982543	REDUCE cov: 311 ft: 1421 corp: 233/214Kb lim: 4096 exec/s: 11689 rss: 571Mb L: 2941/3933 MS: 2 EraseBytes-InsertRepeatedBytes-
#10007612	REDUCE cov: 311 ft: 1421 corp: 233/214Kb lim: 4096 exec/s: 11691 rss: 571Mb L: 2129/3933 MS: 4 ChangeByte-ChangeASCIIInt-ShuffleBytes-EraseBytes-
#10231558	REDUCE cov: 311 ft: 1421 corp: 233/214Kb lim: 4096 exec/s: 11626 rss: 571Mb L: 834/3933 MS: 1 CrossOver-
#10266964	REDUCE cov: 311 ft: 1421 corp: 233/214Kb lim: 4096 exec/s: 11614 rss: 571Mb L: 52/3933 MS: 1 EraseBytes-
#10339651	REDUCE cov: 311 ft: 1421 corp: 233/214Kb lim: 4096 exec/s: 11630 rss: 571Mb L: 2228/3933 MS: 2 ChangeBit-EraseBytes-
#10351772	REDUCE cov: 311 ft: 1421 corp: 233/214Kb lim: 4096 exec/s: 11631 rss: 571Mb L: 2908/3933 MS: 1 EraseBytes-
#10367445	REDUCE cov: 311 ft: 1421 corp: 233/214Kb lim: 4096 exec/s: 11635 rss: 571Mb L: 2137/3933 MS: 3 ChangeBit-ShuffleBytes-EraseBytes-
#10392871	REDUCE cov: 311 ft: 1421 corp: 233/214Kb lim: 4096 exec/s: 11625 rss: 571Mb L: 2120/3933 MS: 1 EraseBytes-
#10459542	REDUCE cov: 311 ft: 1421 corp: 233/214Kb lim: 4096 exec/s: 11595 rss: 571Mb L: 2862/3933 MS: 1 CrossOver-
#10520030	REDUCE cov: 311 ft: 1421 corp: 233/214Kb lim: 4096 exec/s: 11573 rss: 571Mb L: 690/3933 MS: 3 ChangeByte-ShuffleBytes-CrossOver-
#10531232	REDUCE cov: 311 ft: 1421 corp: 233/214Kb lim: 4096 exec/s: 11572 rss: 571Mb L: 1861/3933 MS: 2 CMP-EraseBytes- DE: "\376\377\377\366"-
#10742733	REDUCE cov: 311 ft: 1421 corp: 233/214Kb lim: 4096 exec/s: 11538 rss: 571Mb L: 1997/3933 MS: 1 EraseBytes-
#10763651	REDUCE cov: 311 ft: 1421 corp: 233/214Kb lim: 4096 exec/s: 11536 rss: 571Mb L: 425/3933 MS: 3 ShuffleBytes-EraseBytes-ChangeBinInt-
#10773112	REDUCE cov: 311 ft: 1421 corp: 233/214Kb lim: 4096 exec/s: 11534 rss: 571Mb L: 2620/3933 MS: 1 EraseBytes-
#11013688	REDUCE cov: 311 ft: 1421 corp: 233/214Kb lim: 4096 exec/s: 11484 rss: 571Mb L: 2110/3933 MS: 1 EraseBytes-
#11027105	REDUCE cov: 311 ft: 1421 corp: 233/214Kb lim: 4096 exec/s: 11474 rss: 571Mb L: 1958/3933 MS: 2 ChangeBit-EraseBytes-
#11134431	REDUCE cov: 311 ft: 1421 corp: 233/214Kb lim: 4096 exec/s: 11455 rss: 593Mb L: 3189/3933 MS: 1 EraseBytes-
#11184022	REDUCE cov: 311 ft: 1421 corp: 233/214Kb lim: 4096 exec/s: 11423 rss: 593Mb L: 2315/3933 MS: 1 EraseBytes-
#11250068	REDUCE cov: 311 ft: 1421 corp: 233/214Kb lim: 4096 exec/s: 11386 rss: 593Mb L: 239/3933 MS: 1 EraseBytes-
#11259205	REDUCE cov: 311 ft: 1421 corp: 233/214Kb lim: 4096 exec/s: 11384 rss: 593Mb L: 1729/3933 MS: 2 ChangeBit-EraseBytes-
#11357718	REDUCE cov: 311 ft: 1421 corp: 233/214Kb lim: 4096 exec/s: 11369 rss: 593Mb L: 940/3933 MS: 3 ShuffleBytes-ChangeBit-EraseBytes-
#11443559	REDUCE cov: 311 ft: 1421 corp: 233/214Kb lim: 4096 exec/s: 11352 rss: 593Mb L: 1552/3933 MS: 1 EraseBytes-
#11613563	REDUCE cov: 311 ft: 1421 corp: 233/214Kb lim: 4096 exec/s: 11297 rss: 593Mb L: 3899/3899 MS: 4 ChangeByte-ChangeBit-ChangeByte-EraseBytes-
#11682344	REDUCE cov: 311 ft: 1421 corp: 233/214Kb lim: 4096 exec/s: 11276 rss: 593Mb L: 358/3899 MS: 1 EraseBytes-
#11868965	REDUCE cov: 311 ft: 1421 corp: 233/214Kb lim: 4096 exec/s: 11218 rss: 593Mb L: 841/3899 MS: 1 EraseBytes-
#11933566	REDUCE cov: 311 ft: 1421 corp: 233/214Kb lim: 4096 exec/s: 11184 rss: 593Mb L: 681/3899 MS: 1 EraseBytes-
#12318795	REDUCE cov: 311 ft: 1421 corp: 233/212Kb lim: 4096 exec/s: 11138 rss: 593Mb L: 2196/3899 MS: 4 ChangeByte-PersAutoDict-EraseBytes-ChangeBit- DE: "\000\000\000\000\000\000\000&"-
#12366311	REDUCE cov: 311 ft: 1421 corp: 233/212Kb lim: 4096 exec/s: 11140 rss: 593Mb L: 1859/3899 MS: 1 EraseBytes-
#12560902	REDUCE cov: 311 ft: 1422 corp: 234/216Kb lim: 4096 exec/s: 11125 rss: 593Mb L: 3899/3899 MS: 1 CrossOver-
#12563558	NEW    cov: 311 ft: 1423 corp: 235/220Kb lim: 4096 exec/s: 11128 rss: 593Mb L: 3899/3899 MS: 1 PersAutoDict- DE: "\304\000\000\000\000\000\000\002\304\265\223q\340\231\000\271\000\000)\000\000\001\000\000\001\000\000\000\000\000\000\000"-
#12642945	REDUCE cov: 311 ft: 1423 corp: 235/220Kb lim: 4096 exec/s: 11119 rss: 593Mb L: 103/3899 MS: 2 PersAutoDict-EraseBytes- DE: "\304\265\216q\340\031_\020\232\300\030\243\265\362\353\374\373\241\000\000\002\000\000\000\000\000\000\000\000)\000\000"-
#12690531	REDUCE cov: 311 ft: 1423 corp: 235/220Kb lim: 4096 exec/s: 11112 rss: 593Mb L: 2670/3899 MS: 1 EraseBytes-
#12777907	REDUCE cov: 311 ft: 1423 corp: 235/220Kb lim: 4096 exec/s: 11101 rss: 593Mb L: 660/3899 MS: 1 EraseBytes-
#12789441	NEW    cov: 311 ft: 1425 corp: 236/224Kb lim: 4096 exec/s: 11111 rss: 593Mb L: 4019/4019 MS: 4 InsertRepeatedBytes-ChangeASCIIInt-ChangeByte-ShuffleBytes-
#12832312	REDUCE cov: 311 ft: 1425 corp: 236/224Kb lim: 4096 exec/s: 11100 rss: 593Mb L: 3829/3899 MS: 1 EraseBytes-
#12944084	REDUCE cov: 311 ft: 1425 corp: 236/223Kb lim: 4096 exec/s: 11072 rss: 601Mb L: 250/3899 MS: 2 ShuffleBytes-EraseBytes-
#13020320	REDUCE cov: 311 ft: 1427 corp: 237/227Kb lim: 4096 exec/s: 11052 rss: 601Mb L: 3829/3899 MS: 1 CrossOver-
#13033401	REDUCE cov: 311 ft: 1427 corp: 237/227Kb lim: 4096 exec/s: 11045 rss: 602Mb L: 449/3899 MS: 1 EraseBytes-
#13051992	REDUCE cov: 311 ft: 1427 corp: 237/227Kb lim: 4096 exec/s: 11042 rss: 611Mb L: 3559/3899 MS: 1 EraseBytes-
#13077338	REDUCE cov: 311 ft: 1427 corp: 237/227Kb lim: 4096 exec/s: 11045 rss: 614Mb L: 3813/3899 MS: 1 EraseBytes-
#13197215	REDUCE cov: 311 ft: 1427 corp: 237/227Kb lim: 4096 exec/s: 11025 rss: 614Mb L: 1874/3899 MS: 2 CMP-EraseBytes- DE: "\377\377\377\030"-
#13420536	REDUCE cov: 311 ft: 1427 corp: 237/227Kb lim: 4096 exec/s: 10955 rss: 614Mb L: 1983/3899 MS: 1 EraseBytes-
#13483513	REDUCE cov: 311 ft: 1427 corp: 237/227Kb lim: 4096 exec/s: 10953 rss: 614Mb L: 2840/3899 MS: 2 EraseBytes-CopyPart-
#13532391	REDUCE cov: 311 ft: 1427 corp: 237/226Kb lim: 4096 exec/s: 10948 rss: 614Mb L: 3662/3899 MS: 3 ShuffleBytes-ShuffleBytes-CrossOver-
#13542887	REDUCE cov: 311 ft: 1427 corp: 237/226Kb lim: 4096 exec/s: 10948 rss: 614Mb L: 3779/3899 MS: 1 EraseBytes-
#13658499	REDUCE cov: 311 ft: 1427 corp: 237/226Kb lim: 4096 exec/s: 10935 rss: 614Mb L: 620/3899 MS: 2 ChangeByte-CrossOver-
#13665245	REDUCE cov: 311 ft: 1427 corp: 237/226Kb lim: 4096 exec/s: 10932 rss: 614Mb L: 317/3899 MS: 1 EraseBytes-
#13692141	REDUCE cov: 311 ft: 1427 corp: 237/226Kb lim: 4096 exec/s: 10927 rss: 614Mb L: 1902/3899 MS: 1 EraseBytes-
#13720782	REDUCE cov: 312 ft: 1428 corp: 238/230Kb lim: 4096 exec/s: 10932 rss: 614Mb L: 3662/3899 MS: 1 ChangeByte-
#13747573	REDUCE cov: 312 ft: 1428 corp: 238/230Kb lim: 4096 exec/s: 10928 rss: 617Mb L: 1720/3899 MS: 1 EraseBytes-
#13749865	REDUCE cov: 312 ft: 1428 corp: 238/229Kb lim: 4096 exec/s: 10921 rss: 617Mb L: 3131/3899 MS: 2 PersAutoDict-EraseBytes- DE: "\014\000\000\000\000\000\000\000"-
#13783841	REDUCE cov: 312 ft: 1428 corp: 238/229Kb lim: 4096 exec/s: 10922 rss: 621Mb L: 3724/3899 MS: 1 EraseBytes-
#13965245	REDUCE cov: 312 ft: 1428 corp: 238/229Kb lim: 4096 exec/s: 10901 rss: 621Mb L: 348/3899 MS: 4 ChangeByte-ChangeASCIIInt-EraseBytes-ChangeByte-
#14052736	REDUCE cov: 312 ft: 1428 corp: 238/229Kb lim: 4096 exec/s: 10885 rss: 621Mb L: 840/3899 MS: 1 EraseBytes-
#14062008	REDUCE cov: 312 ft: 1428 corp: 238/229Kb lim: 4096 exec/s: 10883 rss: 621Mb L: 1975/3899 MS: 2 ChangeBinInt-EraseBytes-
#14069740	REDUCE cov: 312 ft: 1428 corp: 238/229Kb lim: 4096 exec/s: 10881 rss: 621Mb L: 3580/3899 MS: 2 ShuffleBytes-EraseBytes-
#14105362	REDUCE cov: 312 ft: 1428 corp: 238/229Kb lim: 4096 exec/s: 10875 rss: 621Mb L: 1727/3899 MS: 2 ShuffleBytes-EraseBytes-
#14190018	REDUCE cov: 312 ft: 1428 corp: 238/229Kb lim: 4096 exec/s: 10848 rss: 621Mb L: 2724/3899 MS: 1 EraseBytes-
#14257030	REDUCE cov: 312 ft: 1428 corp: 238/229Kb lim: 4096 exec/s: 10833 rss: 621Mb L: 867/3899 MS: 2 ChangeBit-EraseBytes-
#14273433	REDUCE cov: 312 ft: 1428 corp: 238/229Kb lim: 4096 exec/s: 10829 rss: 621Mb L: 1097/3899 MS: 3 ChangeBit-ChangeBinInt-EraseBytes-
#14369189	REDUCE cov: 313 ft: 1430 corp: 239/233Kb lim: 4096 exec/s: 10812 rss: 621Mb L: 3559/3899 MS: 1 ChangeBit-
#14401975	REDUCE cov: 313 ft: 1430 corp: 239/232Kb lim: 4096 exec/s: 10804 rss: 621Mb L: 308/3899 MS: 1 EraseBytes-
#14413634	REDUCE cov: 313 ft: 1430 corp: 239/232Kb lim: 4096 exec/s: 10796 rss: 621Mb L: 593/3899 MS: 4 ShuffleBytes-CMP-ShuffleBytes-EraseBytes- DE: "V\000\000\000\000\000\000\000"-
#14431475	REDUCE cov: 313 ft: 1430 corp: 239/232Kb lim: 4096 exec/s: 10793 rss: 621Mb L: 752/3899 MS: 1 EraseBytes-
#14465967	REDUCE cov: 313 ft: 1430 corp: 239/232Kb lim: 4096 exec/s: 10779 rss: 622Mb L: 1943/3899 MS: 2 ChangeBit-EraseBytes-
#14484533	REDUCE cov: 313 ft: 1430 corp: 239/232Kb lim: 4096 exec/s: 10777 rss: 623Mb L: 261/3899 MS: 1 EraseBytes-
#14652383	REDUCE cov: 313 ft: 1430 corp: 239/232Kb lim: 4096 exec/s: 10726 rss: 623Mb L: 543/3899 MS: 5 ChangeASCIIInt-ChangeBit-ChangeBinInt-ShuffleBytes-EraseBytes-
#14737434	NEW    cov: 313 ft: 1432 corp: 240/236Kb lim: 4096 exec/s: 10718 rss: 623Mb L: 3662/3899 MS: 1 PersAutoDict- DE: "\207\000\000\000"-
#14849685	REDUCE cov: 313 ft: 1432 corp: 240/236Kb lim: 4096 exec/s: 10690 rss: 624Mb L: 3552/3899 MS: 1 EraseBytes-
#14885081	REDUCE cov: 313 ft: 1432 corp: 240/236Kb lim: 4096 exec/s: 10685 rss: 624Mb L: 3885/3887 MS: 1 EraseBytes-
#14922757	REDUCE cov: 313 ft: 1432 corp: 240/236Kb lim: 4096 exec/s: 10682 rss: 624Mb L: 3085/3887 MS: 1 EraseBytes-
#14928939	REDUCE cov: 313 ft: 1432 corp: 240/236Kb lim: 4096 exec/s: 10678 rss: 624Mb L: 807/3887 MS: 2 ChangeBit-EraseBytes-
#14998946	REDUCE cov: 313 ft: 1432 corp: 240/236Kb lim: 4096 exec/s: 10667 rss: 624Mb L: 3530/3887 MS: 2 ChangeASCIIInt-EraseBytes-
#15010137	REDUCE cov: 313 ft: 1432 corp: 240/236Kb lim: 4096 exec/s: 10660 rss: 624Mb L: 3853/3887 MS: 1 EraseBytes-
#15093513	REDUCE cov: 313 ft: 1432 corp: 240/236Kb lim: 4096 exec/s: 10651 rss: 624Mb L: 2215/3887 MS: 1 EraseBytes-
#15299019	REDUCE cov: 313 ft: 1432 corp: 240/236Kb lim: 4096 exec/s: 10639 rss: 626Mb L: 502/3887 MS: 1 EraseBytes-
#15303966	REDUCE cov: 313 ft: 1432 corp: 240/236Kb lim: 4096 exec/s: 10642 rss: 626Mb L: 1441/3887 MS: 2 ChangeByte-EraseBytes-
#15370520	REDUCE cov: 313 ft: 1432 corp: 240/236Kb lim: 4096 exec/s: 10637 rss: 626Mb L: 420/3887 MS: 4 InsertByte-EraseBytes-ChangeBit-EraseBytes-
#15420621	REDUCE cov: 313 ft: 1432 corp: 240/236Kb lim: 4096 exec/s: 10634 rss: 626Mb L: 35/3887 MS: 1 EraseBytes-
#15485700	REDUCE cov: 313 ft: 1432 corp: 240/236Kb lim: 4096 exec/s: 10628 rss: 629Mb L: 218/3887 MS: 4 ChangeBit-ChangeBinInt-ChangeASCIIInt-EraseBytes-
#15653806	REDUCE cov: 313 ft: 1432 corp: 240/236Kb lim: 4096 exec/s: 10612 rss: 629Mb L: 414/3887 MS: 1 EraseBytes-
#15806135	REDUCE cov: 313 ft: 1432 corp: 240/235Kb lim: 4096 exec/s: 10593 rss: 629Mb L: 3649/3887 MS: 4 ChangeByte-ShuffleBytes-ChangeASCIIInt-EraseBytes-
#15935802	REDUCE cov: 313 ft: 1432 corp: 240/235Kb lim: 4096 exec/s: 10595 rss: 629Mb L: 267/3887 MS: 2 ChangeByte-EraseBytes-
#15974118	REDUCE cov: 313 ft: 1432 corp: 240/235Kb lim: 4096 exec/s: 10592 rss: 629Mb L: 1426/3887 MS: 1 EraseBytes-
#16007955	REDUCE cov: 313 ft: 1432 corp: 240/235Kb lim: 4096 exec/s: 10587 rss: 629Mb L: 3844/3887 MS: 2 ShuffleBytes-EraseBytes-
#16230812	REDUCE cov: 313 ft: 1432 corp: 240/235Kb lim: 4096 exec/s: 10566 rss: 629Mb L: 1841/3887 MS: 2 ChangeBit-EraseBytes-
#16264414	NEW    cov: 313 ft: 1433 corp: 241/238Kb lim: 4096 exec/s: 10568 rss: 629Mb L: 2224/3887 MS: 2 ShuffleBytes-ChangeByte-
#16280595	REDUCE cov: 313 ft: 1433 corp: 241/238Kb lim: 4096 exec/s: 10564 rss: 629Mb L: 701/3887 MS: 1 EraseBytes-
#16287237	REDUCE cov: 313 ft: 1433 corp: 241/238Kb lim: 4096 exec/s: 10562 rss: 629Mb L: 995/3887 MS: 2 ChangeASCIIInt-EraseBytes-
#16332418	REDUCE cov: 313 ft: 1433 corp: 241/237Kb lim: 4096 exec/s: 10557 rss: 629Mb L: 3489/3887 MS: 1 EraseBytes-
#16424949	REDUCE cov: 313 ft: 1433 corp: 241/237Kb lim: 4096 exec/s: 10542 rss: 629Mb L: 3462/3887 MS: 1 EraseBytes-
#16472964	REDUCE cov: 313 ft: 1433 corp: 241/237Kb lim: 4096 exec/s: 10546 rss: 629Mb L: 3803/3887 MS: 5 ChangeBit-ShuffleBytes-ShuffleBytes-ChangeByte-EraseBytes-
#16476610	REDUCE cov: 313 ft: 1433 corp: 241/237Kb lim: 4096 exec/s: 10548 rss: 629Mb L: 486/3887 MS: 1 EraseBytes-
#16528381	NEW    cov: 313 ft: 1434 corp: 242/241Kb lim: 4096 exec/s: 10547 rss: 629Mb L: 3623/3887 MS: 1 ShuffleBytes-
#16549292	REDUCE cov: 313 ft: 1434 corp: 242/241Kb lim: 4096 exec/s: 10547 rss: 629Mb L: 698/3887 MS: 1 EraseBytes-
#16650229	REDUCE cov: 313 ft: 1434 corp: 242/241Kb lim: 4096 exec/s: 10544 rss: 629Mb L: 3074/3887 MS: 2 ChangeASCIIInt-EraseBytes-
#16777216	pulse  cov: 313 ft: 1434 corp: 242/241Kb lim: 4096 exec/s: 10545 rss: 629Mb
#16951971	REDUCE cov: 313 ft: 1434 corp: 242/241Kb lim: 4096 exec/s: 10548 rss: 629Mb L: 216/3887 MS: 2 CMP-EraseBytes- DE: "\001\330"-
#17177357	REDUCE cov: 313 ft: 1434 corp: 242/241Kb lim: 4096 exec/s: 10557 rss: 629Mb L: 2570/3887 MS: 1 EraseBytes-
#17239479	REDUCE cov: 313 ft: 1434 corp: 242/241Kb lim: 4096 exec/s: 10550 rss: 629Mb L: 655/3887 MS: 2 ChangeBit-EraseBytes-
#17267452	REDUCE cov: 313 ft: 1434 corp: 242/241Kb lim: 4096 exec/s: 10548 rss: 629Mb L: 612/3887 MS: 3 ShuffleBytes-CMP-EraseBytes- DE: "\304\265\223q\340\031_\020\232\300\030\243\265\362\353\374\373\241\000\000\002\000\000\000\000\000\000\000\000)\000\000"-
#17384486	REDUCE cov: 313 ft: 1434 corp: 242/241Kb lim: 4096 exec/s: 10536 rss: 630Mb L: 2550/3887 MS: 4 ShuffleBytes-ChangeByte-ChangeBit-EraseBytes-
#17432677	REDUCE cov: 313 ft: 1434 corp: 242/241Kb lim: 4096 exec/s: 10533 rss: 630Mb L: 3647/3887 MS: 1 CrossOver-
#17453640	REDUCE cov: 313 ft: 1434 corp: 242/241Kb lim: 4096 exec/s: 10533 rss: 630Mb L: 781/3887 MS: 3 ShuffleBytes-ChangeByte-EraseBytes-
#17767976	REDUCE cov: 313 ft: 1434 corp: 242/241Kb lim: 4096 exec/s: 10501 rss: 631Mb L: 849/3887 MS: 1 EraseBytes-
#17772588	REDUCE cov: 313 ft: 1434 corp: 242/241Kb lim: 4096 exec/s: 10503 rss: 631Mb L: 361/3887 MS: 2 EraseBytes-PersAutoDict- DE: "\207\000\000\000"-
#17775176	REDUCE cov: 313 ft: 1434 corp: 242/240Kb lim: 4096 exec/s: 10505 rss: 631Mb L: 1688/3887 MS: 3 PersAutoDict-EraseBytes-ChangeByte- DE: "\000\000"-
#17795591	REDUCE cov: 313 ft: 1434 corp: 242/240Kb lim: 4096 exec/s: 10498 rss: 631Mb L: 3460/3887 MS: 5 ChangeASCIIInt-ChangeByte-ChangeByte-ShuffleBytes-EraseBytes-
#17876043	REDUCE cov: 313 ft: 1434 corp: 242/240Kb lim: 4096 exec/s: 10490 rss: 631Mb L: 1867/3887 MS: 2 ShuffleBytes-EraseBytes-
#17951034	REDUCE cov: 313 ft: 1434 corp: 242/240Kb lim: 4096 exec/s: 10491 rss: 631Mb L: 358/3887 MS: 1 EraseBytes-
#18190150	REDUCE cov: 313 ft: 1434 corp: 242/240Kb lim: 4096 exec/s: 10472 rss: 631Mb L: 116/3887 MS: 1 EraseBytes-
#18221981	REDUCE cov: 313 ft: 1434 corp: 242/240Kb lim: 4096 exec/s: 10472 rss: 631Mb L: 2579/3887 MS: 1 EraseBytes-
#18229546	REDUCE cov: 313 ft: 1434 corp: 242/240Kb lim: 4096 exec/s: 10470 rss: 631Mb L: 1385/3887 MS: 5 EraseBytes-ChangeBit-ChangeBinInt-ChangeByte-ChangeByte-
#18258643	REDUCE cov: 313 ft: 1434 corp: 242/240Kb lim: 4096 exec/s: 10463 rss: 632Mb L: 610/3887 MS: 2 ChangeBit-EraseBytes-
#18274334	REDUCE cov: 313 ft: 1434 corp: 242/240Kb lim: 4096 exec/s: 10460 rss: 632Mb L: 416/3887 MS: 1 EraseBytes-
#18392520	REDUCE cov: 313 ft: 1434 corp: 242/240Kb lim: 4096 exec/s: 10444 rss: 632Mb L: 3606/3887 MS: 1 EraseBytes-
#18398414	REDUCE cov: 313 ft: 1434 corp: 242/240Kb lim: 4096 exec/s: 10441 rss: 632Mb L: 1858/3887 MS: 4 ChangeByte-PersAutoDict-ChangeBinInt-EraseBytes- DE: "-\000\000\000\000\000\000\000"-
#18415950	REDUCE cov: 313 ft: 1434 corp: 242/240Kb lim: 4096 exec/s: 10439 rss: 632Mb L: 800/3887 MS: 1 EraseBytes-
#18486529	REDUCE cov: 313 ft: 1434 corp: 242/240Kb lim: 4096 exec/s: 10438 rss: 632Mb L: 408/3887 MS: 4 EraseBytes-CMP-ShuffleBytes-ChangeBinInt- DE: "\000\000\000\014"-
#18593986	REDUCE cov: 313 ft: 1434 corp: 242/240Kb lim: 4096 exec/s: 10434 rss: 633Mb L: 357/3887 MS: 2 CopyPart-EraseBytes-
#18628619	REDUCE cov: 313 ft: 1434 corp: 242/239Kb lim: 4096 exec/s: 10430 rss: 634Mb L: 792/3887 MS: 3 CrossOver-ChangeByte-ChangeBit-
#18641938	REDUCE cov: 313 ft: 1434 corp: 242/239Kb lim: 4096 exec/s: 10426 rss: 634Mb L: 1718/3887 MS: 4 ChangeByte-ChangeBit-ChangeBinInt-EraseBytes-
#18743929	REDUCE cov: 313 ft: 1434 corp: 242/239Kb lim: 4096 exec/s: 10436 rss: 634Mb L: 1910/3887 MS: 1 EraseBytes-
#18810205	REDUCE cov: 313 ft: 1434 corp: 242/239Kb lim: 4096 exec/s: 10438 rss: 634Mb L: 1376/3887 MS: 1 EraseBytes-
#18940641	REDUCE cov: 313 ft: 1434 corp: 242/239Kb lim: 4096 exec/s: 10418 rss: 634Mb L: 198/3887 MS: 1 EraseBytes-
#19010147	REDUCE cov: 313 ft: 1434 corp: 242/239Kb lim: 4096 exec/s: 10422 rss: 635Mb L: 942/3887 MS: 1 EraseBytes-
#19108673	REDUCE cov: 313 ft: 1434 corp: 242/239Kb lim: 4096 exec/s: 10413 rss: 635Mb L: 308/3887 MS: 1 EraseBytes-
#19211012	REDUCE cov: 313 ft: 1434 corp: 242/239Kb lim: 4096 exec/s: 10401 rss: 635Mb L: 3470/3887 MS: 4 ChangeASCIIInt-ChangeBinInt-ChangeBinInt-EraseBytes-
#19320388	REDUCE cov: 313 ft: 1434 corp: 242/239Kb lim: 4096 exec/s: 10392 rss: 635Mb L: 1335/3887 MS: 1 EraseBytes-
#19505429	REDUCE cov: 313 ft: 1434 corp: 242/239Kb lim: 4096 exec/s: 10380 rss: 636Mb L: 2573/3887 MS: 1 EraseBytes-
#19615307	REDUCE cov: 313 ft: 1434 corp: 242/239Kb lim: 4096 exec/s: 10389 rss: 637Mb L: 744/3887 MS: 3 ShuffleBytes-ChangeASCIIInt-EraseBytes-
#19733808	REDUCE cov: 313 ft: 1434 corp: 242/239Kb lim: 4096 exec/s: 10391 rss: 637Mb L: 1800/3887 MS: 1 EraseBytes-
#19782201	REDUCE cov: 313 ft: 1434 corp: 242/239Kb lim: 4096 exec/s: 10389 rss: 637Mb L: 309/3887 MS: 3 ShuffleBytes-PersAutoDict-EraseBytes- DE: "\000\000\000H"-
#19820848	REDUCE cov: 313 ft: 1434 corp: 242/239Kb lim: 4096 exec/s: 10393 rss: 637Mb L: 990/3887 MS: 2 ChangeBit-EraseBytes-
#19846994	REDUCE cov: 313 ft: 1434 corp: 242/239Kb lim: 4096 exec/s: 10396 rss: 637Mb L: 349/3887 MS: 1 EraseBytes-
#19992526	REDUCE cov: 313 ft: 1434 corp: 242/239Kb lim: 4096 exec/s: 10385 rss: 637Mb L: 1925/3887 MS: 2 PersAutoDict-EraseBytes- DE: "\320\377\377\377"-
#20150858	REDUCE cov: 313 ft: 1434 corp: 242/239Kb lim: 4096 exec/s: 10381 rss: 638Mb L: 1782/3887 MS: 2 ShuffleBytes-EraseBytes-
#20174659	REDUCE cov: 313 ft: 1434 corp: 242/239Kb lim: 4096 exec/s: 10383 rss: 638Mb L: 1329/3887 MS: 1 EraseBytes-
#20236045	NEW    cov: 313 ft: 1435 corp: 243/242Kb lim: 4096 exec/s: 10372 rss: 638Mb L: 2961/3887 MS: 1 CrossOver-
#20273806	REDUCE cov: 313 ft: 1435 corp: 243/242Kb lim: 4096 exec/s: 10370 rss: 638Mb L: 2850/3887 MS: 1 EraseBytes-
#20368907	REDUCE cov: 313 ft: 1435 corp: 243/242Kb lim: 4096 exec/s: 10360 rss: 639Mb L: 2742/3887 MS: 1 EraseBytes-
#20371873	REDUCE cov: 313 ft: 1435 corp: 243/242Kb lim: 4096 exec/s: 10356 rss: 639Mb L: 2666/3887 MS: 1 EraseBytes-
#20419574	REDUCE cov: 313 ft: 1435 corp: 243/241Kb lim: 4096 exec/s: 10349 rss: 639Mb L: 2631/3887 MS: 1 EraseBytes-
#20427436	REDUCE cov: 313 ft: 1435 corp: 243/241Kb lim: 4096 exec/s: 10353 rss: 639Mb L: 3569/3887 MS: 2 ChangeASCIIInt-EraseBytes-
#20454762	REDUCE cov: 313 ft: 1435 corp: 243/241Kb lim: 4096 exec/s: 10351 rss: 639Mb L: 2700/3887 MS: 1 EraseBytes-
#20511615	REDUCE cov: 313 ft: 1435 corp: 243/241Kb lim: 4096 exec/s: 10348 rss: 639Mb L: 1646/3887 MS: 3 PersAutoDict-ChangeBinInt-EraseBytes- DE: "\376\377\377U"-
#20559891	REDUCE cov: 313 ft: 1435 corp: 243/241Kb lim: 4096 exec/s: 10341 rss: 639Mb L: 3558/3887 MS: 1 EraseBytes-
#20646471	REDUCE cov: 313 ft: 1435 corp: 243/241Kb lim: 4096 exec/s: 10333 rss: 640Mb L: 812/3887 MS: 5 CMP-ChangeBinInt-ShuffleBytes-EraseBytes-ChangeBit- DE: "\000\000\000\000"-
#20952077	REDUCE cov: 313 ft: 1435 corp: 243/241Kb lim: 4096 exec/s: 10316 rss: 640Mb L: 2626/3887 MS: 1 EraseBytes-
#21045228	REDUCE cov: 313 ft: 1435 corp: 243/241Kb lim: 4096 exec/s: 10311 rss: 640Mb L: 2533/3887 MS: 1 EraseBytes-
#21453746	REDUCE cov: 313 ft: 1435 corp: 243/241Kb lim: 4096 exec/s: 10284 rss: 642Mb L: 2492/3887 MS: 3 PersAutoDict-CMP-EraseBytes- DE: "\320\377\377\377"-"\000\000\000\000\000\000\000\003"-
#21566007	REDUCE cov: 313 ft: 1435 corp: 243/241Kb lim: 4096 exec/s: 10264 rss: 642Mb L: 258/3887 MS: 1 EraseBytes-
#21590838	REDUCE cov: 313 ft: 1435 corp: 243/241Kb lim: 4096 exec/s: 10261 rss: 642Mb L: 614/3887 MS: 1 EraseBytes-
#21614492	REDUCE cov: 313 ft: 1435 corp: 243/241Kb lim: 4096 exec/s: 10263 rss: 642Mb L: 321/3887 MS: 4 ChangeBit-ShuffleBytes-ChangeBit-EraseBytes-
#21648698	REDUCE cov: 313 ft: 1435 corp: 243/241Kb lim: 4096 exec/s: 10260 rss: 642Mb L: 2617/3887 MS: 1 EraseBytes-
#21667025	REDUCE cov: 313 ft: 1435 corp: 243/241Kb lim: 4096 exec/s: 10254 rss: 642Mb L: 1893/3887 MS: 2 ShuffleBytes-EraseBytes-
#21672346	REDUCE cov: 313 ft: 1435 corp: 243/241Kb lim: 4096 exec/s: 10256 rss: 642Mb L: 1402/3887 MS: 1 EraseBytes-
#21890457	REDUCE cov: 313 ft: 1435 corp: 243/241Kb lim: 4096 exec/s: 10248 rss: 643Mb L: 722/3887 MS: 1 EraseBytes-
#21905083	REDUCE cov: 313 ft: 1435 corp: 243/241Kb lim: 4096 exec/s: 10250 rss: 643Mb L: 1775/3887 MS: 1 EraseBytes-
#21906264	REDUCE cov: 313 ft: 1435 corp: 243/241Kb lim: 4096 exec/s: 10250 rss: 643Mb L: 738/3887 MS: 1 EraseBytes-
#22039790	REDUCE cov: 313 ft: 1435 corp: 243/241Kb lim: 4096 exec/s: 10241 rss: 643Mb L: 662/3887 MS: 1 EraseBytes-
#22072391	REDUCE cov: 313 ft: 1435 corp: 243/241Kb lim: 4096 exec/s: 10242 rss: 643Mb L: 2465/3887 MS: 1 EraseBytes-
#22114508	REDUCE cov: 313 ft: 1435 corp: 243/240Kb lim: 4096 exec/s: 10242 rss: 643Mb L: 1094/3887 MS: 2 EraseBytes-InsertRepeatedBytes-
#22257726	REDUCE cov: 313 ft: 1435 corp: 243/240Kb lim: 4096 exec/s: 10228 rss: 644Mb L: 1831/3887 MS: 3 ShuffleBytes-ShuffleBytes-EraseBytes-
#22326462	REDUCE cov: 313 ft: 1435 corp: 243/240Kb lim: 4096 exec/s: 10222 rss: 644Mb L: 157/3887 MS: 1 EraseBytes-
#22332738	REDUCE cov: 313 ft: 1435 corp: 243/240Kb lim: 4096 exec/s: 10220 rss: 644Mb L: 2670/3887 MS: 1 EraseBytes-
#22345039	REDUCE cov: 313 ft: 1435 corp: 243/240Kb lim: 4096 exec/s: 10221 rss: 644Mb L: 1734/3887 MS: 1 EraseBytes-
#22365103	REDUCE cov: 313 ft: 1436 corp: 244/243Kb lim: 4096 exec/s: 10217 rss: 644Mb L: 2649/3887 MS: 4 ChangeASCIIInt-ChangeASCIIInt-ChangeByte-PersAutoDict- DE: "\304\000\000\000\000\000\000\002\304\265\223q\340\231\000\271\000\000)\000\000\001\000\000\001\000\000\000\000\000\000\000"-
#22642002	REDUCE cov: 313 ft: 1436 corp: 244/243Kb lim: 4096 exec/s: 10185 rss: 644Mb L: 306/3887 MS: 4 EraseBytes-ChangeByte-ShuffleBytes-ChangeBinInt-
#22781993	REDUCE cov: 313 ft: 1436 corp: 244/243Kb lim: 4096 exec/s: 10184 rss: 645Mb L: 3837/3837 MS: 1 EraseBytes-
#22854089	REDUCE cov: 313 ft: 1436 corp: 244/243Kb lim: 4096 exec/s: 10179 rss: 645Mb L: 289/3837 MS: 1 EraseBytes-
#22884986	REDUCE cov: 313 ft: 1436 corp: 244/243Kb lim: 4096 exec/s: 10175 rss: 645Mb L: 2520/3837 MS: 2 ChangeBit-EraseBytes-
#22957704	REDUCE cov: 313 ft: 1436 corp: 244/243Kb lim: 4096 exec/s: 10171 rss: 645Mb L: 2236/3837 MS: 3 EraseBytes-InsertRepeatedBytes-CopyPart-
#22977796	REDUCE cov: 313 ft: 1436 corp: 244/243Kb lim: 4096 exec/s: 10171 rss: 645Mb L: 3467/3837 MS: 2 ChangeBit-EraseBytes-
#23054082	REDUCE cov: 313 ft: 1436 corp: 244/243Kb lim: 4096 exec/s: 10169 rss: 645Mb L: 3022/3837 MS: 1 EraseBytes-
#23094418	REDUCE cov: 313 ft: 1436 corp: 244/243Kb lim: 4096 exec/s: 10169 rss: 645Mb L: 2231/3837 MS: 1 EraseBytes-
#23126999	REDUCE cov: 313 ft: 1437 corp: 245/246Kb lim: 4096 exec/s: 10165 rss: 645Mb L: 3357/3837 MS: 1 CrossOver-
#23128711	REDUCE cov: 313 ft: 1437 corp: 245/246Kb lim: 4096 exec/s: 10166 rss: 645Mb L: 3313/3837 MS: 2 ChangeBinInt-EraseBytes-
#23131517	REDUCE cov: 313 ft: 1437 corp: 245/245Kb lim: 4096 exec/s: 10167 rss: 645Mb L: 2863/3837 MS: 1 EraseBytes-
#23360248	REDUCE cov: 313 ft: 1437 corp: 245/245Kb lim: 4096 exec/s: 10156 rss: 646Mb L: 1824/3837 MS: 1 EraseBytes-
#23424199	REDUCE cov: 313 ft: 1437 corp: 245/245Kb lim: 4096 exec/s: 10149 rss: 646Mb L: 448/3837 MS: 1 EraseBytes-
#23510980	REDUCE cov: 313 ft: 1437 corp: 245/245Kb lim: 4096 exec/s: 10147 rss: 646Mb L: 480/3837 MS: 1 EraseBytes-
#23598193	REDUCE cov: 313 ft: 1437 corp: 245/245Kb lim: 4096 exec/s: 10141 rss: 646Mb L: 1792/3837 MS: 3 ChangeByte-ChangeByte-EraseBytes-
#23695939	REDUCE cov: 313 ft: 1437 corp: 245/245Kb lim: 4096 exec/s: 10135 rss: 646Mb L: 1719/3837 MS: 1 EraseBytes-
#23773191	REDUCE cov: 313 ft: 1437 corp: 245/245Kb lim: 4096 exec/s: 10129 rss: 646Mb L: 2645/3837 MS: 2 ShuffleBytes-EraseBytes-
#23851967	REDUCE cov: 313 ft: 1437 corp: 245/245Kb lim: 4096 exec/s: 10119 rss: 647Mb L: 2806/3837 MS: 1 EraseBytes-
#23997888	REDUCE cov: 313 ft: 1437 corp: 245/245Kb lim: 4096 exec/s: 10108 rss: 647Mb L: 443/3837 MS: 1 EraseBytes-
#24008759	REDUCE cov: 313 ft: 1437 corp: 245/245Kb lim: 4096 exec/s: 10104 rss: 647Mb L: 484/3837 MS: 1 EraseBytes-
#24346065	REDUCE cov: 313 ft: 1437 corp: 245/245Kb lim: 4096 exec/s: 10081 rss: 648Mb L: 1202/3837 MS: 1 EraseBytes-
#24371441	REDUCE cov: 313 ft: 1437 corp: 245/245Kb lim: 4096 exec/s: 10083 rss: 648Mb L: 2221/3837 MS: 1 EraseBytes-
#24396867	REDUCE cov: 313 ft: 1437 corp: 245/245Kb lim: 4096 exec/s: 10085 rss: 648Mb L: 2987/3837 MS: 1 EraseBytes-
#24399778	REDUCE cov: 313 ft: 1437 corp: 245/245Kb lim: 4096 exec/s: 10086 rss: 648Mb L: 1317/3837 MS: 1 EraseBytes-
#24767364	REDUCE cov: 313 ft: 1437 corp: 245/244Kb lim: 4096 exec/s: 10047 rss: 649Mb L: 3434/3837 MS: 1 EraseBytes-
#24802125	REDUCE cov: 313 ft: 1437 corp: 245/244Kb lim: 4096 exec/s: 10045 rss: 649Mb L: 2729/3837 MS: 1 EraseBytes-
#24880291	REDUCE cov: 313 ft: 1437 corp: 245/244Kb lim: 4096 exec/s: 10040 rss: 649Mb L: 154/3837 MS: 1 EraseBytes-
#24959282	REDUCE cov: 313 ft: 1437 corp: 245/244Kb lim: 4096 exec/s: 10031 rss: 649Mb L: 2792/3837 MS: 1 EraseBytes-
#24980574	REDUCE cov: 313 ft: 1437 corp: 245/244Kb lim: 4096 exec/s: 10032 rss: 649Mb L: 931/3837 MS: 2 ShuffleBytes-EraseBytes-
#25012831	REDUCE cov: 313 ft: 1437 corp: 245/244Kb lim: 4096 exec/s: 10025 rss: 650Mb L: 3413/3837 MS: 2 CMP-EraseBytes- DE: "\377\377"-
#25059528	REDUCE cov: 313 ft: 1437 corp: 245/244Kb lim: 4096 exec/s: 10023 rss: 650Mb L: 890/3837 MS: 2 PersAutoDict-EraseBytes- DE: "\000\000\000\000\000\000\000,"-
#26060109	REDUCE cov: 313 ft: 1437 corp: 245/244Kb lim: 4096 exec/s: 9992 rss: 652Mb L: 1310/3837 MS: 1 EraseBytes-
#26106516	REDUCE cov: 313 ft: 1437 corp: 245/244Kb lim: 4096 exec/s: 9987 rss: 652Mb L: 170/3837 MS: 2 ShuffleBytes-EraseBytes-
#26217373	REDUCE cov: 313 ft: 1437 corp: 245/244Kb lim: 4096 exec/s: 9979 rss: 652Mb L: 2765/3837 MS: 2 ChangeBinInt-EraseBytes-
#26580176	REDUCE cov: 313 ft: 1437 corp: 245/244Kb lim: 4096 exec/s: 9962 rss: 653Mb L: 1272/3837 MS: 3 PersAutoDict-ChangeBit-CrossOver- DE: "\304\265\216q\340\031_\020\232\300\030\243\265\362\353\374\373\241\000\000\002\000\000\000\000\000\000\000\000)\000\000"-
#26648272	REDUCE cov: 313 ft: 1437 corp: 245/244Kb lim: 4096 exec/s: 9961 rss: 653Mb L: 3739/3837 MS: 1 EraseBytes-
#26665779	REDUCE cov: 313 ft: 1437 corp: 245/244Kb lim: 4096 exec/s: 9961 rss: 653Mb L: 1937/3837 MS: 2 ChangeASCIIInt-EraseBytes-
#26739755	REDUCE cov: 313 ft: 1437 corp: 245/244Kb lim: 4096 exec/s: 9958 rss: 653Mb L: 1892/3837 MS: 1 EraseBytes-
#26816376	REDUCE cov: 313 ft: 1437 corp: 245/244Kb lim: 4096 exec/s: 9946 rss: 653Mb L: 145/3837 MS: 1 EraseBytes-
#26899257	REDUCE cov: 313 ft: 1437 corp: 245/244Kb lim: 4096 exec/s: 9940 rss: 653Mb L: 143/3837 MS: 1 EraseBytes-
#26940429	REDUCE cov: 313 ft: 1437 corp: 245/244Kb lim: 4096 exec/s: 9933 rss: 653Mb L: 1652/3837 MS: 1 EraseBytes-
#27074805	REDUCE cov: 313 ft: 1437 corp: 245/244Kb lim: 4096 exec/s: 9932 rss: 653Mb L: 959/3837 MS: 1 EraseBytes-
#27172343	REDUCE cov: 313 ft: 1437 corp: 245/243Kb lim: 4096 exec/s: 9927 rss: 653Mb L: 793/3837 MS: 3 EraseBytes-ChangeBinInt-InsertRepeatedBytes-
#27354720	REDUCE cov: 313 ft: 1437 corp: 245/243Kb lim: 4096 exec/s: 9911 rss: 653Mb L: 830/3837 MS: 2 ChangeBit-CrossOver-
#27471306	REDUCE cov: 313 ft: 1443 corp: 246/247Kb lim: 4096 exec/s: 9906 rss: 654Mb L: 4094/4094 MS: 1 CrossOver-
#27472972	REDUCE cov: 313 ft: 1443 corp: 246/247Kb lim: 4096 exec/s: 9907 rss: 654Mb L: 3972/3972 MS: 1 EraseBytes-
#27474454	REDUCE cov: 313 ft: 1443 corp: 246/247Kb lim: 4096 exec/s: 9907 rss: 654Mb L: 3816/3837 MS: 2 ChangeByte-EraseBytes-
#27476640	REDUCE cov: 313 ft: 1443 corp: 246/247Kb lim: 4096 exec/s: 9905 rss: 654Mb L: 3549/3837 MS: 1 EraseBytes-
#27479097	REDUCE cov: 313 ft: 1443 corp: 246/246Kb lim: 4096 exec/s: 9905 rss: 654Mb L: 3095/3837 MS: 2 ChangeBit-EraseBytes-
#27501318	REDUCE cov: 313 ft: 1443 corp: 246/246Kb lim: 4096 exec/s: 9903 rss: 654Mb L: 3393/3837 MS: 1 EraseBytes-
#27511064	REDUCE cov: 313 ft: 1443 corp: 246/246Kb lim: 4096 exec/s: 9903 rss: 654Mb L: 2992/3837 MS: 1 CrossOver-
#27559390	REDUCE cov: 313 ft: 1443 corp: 246/246Kb lim: 4096 exec/s: 9902 rss: 654Mb L: 248/3837 MS: 1 EraseBytes-
#27653872	REDUCE cov: 313 ft: 1443 corp: 246/246Kb lim: 4096 exec/s: 9897 rss: 654Mb L: 3352/3837 MS: 2 PersAutoDict-EraseBytes- DE: "V\000\000\000\000\000\000\000"-
#27694194	REDUCE cov: 313 ft: 1443 corp: 246/246Kb lim: 4096 exec/s: 9894 rss: 654Mb L: 493/3837 MS: 2 EraseBytes-InsertByte-
#27731835	REDUCE cov: 313 ft: 1443 corp: 246/246Kb lim: 4096 exec/s: 9893 rss: 654Mb L: 2952/3837 MS: 1 EraseBytes-
#27761597	REDUCE cov: 313 ft: 1444 corp: 247/249Kb lim: 4096 exec/s: 9890 rss: 654Mb L: 3307/3837 MS: 2 PersAutoDict-CrossOver- DE: "\000\000\000\000\000\000\000,"-
#27763258	REDUCE cov: 313 ft: 1444 corp: 247/249Kb lim: 4096 exec/s: 9890 rss: 654Mb L: 3112/3837 MS: 1 EraseBytes-
#27769484	REDUCE cov: 313 ft: 1445 corp: 248/253Kb lim: 4096 exec/s: 9889 rss: 654Mb L: 3756/3837 MS: 1 PersAutoDict- DE: "\304\265\223q\340\001\000\000\000\000\000\000\000\000\001\000\000\000\000\000\000\000\002\304\265\223q\340\231_\000\002"-
#27773770	REDUCE cov: 313 ft: 1445 corp: 248/253Kb lim: 4096 exec/s: 9890 rss: 654Mb L: 905/3837 MS: 1 EraseBytes-
#27788491	REDUCE cov: 313 ft: 1445 corp: 248/253Kb lim: 4096 exec/s: 9889 rss: 654Mb L: 3687/3837 MS: 1 EraseBytes-
#27832328	REDUCE cov: 313 ft: 1445 corp: 248/253Kb lim: 4096 exec/s: 9883 rss: 654Mb L: 3828/3828 MS: 2 ShuffleBytes-EraseBytes-
#27833374	REDUCE cov: 313 ft: 1445 corp: 248/253Kb lim: 4096 exec/s: 9884 rss: 654Mb L: 340/3828 MS: 1 EraseBytes-
#27836990	REDUCE cov: 313 ft: 1445 corp: 248/253Kb lim: 4096 exec/s: 9881 rss: 654Mb L: 3678/3828 MS: 1 EraseBytes-
#27850646	REDUCE cov: 313 ft: 1445 corp: 248/253Kb lim: 4096 exec/s: 9879 rss: 654Mb L: 134/3828 MS: 1 EraseBytes-
#28043812	REDUCE cov: 313 ft: 1445 corp: 248/253Kb lim: 4096 exec/s: 9857 rss: 654Mb L: 2943/3828 MS: 1 EraseBytes-
#28092878	REDUCE cov: 313 ft: 1445 corp: 248/253Kb lim: 4096 exec/s: 9853 rss: 655Mb L: 1025/3828 MS: 1 EraseBytes-
#28176727	REDUCE cov: 313 ft: 1445 corp: 248/253Kb lim: 4096 exec/s: 9845 rss: 655Mb L: 295/3828 MS: 4 EraseBytes-CopyPart-CopyPart-CopyPart-
#28195498	REDUCE cov: 313 ft: 1445 corp: 248/253Kb lim: 4096 exec/s: 9841 rss: 655Mb L: 1782/3828 MS: 1 EraseBytes-
#28216759	REDUCE cov: 313 ft: 1445 corp: 248/253Kb lim: 4096 exec/s: 9841 rss: 655Mb L: 305/3828 MS: 1 EraseBytes-
#28221271	REDUCE cov: 313 ft: 1445 corp: 248/252Kb lim: 4096 exec/s: 9840 rss: 655Mb L: 3094/3828 MS: 2 ChangeBit-EraseBytes-
#28239458	REDUCE cov: 313 ft: 1445 corp: 248/252Kb lim: 4096 exec/s: 9839 rss: 655Mb L: 3092/3828 MS: 2 CMP-EraseBytes- DE: "\304\265\223q\340\031_\020\232\300\030\243\265\362\353\374\373\241\000\000\002\000\000\200\000\000\000\000\000)\000\000"-
#28288504	REDUCE cov: 313 ft: 1445 corp: 248/252Kb lim: 4096 exec/s: 9839 rss: 656Mb L: 936/3828 MS: 1 EraseBytes-
#28319285	REDUCE cov: 313 ft: 1445 corp: 248/252Kb lim: 4096 exec/s: 9843 rss: 656Mb L: 1783/3828 MS: 1 EraseBytes-
#28384356	REDUCE cov: 313 ft: 1445 corp: 248/252Kb lim: 4096 exec/s: 9845 rss: 656Mb L: 3646/3828 MS: 1 EraseBytes-
#28426557	REDUCE cov: 313 ft: 1445 corp: 248/252Kb lim: 4096 exec/s: 9839 rss: 656Mb L: 108/3828 MS: 1 EraseBytes-
#28478869	REDUCE cov: 313 ft: 1445 corp: 248/252Kb lim: 4096 exec/s: 9830 rss: 656Mb L: 605/3828 MS: 2 ChangeBit-EraseBytes-
#28559927	REDUCE cov: 313 ft: 1445 corp: 248/252Kb lim: 4096 exec/s: 9827 rss: 656Mb L: 1777/3828 MS: 3 ChangeByte-ChangeBinInt-EraseBytes-
#28733223	REDUCE cov: 313 ft: 1445 corp: 248/252Kb lim: 4096 exec/s: 9806 rss: 656Mb L: 3083/3828 MS: 1 EraseBytes-
#28870154	REDUCE cov: 313 ft: 1445 corp: 248/252Kb lim: 4096 exec/s: 9806 rss: 657Mb L: 1865/3828 MS: 1 EraseBytes-
#29010055	REDUCE cov: 313 ft: 1445 corp: 248/252Kb lim: 4096 exec/s: 9787 rss: 657Mb L: 1774/3828 MS: 1 EraseBytes-
#29146963	REDUCE cov: 313 ft: 1445 corp: 248/252Kb lim: 4096 exec/s: 9771 rss: 657Mb L: 401/3828 MS: 3 ChangeBinInt-ChangeBit-EraseBytes-
#29576759	REDUCE cov: 313 ft: 1445 corp: 248/252Kb lim: 4096 exec/s: 9758 rss: 659Mb L: 1091/3828 MS: 1 EraseBytes-
#29614740	REDUCE cov: 313 ft: 1445 corp: 248/252Kb lim: 4096 exec/s: 9751 rss: 659Mb L: 304/3828 MS: 1 EraseBytes-
#29754200	REDUCE cov: 313 ft: 1445 corp: 248/252Kb lim: 4096 exec/s: 9739 rss: 659Mb L: 3305/3828 MS: 5 InsertByte-CMP-CMP-ChangeBinInt-EraseBytes- DE: "\001\000\000\000\000\000\005A"-"s\000\000\000"-
#29970557	REDUCE cov: 313 ft: 1445 corp: 248/252Kb lim: 4096 exec/s: 9733 rss: 659Mb L: 1126/3828 MS: 2 ChangeByte-EraseBytes-
#30279565	REDUCE cov: 313 ft: 1445 corp: 248/252Kb lim: 4096 exec/s: 9714 rss: 660Mb L: 175/3828 MS: 3 EraseBytes-ChangeBinInt-CrossOver-
#30529906	REDUCE cov: 313 ft: 1445 corp: 248/252Kb lim: 4096 exec/s: 9704 rss: 660Mb L: 1249/3828 MS: 1 EraseBytes-
#30827278	REDUCE cov: 313 ft: 1445 corp: 248/252Kb lim: 4096 exec/s: 9684 rss: 660Mb L: 3166/3828 MS: 2 ChangeBit-EraseBytes-
#30911349	REDUCE cov: 313 ft: 1445 corp: 248/252Kb lim: 4096 exec/s: 9677 rss: 661Mb L: 143/3828 MS: 1 EraseBytes-
#31352182	REDUCE cov: 313 ft: 1445 corp: 248/252Kb lim: 4096 exec/s: 9649 rss: 666Mb L: 889/3828 MS: 3 CMP-CMP-EraseBytes- DE: "\001\000\000\012"-"\013\000"-
#31415866	REDUCE cov: 313 ft: 1445 corp: 248/252Kb lim: 4096 exec/s: 9645 rss: 666Mb L: 3689/3828 MS: 4 ChangeBit-ChangeByte-ChangeBit-EraseBytes-
#31482483	REDUCE cov: 313 ft: 1445 corp: 248/252Kb lim: 4096 exec/s: 9642 rss: 666Mb L: 34/3828 MS: 2 EraseBytes-CopyPart-
#31655960	REDUCE cov: 313 ft: 1445 corp: 248/252Kb lim: 4096 exec/s: 9633 rss: 666Mb L: 939/3828 MS: 2 ChangeASCIIInt-CrossOver-
#31813836	REDUCE cov: 313 ft: 1445 corp: 248/252Kb lim: 4096 exec/s: 9620 rss: 666Mb L: 2936/3828 MS: 1 EraseBytes-
#31836702	REDUCE cov: 313 ft: 1445 corp: 248/252Kb lim: 4096 exec/s: 9618 rss: 666Mb L: 339/3828 MS: 1 EraseBytes-
#32032968	REDUCE cov: 313 ft: 1445 corp: 248/252Kb lim: 4096 exec/s: 9599 rss: 666Mb L: 2450/3828 MS: 1 EraseBytes-
#32127034	REDUCE cov: 313 ft: 1445 corp: 248/252Kb lim: 4096 exec/s: 9598 rss: 666Mb L: 238/3828 MS: 1 EraseBytes-
#32315156	REDUCE cov: 313 ft: 1445 corp: 248/252Kb lim: 4096 exec/s: 9589 rss: 666Mb L: 822/3828 MS: 2 PersAutoDict-EraseBytes- DE: "-\000\000\000\000\000\000\000"-
#32492388	REDUCE cov: 313 ft: 1445 corp: 248/251Kb lim: 4096 exec/s: 9590 rss: 666Mb L: 2117/3828 MS: 2 EraseBytes-PersAutoDict- DE: "\376\377\377\366"-
#32675764	REDUCE cov: 313 ft: 1445 corp: 248/251Kb lim: 4096 exec/s: 9579 rss: 666Mb L: 937/3828 MS: 1 EraseBytes-
#32868095	REDUCE cov: 313 ft: 1445 corp: 248/251Kb lim: 4096 exec/s: 9565 rss: 666Mb L: 932/3828 MS: 1 EraseBytes-
#33122566	REDUCE cov: 313 ft: 1445 corp: 248/251Kb lim: 4096 exec/s: 9553 rss: 666Mb L: 1393/3828 MS: 1 EraseBytes-
#33148615	REDUCE cov: 313 ft: 1445 corp: 248/251Kb lim: 4096 exec/s: 9552 rss: 666Mb L: 253/3828 MS: 4 EraseBytes-ChangeBit-InsertByte-ChangeBit-
#33210051	REDUCE cov: 313 ft: 1445 corp: 248/251Kb lim: 4096 exec/s: 9545 rss: 666Mb L: 935/3828 MS: 1 EraseBytes-
#33424332	REDUCE cov: 313 ft: 1445 corp: 248/251Kb lim: 4096 exec/s: 9533 rss: 666Mb L: 1643/3828 MS: 1 EraseBytes-
#33519940	REDUCE cov: 313 ft: 1445 corp: 248/251Kb lim: 4096 exec/s: 9530 rss: 666Mb L: 525/3828 MS: 3 EraseBytes-ChangeBinInt-InsertByte-
#33543707	REDUCE cov: 313 ft: 1445 corp: 248/251Kb lim: 4096 exec/s: 9532 rss: 666Mb L: 1917/3828 MS: 2 ChangeBinInt-EraseBytes-
#33554432	pulse  cov: 313 ft: 1445 corp: 248/251Kb lim: 4096 exec/s: 9532 rss: 666Mb
#33673183	REDUCE cov: 313 ft: 1445 corp: 248/251Kb lim: 4096 exec/s: 9528 rss: 666Mb L: 934/3828 MS: 1 EraseBytes-
#33806639	REDUCE cov: 313 ft: 1445 corp: 248/251Kb lim: 4096 exec/s: 9525 rss: 666Mb L: 848/3828 MS: 1 EraseBytes-
#33997906	REDUCE cov: 313 ft: 1445 corp: 248/251Kb lim: 4096 exec/s: 9515 rss: 666Mb L: 3787/3787 MS: 2 ChangeBinInt-EraseBytes-
#34208242	REDUCE cov: 313 ft: 1445 corp: 248/251Kb lim: 4096 exec/s: 9499 rss: 666Mb L: 473/3787 MS: 1 EraseBytes-
#34290244	REDUCE cov: 313 ft: 1445 corp: 248/251Kb lim: 4096 exec/s: 9496 rss: 666Mb L: 932/3787 MS: 2 ShuffleBytes-EraseBytes-
#34467975	REDUCE cov: 313 ft: 1445 corp: 248/251Kb lim: 4096 exec/s: 9482 rss: 666Mb L: 3187/3787 MS: 1 CrossOver-
#34622981	REDUCE cov: 313 ft: 1445 corp: 248/251Kb lim: 4096 exec/s: 9470 rss: 666Mb L: 437/3787 MS: 1 EraseBytes-
#34828332	REDUCE cov: 313 ft: 1445 corp: 248/251Kb lim: 4096 exec/s: 9464 rss: 666Mb L: 229/3787 MS: 1 EraseBytes-
#35171153	REDUCE cov: 313 ft: 1445 corp: 248/251Kb lim: 4096 exec/s: 9449 rss: 666Mb L: 791/3787 MS: 1 EraseBytes-
#35365850	REDUCE cov: 313 ft: 1445 corp: 248/251Kb lim: 4096 exec/s: 9438 rss: 666Mb L: 650/3787 MS: 2 ChangeBinInt-EraseBytes-
#35378065	REDUCE cov: 313 ft: 1445 corp: 248/251Kb lim: 4096 exec/s: 9436 rss: 666Mb L: 1295/3787 MS: 5 ShuffleBytes-ShuffleBytes-ChangeBit-CopyPart-EraseBytes-
#35493006	REDUCE cov: 313 ft: 1445 corp: 248/251Kb lim: 4096 exec/s: 9432 rss: 666Mb L: 200/3787 MS: 1 EraseBytes-
#35515612	REDUCE cov: 313 ft: 1445 corp: 248/251Kb lim: 4096 exec/s: 9430 rss: 666Mb L: 3082/3787 MS: 1 EraseBytes-
#35562028	REDUCE cov: 313 ft: 1445 corp: 248/251Kb lim: 4096 exec/s: 9430 rss: 666Mb L: 930/3787 MS: 1 EraseBytes-
#35714014	REDUCE cov: 313 ft: 1445 corp: 248/251Kb lim: 4096 exec/s: 9423 rss: 666Mb L: 3778/3778 MS: 1 EraseBytes-
#36048045	REDUCE cov: 313 ft: 1445 corp: 248/251Kb lim: 4096 exec/s: 9404 rss: 666Mb L: 927/3778 MS: 1 EraseBytes-
#36360482	REDUCE cov: 313 ft: 1445 corp: 248/251Kb lim: 4096 exec/s: 9388 rss: 666Mb L: 3302/3778 MS: 2 PersAutoDict-EraseBytes- DE: "\000\000\000\000\000\000\002I"-
#36767298	REDUCE cov: 313 ft: 1445 corp: 248/251Kb lim: 4096 exec/s: 9374 rss: 666Mb L: 915/3778 MS: 1 EraseBytes-
#37049209	REDUCE cov: 313 ft: 1445 corp: 248/251Kb lim: 4096 exec/s: 9367 rss: 667Mb L: 3458/3778 MS: 1 EraseBytes-
#37101550	REDUCE cov: 313 ft: 1445 corp: 248/251Kb lim: 4096 exec/s: 9361 rss: 667Mb L: 1733/3778 MS: 1 EraseBytes-
#37109041	REDUCE cov: 313 ft: 1445 corp: 248/251Kb lim: 4096 exec/s: 9361 rss: 667Mb L: 596/3778 MS: 1 EraseBytes-
#37461559	REDUCE cov: 313 ft: 1445 corp: 248/251Kb lim: 4096 exec/s: 9346 rss: 667Mb L: 3307/3778 MS: 3 PersAutoDict-EraseBytes-ChangeBit- DE: "\014\000\000\000\000\000\000\000"-
#37571160	REDUCE cov: 313 ft: 1445 corp: 248/251Kb lim: 4096 exec/s: 9343 rss: 668Mb L: 1625/3778 MS: 1 EraseBytes-
#37722201	REDUCE cov: 313 ft: 1445 corp: 248/251Kb lim: 4096 exec/s: 9341 rss: 668Mb L: 1763/3778 MS: 1 EraseBytes-
#37994504	REDUCE cov: 313 ft: 1445 corp: 248/250Kb lim: 4096 exec/s: 9335 rss: 668Mb L: 2982/3778 MS: 3 ChangeByte-EraseBytes-ChangeByte-
#38038960	REDUCE cov: 313 ft: 1445 corp: 248/250Kb lim: 4096 exec/s: 9334 rss: 668Mb L: 211/3778 MS: 1 EraseBytes-
#38353141	REDUCE cov: 313 ft: 1445 corp: 248/250Kb lim: 4096 exec/s: 9322 rss: 668Mb L: 595/3778 MS: 1 EraseBytes-
#38765053	REDUCE cov: 313 ft: 1445 corp: 248/250Kb lim: 4096 exec/s: 9289 rss: 669Mb L: 3501/3778 MS: 2 EraseBytes-ChangeBinInt-
#38811688	REDUCE cov: 313 ft: 1445 corp: 248/250Kb lim: 4096 exec/s: 9289 rss: 670Mb L: 3453/3778 MS: 5 PersAutoDict-PersAutoDict-ChangeASCIIInt-ChangeByte-EraseBytes- DE: "\001\000"-"\000\000\000\014"-
#39108059	REDUCE cov: 313 ft: 1445 corp: 248/250Kb lim: 4096 exec/s: 9282 rss: 670Mb L: 1736/3778 MS: 1 EraseBytes-
#39148290	REDUCE cov: 313 ft: 1445 corp: 248/250Kb lim: 4096 exec/s: 9279 rss: 670Mb L: 2736/3778 MS: 1 CrossOver-
#39170502	REDUCE cov: 313 ft: 1445 corp: 248/250Kb lim: 4096 exec/s: 9279 rss: 670Mb L: 134/3778 MS: 2 CopyPart-EraseBytes-
#39412968	REDUCE cov: 313 ft: 1445 corp: 248/250Kb lim: 4096 exec/s: 9271 rss: 670Mb L: 1750/3778 MS: 1 EraseBytes-
#39437054	REDUCE cov: 313 ft: 1445 corp: 248/250Kb lim: 4096 exec/s: 9270 rss: 670Mb L: 3680/3778 MS: 1 EraseBytes-
#39505351	REDUCE cov: 313 ft: 1445 corp: 248/250Kb lim: 4096 exec/s: 9264 rss: 670Mb L: 469/3778 MS: 2 ChangeByte-EraseBytes-
#39632192	REDUCE cov: 313 ft: 1445 corp: 248/250Kb lim: 4096 exec/s: 9259 rss: 670Mb L: 1876/3778 MS: 1 EraseBytes-
#39780338	REDUCE cov: 313 ft: 1445 corp: 248/250Kb lim: 4096 exec/s: 9257 rss: 670Mb L: 3561/3778 MS: 1 CrossOver-
#39997365	REDUCE cov: 313 ft: 1445 corp: 248/250Kb lim: 4096 exec/s: 9250 rss: 670Mb L: 873/3778 MS: 2 PersAutoDict-EraseBytes- DE: "\000\000\000\000"-
#40692191	REDUCE cov: 313 ft: 1445 corp: 248/250Kb lim: 4096 exec/s: 9233 rss: 681Mb L: 2715/3778 MS: 1 EraseBytes-
#40720912	REDUCE cov: 313 ft: 1445 corp: 248/250Kb lim: 4096 exec/s: 9233 rss: 681Mb L: 924/3778 MS: 1 EraseBytes-
#40802423	REDUCE cov: 313 ft: 1445 corp: 248/250Kb lim: 4096 exec/s: 9233 rss: 681Mb L: 1910/3778 MS: 1 CrossOver-
#40865129	REDUCE cov: 313 ft: 1445 corp: 248/250Kb lim: 4096 exec/s: 9232 rss: 681Mb L: 3598/3778 MS: 1 EraseBytes-
#41021606	REDUCE cov: 313 ft: 1445 corp: 248/250Kb lim: 4096 exec/s: 9220 rss: 681Mb L: 1099/3778 MS: 2 EraseBytes-CopyPart-
#41236702	REDUCE cov: 313 ft: 1445 corp: 248/250Kb lim: 4096 exec/s: 9208 rss: 681Mb L: 3687/3739 MS: 1 EraseBytes-
#41613694	REDUCE cov: 313 ft: 1445 corp: 248/250Kb lim: 4096 exec/s: 9192 rss: 681Mb L: 210/3739 MS: 2 EraseBytes-ShuffleBytes-
#41714667	REDUCE cov: 313 ft: 1445 corp: 248/250Kb lim: 4096 exec/s: 9188 rss: 681Mb L: 1928/3739 MS: 3 ChangeBit-ChangeByte-EraseBytes-
#41747518	REDUCE cov: 313 ft: 1445 corp: 248/249Kb lim: 4096 exec/s: 9187 rss: 683Mb L: 1610/3739 MS: 1 EraseBytes-
#42124915	REDUCE cov: 313 ft: 1445 corp: 248/249Kb lim: 4096 exec/s: 9167 rss: 683Mb L: 559/3739 MS: 2 ChangeByte-EraseBytes-
#42352711	REDUCE cov: 313 ft: 1445 corp: 248/249Kb lim: 4096 exec/s: 9159 rss: 683Mb L: 392/3739 MS: 1 EraseBytes-
#42524117	REDUCE cov: 313 ft: 1445 corp: 248/249Kb lim: 4096 exec/s: 9152 rss: 683Mb L: 653/3739 MS: 1 EraseBytes-
#42582173	REDUCE cov: 313 ft: 1445 corp: 248/249Kb lim: 4096 exec/s: 9151 rss: 683Mb L: 230/3739 MS: 1 EraseBytes-
#42638189	REDUCE cov: 313 ft: 1445 corp: 248/249Kb lim: 4096 exec/s: 9147 rss: 683Mb L: 1648/3739 MS: 1 EraseBytes-
#42762248	REDUCE cov: 313 ft: 1445 corp: 248/249Kb lim: 4096 exec/s: 9141 rss: 683Mb L: 2183/3739 MS: 4 EraseBytes-CMP-ChangeBinInt-CrossOver- DE: "\272\377\377\377"-
#43045550	REDUCE cov: 313 ft: 1445 corp: 248/249Kb lim: 4096 exec/s: 9135 rss: 683Mb L: 698/3739 MS: 2 CMP-EraseBytes- DE: "\001\000\000\000\000\000\000\005"-
#43199082	REDUCE cov: 313 ft: 1445 corp: 248/249Kb lim: 4096 exec/s: 9132 rss: 685Mb L: 1367/3739 MS: 2 ChangeASCIIInt-EraseBytes-
#43306538	REDUCE cov: 313 ft: 1445 corp: 248/249Kb lim: 4096 exec/s: 9128 rss: 685Mb L: 2927/3739 MS: 1 EraseBytes-
#43720590	REDUCE cov: 313 ft: 1445 corp: 248/249Kb lim: 4096 exec/s: 9117 rss: 685Mb L: 2919/3739 MS: 2 InsertRepeatedBytes-EraseBytes-
#43722467	REDUCE cov: 313 ft: 1445 corp: 248/249Kb lim: 4096 exec/s: 9118 rss: 685Mb L: 1502/3739 MS: 2 ChangeBinInt-EraseBytes-
#43726978	REDUCE cov: 313 ft: 1445 corp: 248/249Kb lim: 4096 exec/s: 9119 rss: 685Mb L: 431/3739 MS: 1 EraseBytes-
#43782299	REDUCE cov: 313 ft: 1445 corp: 248/249Kb lim: 4096 exec/s: 9115 rss: 685Mb L: 915/3739 MS: 1 EraseBytes-
#43975435	REDUCE cov: 313 ft: 1445 corp: 248/249Kb lim: 4096 exec/s: 9102 rss: 685Mb L: 2910/3739 MS: 1 EraseBytes-
#44010366	REDUCE cov: 313 ft: 1445 corp: 248/249Kb lim: 4096 exec/s: 9100 rss: 685Mb L: 1831/3739 MS: 1 EraseBytes-
#44012767	REDUCE cov: 313 ft: 1445 corp: 248/249Kb lim: 4096 exec/s: 9101 rss: 685Mb L: 1709/3739 MS: 1 EraseBytes-
#44065123	REDUCE cov: 313 ft: 1445 corp: 248/249Kb lim: 4096 exec/s: 9096 rss: 685Mb L: 201/3739 MS: 1 EraseBytes-
#44167154	REDUCE cov: 313 ft: 1445 corp: 248/249Kb lim: 4096 exec/s: 9093 rss: 685Mb L: 3010/3739 MS: 1 EraseBytes-
#44174673	REDUCE cov: 313 ft: 1445 corp: 248/249Kb lim: 4096 exec/s: 9093 rss: 685Mb L: 2893/3739 MS: 4 ChangeBinInt-ShuffleBytes-ChangeByte-EraseBytes-
#44460170	REDUCE cov: 313 ft: 1445 corp: 248/249Kb lim: 4096 exec/s: 9086 rss: 685Mb L: 2101/3739 MS: 2 ChangeBinInt-EraseBytes-
#44595006	REDUCE cov: 313 ft: 1445 corp: 248/249Kb lim: 4096 exec/s: 9084 rss: 686Mb L: 3552/3739 MS: 1 EraseBytes-
#44657587	REDUCE cov: 313 ft: 1445 corp: 248/249Kb lim: 4096 exec/s: 9082 rss: 686Mb L: 1640/3739 MS: 1 EraseBytes-
#44691943	REDUCE cov: 313 ft: 1445 corp: 248/249Kb lim: 4096 exec/s: 9080 rss: 686Mb L: 704/3739 MS: 1 EraseBytes-
#44760585	REDUCE cov: 313 ft: 1445 corp: 248/249Kb lim: 4096 exec/s: 9079 rss: 686Mb L: 181/3739 MS: 2 EraseBytes-ChangeBinInt-
#44801656	REDUCE cov: 313 ft: 1445 corp: 248/249Kb lim: 4096 exec/s: 9076 rss: 687Mb L: 2909/3739 MS: 1 EraseBytes-
#44988828	REDUCE cov: 313 ft: 1445 corp: 248/249Kb lim: 4096 exec/s: 9070 rss: 687Mb L: 804/3739 MS: 2 ChangeBit-EraseBytes-
#45157844	REDUCE cov: 313 ft: 1445 corp: 248/249Kb lim: 4096 exec/s: 9064 rss: 687Mb L: 3589/3739 MS: 1 EraseBytes-
#45159070	REDUCE cov: 313 ft: 1445 corp: 248/249Kb lim: 4096 exec/s: 9062 rss: 687Mb L: 1574/3739 MS: 1 EraseBytes-
#45167447	REDUCE cov: 313 ft: 1445 corp: 248/248Kb lim: 4096 exec/s: 9062 rss: 687Mb L: 2843/3739 MS: 2 InsertByte-EraseBytes-
#45436244	REDUCE cov: 313 ft: 1445 corp: 248/248Kb lim: 4096 exec/s: 9052 rss: 687Mb L: 438/3739 MS: 2 EraseBytes-ChangeBinInt-
#45561640	REDUCE cov: 313 ft: 1445 corp: 248/248Kb lim: 4096 exec/s: 9048 rss: 687Mb L: 2701/3739 MS: 1 EraseBytes-
#45817215	REDUCE cov: 313 ft: 1445 corp: 248/248Kb lim: 4096 exec/s: 9047 rss: 688Mb L: 2774/3739 MS: 5 EraseBytes-ChangeBinInt-ChangeBit-ShuffleBytes-ChangeBit-
#46158616	REDUCE cov: 313 ft: 1445 corp: 248/248Kb lim: 4096 exec/s: 9040 rss: 689Mb L: 134/3739 MS: 1 EraseBytes-
#46182612	REDUCE cov: 313 ft: 1445 corp: 248/248Kb lim: 4096 exec/s: 9037 rss: 689Mb L: 2688/3739 MS: 1 EraseBytes-
#46496459	REDUCE cov: 313 ft: 1445 corp: 248/248Kb lim: 4096 exec/s: 9024 rss: 689Mb L: 2614/3739 MS: 2 ChangeBinInt-EraseBytes-
#46697036	REDUCE cov: 313 ft: 1445 corp: 248/248Kb lim: 4096 exec/s: 9018 rss: 689Mb L: 217/3739 MS: 2 EraseBytes-EraseBytes-
#46771112	REDUCE cov: 313 ft: 1445 corp: 248/248Kb lim: 4096 exec/s: 9015 rss: 689Mb L: 1366/3739 MS: 1 EraseBytes-
#46825238	REDUCE cov: 313 ft: 1445 corp: 248/248Kb lim: 4096 exec/s: 9011 rss: 689Mb L: 97/3739 MS: 1 EraseBytes-
#46951324	REDUCE cov: 313 ft: 1445 corp: 248/248Kb lim: 4096 exec/s: 9008 rss: 689Mb L: 2712/3739 MS: 1 EraseBytes-
#47122616	REDUCE cov: 313 ft: 1445 corp: 248/248Kb lim: 4096 exec/s: 9004 rss: 689Mb L: 2877/3739 MS: 2 ChangeByte-EraseBytes-
#47153964	REDUCE cov: 313 ft: 1445 corp: 248/248Kb lim: 4096 exec/s: 9005 rss: 689Mb L: 2872/3739 MS: 3 ChangeBit-PersAutoDict-EraseBytes- DE: "\377\377\377\030"-
#47212405	REDUCE cov: 313 ft: 1445 corp: 248/248Kb lim: 4096 exec/s: 9006 rss: 689Mb L: 703/3739 MS: 1 EraseBytes-
#47412547	REDUCE cov: 313 ft: 1445 corp: 248/248Kb lim: 4096 exec/s: 9001 rss: 690Mb L: 1084/3739 MS: 2 ChangeBinInt-EraseBytes-
#47440283	REDUCE cov: 313 ft: 1445 corp: 248/248Kb lim: 4096 exec/s: 9000 rss: 690Mb L: 550/3739 MS: 1 EraseBytes-
#47791659	REDUCE cov: 313 ft: 1445 corp: 248/248Kb lim: 4096 exec/s: 8996 rss: 690Mb L: 1043/3739 MS: 1 EraseBytes-
#47902352	REDUCE cov: 313 ft: 1445 corp: 248/246Kb lim: 4096 exec/s: 8997 rss: 691Mb L: 1784/3739 MS: 3 ChangeBinInt-EraseBytes-ShuffleBytes-
#47915738	REDUCE cov: 313 ft: 1445 corp: 248/246Kb lim: 4096 exec/s: 8996 rss: 691Mb L: 979/3739 MS: 1 EraseBytes-
#47999727	REDUCE cov: 313 ft: 1445 corp: 248/246Kb lim: 4096 exec/s: 8997 rss: 691Mb L: 923/3739 MS: 4 ChangeASCIIInt-ChangeBit-ChangeByte-EraseBytes-
#48101704	REDUCE cov: 313 ft: 1445 corp: 248/246Kb lim: 4096 exec/s: 8997 rss: 691Mb L: 2720/3739 MS: 2 ChangeBit-EraseBytes-
#48167366	REDUCE cov: 313 ft: 1445 corp: 248/246Kb lim: 4096 exec/s: 8998 rss: 691Mb L: 1493/3739 MS: 2 ChangeASCIIInt-EraseBytes-
#48289907	REDUCE cov: 313 ft: 1445 corp: 248/246Kb lim: 4096 exec/s: 8997 rss: 691Mb L: 3684/3739 MS: 1 CrossOver-
#48349078	REDUCE cov: 313 ft: 1445 corp: 248/246Kb lim: 4096 exec/s: 8998 rss: 691Mb L: 176/3739 MS: 1 EraseBytes-
#48464229	REDUCE cov: 313 ft: 1445 corp: 248/246Kb lim: 4096 exec/s: 8996 rss: 691Mb L: 1825/3739 MS: 1 EraseBytes-
#48504255	REDUCE cov: 313 ft: 1445 corp: 248/246Kb lim: 4096 exec/s: 8997 rss: 691Mb L: 3683/3739 MS: 1 EraseBytes-
#48924766	REDUCE cov: 313 ft: 1445 corp: 248/246Kb lim: 4096 exec/s: 8986 rss: 692Mb L: 2679/3739 MS: 1 EraseBytes-
#49180233	REDUCE cov: 313 ft: 1445 corp: 248/246Kb lim: 4096 exec/s: 8981 rss: 693Mb L: 43/3739 MS: 2 ShuffleBytes-EraseBytes-
#49323034	REDUCE cov: 313 ft: 1445 corp: 248/246Kb lim: 4096 exec/s: 8977 rss: 693Mb L: 970/3739 MS: 1 EraseBytes-
#49369651	REDUCE cov: 313 ft: 1445 corp: 248/246Kb lim: 4096 exec/s: 8974 rss: 693Mb L: 2659/3739 MS: 2 CrossOver-ChangeBinInt-
#49486823	REDUCE cov: 313 ft: 1445 corp: 248/246Kb lim: 4096 exec/s: 8969 rss: 693Mb L: 2363/3739 MS: 2 ShuffleBytes-EraseBytes-
#49702974	REDUCE cov: 313 ft: 1445 corp: 248/246Kb lim: 4096 exec/s: 8965 rss: 693Mb L: 439/3739 MS: 1 EraseBytes-
#49746100	REDUCE cov: 313 ft: 1445 corp: 248/246Kb lim: 4096 exec/s: 8964 rss: 693Mb L: 1741/3739 MS: 1 EraseBytes-
#49795931	REDUCE cov: 313 ft: 1445 corp: 248/246Kb lim: 4096 exec/s: 8962 rss: 693Mb L: 1869/3739 MS: 1 EraseBytes-
#49803827	REDUCE cov: 313 ft: 1445 corp: 248/246Kb lim: 4096 exec/s: 8962 rss: 693Mb L: 3012/3739 MS: 1 EraseBytes-
#50052963	REDUCE cov: 313 ft: 1445 corp: 248/246Kb lim: 4096 exec/s: 8955 rss: 693Mb L: 383/3739 MS: 1 EraseBytes-
#50597673	REDUCE cov: 313 ft: 1445 corp: 248/246Kb lim: 4096 exec/s: 8944 rss: 694Mb L: 1484/3739 MS: 5 PersAutoDict-ShuffleBytes-ChangeBit-ChangeByte-EraseBytes- DE: "\011\000\000\000\000\000\000\000"-
#50645831	REDUCE cov: 313 ft: 1445 corp: 248/246Kb lim: 4096 exec/s: 8941 rss: 694Mb L: 1822/3739 MS: 3 InsertRepeatedBytes-ShuffleBytes-EraseBytes-
#50700878	REDUCE cov: 313 ft: 1445 corp: 248/246Kb lim: 4096 exec/s: 8940 rss: 694Mb L: 2651/3739 MS: 2 ChangeASCIIInt-EraseBytes-
#50743894	REDUCE cov: 313 ft: 1445 corp: 248/246Kb lim: 4096 exec/s: 8938 rss: 694Mb L: 1339/3739 MS: 1 EraseBytes-
#50938980	REDUCE cov: 313 ft: 1445 corp: 248/246Kb lim: 4096 exec/s: 8933 rss: 694Mb L: 220/3739 MS: 1 EraseBytes-
#51053483	REDUCE cov: 313 ft: 1445 corp: 248/246Kb lim: 4096 exec/s: 8928 rss: 694Mb L: 1440/3739 MS: 3 ChangeBit-ChangeASCIIInt-EraseBytes-
#51060440	REDUCE cov: 313 ft: 1445 corp: 248/246Kb lim: 4096 exec/s: 8928 rss: 695Mb L: 1781/3739 MS: 2 ChangeASCIIInt-EraseBytes-
#51106082	REDUCE cov: 313 ft: 1445 corp: 248/246Kb lim: 4096 exec/s: 8925 rss: 695Mb L: 2081/3739 MS: 2 ChangeBit-EraseBytes-
#51216859	REDUCE cov: 313 ft: 1445 corp: 248/246Kb lim: 4096 exec/s: 8921 rss: 695Mb L: 185/3739 MS: 2 InsertByte-EraseBytes-
#51402735	REDUCE cov: 313 ft: 1445 corp: 248/246Kb lim: 4096 exec/s: 8917 rss: 696Mb L: 1735/3739 MS: 1 EraseBytes-
#51482017	REDUCE cov: 313 ft: 1445 corp: 248/246Kb lim: 4096 exec/s: 8916 rss: 696Mb L: 786/3739 MS: 2 ChangeBit-EraseBytes-
#51530073	REDUCE cov: 313 ft: 1445 corp: 248/246Kb lim: 4096 exec/s: 8915 rss: 696Mb L: 1740/3739 MS: 1 EraseBytes-
#51569902	REDUCE cov: 313 ft: 1445 corp: 248/246Kb lim: 4096 exec/s: 8915 rss: 696Mb L: 2522/3739 MS: 4 ChangeByte-ChangeBit-ChangeBinInt-EraseBytes-
#51787576	REDUCE cov: 313 ft: 1445 corp: 248/246Kb lim: 4096 exec/s: 8913 rss: 696Mb L: 2643/3739 MS: 4 ChangeByte-ChangeBit-ShuffleBytes-EraseBytes-
#51857153	REDUCE cov: 313 ft: 1446 corp: 249/249Kb lim: 4096 exec/s: 8911 rss: 696Mb L: 3683/3739 MS: 2 ChangeByte-ChangeBinInt-
#52026629	REDUCE cov: 313 ft: 1446 corp: 249/249Kb lim: 4096 exec/s: 8908 rss: 696Mb L: 411/3739 MS: 1 EraseBytes-
#52033577	REDUCE cov: 313 ft: 1446 corp: 249/249Kb lim: 4096 exec/s: 8909 rss: 696Mb L: 128/3739 MS: 3 ShuffleBytes-EraseBytes-CopyPart-
#52052936	REDUCE cov: 313 ft: 1446 corp: 249/249Kb lim: 4096 exec/s: 8908 rss: 696Mb L: 118/3739 MS: 4 CrossOver-CopyPart-ChangeBinInt-EraseBytes-
#52078678	REDUCE cov: 313 ft: 1446 corp: 249/249Kb lim: 4096 exec/s: 8909 rss: 696Mb L: 429/3739 MS: 1 EraseBytes-
#52079655	REDUCE cov: 313 ft: 1446 corp: 249/249Kb lim: 4096 exec/s: 8910 rss: 696Mb L: 111/3739 MS: 2 CMP-EraseBytes- DE: "\003\000\000\000\000\000\000\000"-
#52091892	REDUCE cov: 313 ft: 1446 corp: 249/249Kb lim: 4096 exec/s: 8909 rss: 696Mb L: 96/3739 MS: 1 EraseBytes-
#52154885	REDUCE cov: 313 ft: 1446 corp: 249/249Kb lim: 4096 exec/s: 8907 rss: 697Mb L: 80/3739 MS: 2 CopyPart-EraseBytes-
#52257222	REDUCE cov: 313 ft: 1446 corp: 249/249Kb lim: 4096 exec/s: 8903 rss: 697Mb L: 3707/3707 MS: 1 EraseBytes-
#52644840	REDUCE cov: 313 ft: 1446 corp: 249/249Kb lim: 4096 exec/s: 8888 rss: 697Mb L: 547/3707 MS: 3 ChangeByte-EraseBytes-ChangeByte-
#52685156	REDUCE cov: 313 ft: 1446 corp: 249/249Kb lim: 4096 exec/s: 8887 rss: 697Mb L: 882/3707 MS: 1 EraseBytes-
#52847408	REDUCE cov: 313 ft: 1446 corp: 249/249Kb lim: 4096 exec/s: 8883 rss: 698Mb L: 1038/3707 MS: 2 ShuffleBytes-EraseBytes-
#53006689	REDUCE cov: 313 ft: 1446 corp: 249/249Kb lim: 4096 exec/s: 8878 rss: 698Mb L: 3379/3707 MS: 1 EraseBytes-
#53096901	REDUCE cov: 313 ft: 1446 corp: 249/249Kb lim: 4096 exec/s: 8876 rss: 698Mb L: 670/3707 MS: 2 ChangeBit-EraseBytes-
#53111432	REDUCE cov: 313 ft: 1446 corp: 249/249Kb lim: 4096 exec/s: 8875 rss: 698Mb L: 1158/3707 MS: 1 EraseBytes-
#53410798	REDUCE cov: 313 ft: 1446 corp: 249/249Kb lim: 4096 exec/s: 8875 rss: 698Mb L: 79/3707 MS: 1 EraseBytes-
#53618763	REDUCE cov: 313 ft: 1446 corp: 249/249Kb lim: 4096 exec/s: 8877 rss: 698Mb L: 2160/3707 MS: 5 ShuffleBytes-InsertByte-EraseBytes-ChangeBit-ChangeByte-
#54423729	REDUCE cov: 313 ft: 1446 corp: 249/249Kb lim: 4096 exec/s: 8859 rss: 700Mb L: 821/3707 MS: 1 EraseBytes-
#54530006	REDUCE cov: 313 ft: 1446 corp: 249/249Kb lim: 4096 exec/s: 8856 rss: 700Mb L: 2066/3707 MS: 2 ChangeByte-EraseBytes-
#54953589	REDUCE cov: 313 ft: 1446 corp: 249/248Kb lim: 4096 exec/s: 8847 rss: 700Mb L: 1738/3707 MS: 3 CopyPart-ShuffleBytes-EraseBytes-
#55117897	REDUCE cov: 313 ft: 1446 corp: 249/248Kb lim: 4096 exec/s: 8841 rss: 700Mb L: 1717/3707 MS: 3 ShuffleBytes-ShuffleBytes-EraseBytes-
#55248104	REDUCE cov: 313 ft: 1446 corp: 249/248Kb lim: 4096 exec/s: 8838 rss: 700Mb L: 2497/3707 MS: 2 ShuffleBytes-EraseBytes-
#55249627	REDUCE cov: 313 ft: 1446 corp: 249/248Kb lim: 4096 exec/s: 8838 rss: 700Mb L: 1402/3707 MS: 3 ChangeBinInt-ChangeBinInt-EraseBytes-
#55411933	REDUCE cov: 313 ft: 1446 corp: 249/248Kb lim: 4096 exec/s: 8833 rss: 701Mb L: 554/3707 MS: 1 EraseBytes-
#55539540	REDUCE cov: 313 ft: 1446 corp: 249/248Kb lim: 4096 exec/s: 8831 rss: 701Mb L: 1230/3707 MS: 2 InsertRepeatedBytes-EraseBytes-
#55890886	REDUCE cov: 313 ft: 1446 corp: 249/248Kb lim: 4096 exec/s: 8835 rss: 701Mb L: 918/3707 MS: 1 EraseBytes-
#56078757	REDUCE cov: 313 ft: 1446 corp: 249/248Kb lim: 4096 exec/s: 8838 rss: 701Mb L: 1533/3707 MS: 1 EraseBytes-
#56248648	REDUCE cov: 313 ft: 1446 corp: 249/248Kb lim: 4096 exec/s: 8841 rss: 701Mb L: 1667/3707 MS: 1 EraseBytes-
#56417835	REDUCE cov: 313 ft: 1446 corp: 249/248Kb lim: 4096 exec/s: 8841 rss: 701Mb L: 116/3707 MS: 2 InsertRepeatedBytes-EraseBytes-
#56460357	REDUCE cov: 313 ft: 1446 corp: 249/248Kb lim: 4096 exec/s: 8844 rss: 701Mb L: 1917/3707 MS: 2 ShuffleBytes-EraseBytes-
#57792453	REDUCE cov: 313 ft: 1446 corp: 249/248Kb lim: 4096 exec/s: 8877 rss: 702Mb L: 1860/3707 MS: 1 EraseBytes-
#58024125	REDUCE cov: 313 ft: 1446 corp: 249/248Kb lim: 4096 exec/s: 8880 rss: 702Mb L: 1364/3707 MS: 2 ChangeASCIIInt-EraseBytes-
#58252817	REDUCE cov: 313 ft: 1446 corp: 249/248Kb lim: 4096 exec/s: 8882 rss: 702Mb L: 394/3707 MS: 2 ChangeBit-EraseBytes-
#58255615	REDUCE cov: 313 ft: 1446 corp: 249/248Kb lim: 4096 exec/s: 8883 rss: 702Mb L: 34/3707 MS: 3 ChangeByte-ChangeBit-EraseBytes-
#58349612	REDUCE cov: 313 ft: 1446 corp: 249/248Kb lim: 4096 exec/s: 8885 rss: 702Mb L: 365/3707 MS: 2 ShuffleBytes-EraseBytes-
#59012703	REDUCE cov: 313 ft: 1446 corp: 249/248Kb lim: 4096 exec/s: 8903 rss: 703Mb L: 2250/3707 MS: 1 EraseBytes-
#59341459	REDUCE cov: 313 ft: 1446 corp: 249/248Kb lim: 4096 exec/s: 8912 rss: 703Mb L: 1695/3707 MS: 1 EraseBytes-
#59554660	REDUCE cov: 313 ft: 1446 corp: 249/248Kb lim: 4096 exec/s: 8920 rss: 703Mb L: 349/3707 MS: 1 EraseBytes-
#59732257	REDUCE cov: 313 ft: 1446 corp: 249/248Kb lim: 4096 exec/s: 8924 rss: 703Mb L: 1699/3707 MS: 2 ChangeBit-EraseBytes-
#60611454	REDUCE cov: 313 ft: 1446 corp: 249/248Kb lim: 4096 exec/s: 8938 rss: 704Mb L: 2034/3707 MS: 2 ChangeBit-EraseBytes-
#60824551	REDUCE cov: 313 ft: 1446 corp: 249/248Kb lim: 4096 exec/s: 8942 rss: 704Mb L: 3580/3707 MS: 2 ChangeASCIIInt-EraseBytes-
#60854227	REDUCE cov: 313 ft: 1446 corp: 249/248Kb lim: 4096 exec/s: 8942 rss: 704Mb L: 864/3707 MS: 1 EraseBytes-
#61244252	REDUCE cov: 313 ft: 1446 corp: 249/248Kb lim: 4096 exec/s: 8947 rss: 705Mb L: 1492/3707 MS: 5 ChangeBit-ShuffleBytes-ShuffleBytes-ChangeByte-EraseBytes-
#61245448	REDUCE cov: 313 ft: 1446 corp: 249/247Kb lim: 4096 exec/s: 8946 rss: 705Mb L: 1793/3707 MS: 1 EraseBytes-
#61322564	REDUCE cov: 313 ft: 1446 corp: 249/247Kb lim: 4096 exec/s: 8946 rss: 705Mb L: 1915/3707 MS: 1 CrossOver-
#62031681	REDUCE cov: 313 ft: 1446 corp: 249/247Kb lim: 4096 exec/s: 8957 rss: 705Mb L: 1810/3707 MS: 2 EraseBytes-ChangeBit-
#62627064	REDUCE cov: 313 ft: 1446 corp: 249/247Kb lim: 4096 exec/s: 8964 rss: 705Mb L: 1674/3707 MS: 3 ChangeByte-ShuffleBytes-CrossOver-
#62794246	REDUCE cov: 313 ft: 1446 corp: 249/247Kb lim: 4096 exec/s: 8965 rss: 705Mb L: 1410/3707 MS: 2 ShuffleBytes-EraseBytes-
#63186603	REDUCE cov: 313 ft: 1446 corp: 249/247Kb lim: 4096 exec/s: 8970 rss: 705Mb L: 888/3707 MS: 2 ChangeByte-EraseBytes-
#63552824	REDUCE cov: 313 ft: 1446 corp: 249/247Kb lim: 4096 exec/s: 8975 rss: 706Mb L: 3391/3707 MS: 1 EraseBytes-
#63675195	REDUCE cov: 313 ft: 1446 corp: 249/247Kb lim: 4096 exec/s: 8979 rss: 706Mb L: 1401/3707 MS: 1 EraseBytes-
#64668640	REDUCE cov: 313 ft: 1446 corp: 249/247Kb lim: 4096 exec/s: 8991 rss: 707Mb L: 504/3707 MS: 5 ChangeByte-InsertRepeatedBytes-ShuffleBytes-ChangeBit-EraseBytes-
#64877832	REDUCE cov: 313 ft: 1446 corp: 249/247Kb lim: 4096 exec/s: 8998 rss: 707Mb L: 3539/3707 MS: 2 PersAutoDict-EraseBytes- DE: "\376\377\377\366"-
#64979658	REDUCE cov: 313 ft: 1446 corp: 249/247Kb lim: 4096 exec/s: 9001 rss: 707Mb L: 538/3707 MS: 1 EraseBytes-
#65322554	REDUCE cov: 313 ft: 1446 corp: 249/247Kb lim: 4096 exec/s: 9007 rss: 707Mb L: 694/3707 MS: 1 EraseBytes-
#65427010	REDUCE cov: 313 ft: 1446 corp: 249/247Kb lim: 4096 exec/s: 9009 rss: 707Mb L: 456/3707 MS: 1 EraseBytes-
#66329731	REDUCE cov: 313 ft: 1446 corp: 249/247Kb lim: 4096 exec/s: 9025 rss: 708Mb L: 189/3707 MS: 1 EraseBytes-
#66857813	REDUCE cov: 313 ft: 1446 corp: 249/247Kb lim: 4096 exec/s: 9032 rss: 709Mb L: 1690/3707 MS: 2 CMP-EraseBytes- DE: "\204\317\270\254d\012\000\000"-
#66910063	REDUCE cov: 313 ft: 1446 corp: 249/247Kb lim: 4096 exec/s: 9033 rss: 709Mb L: 2939/3707 MS: 5 ChangeASCIIInt-ChangeByte-ChangeByte-EraseBytes-ChangeByte-
#67108864	pulse  cov: 313 ft: 1446 corp: 249/247Kb lim: 4096 exec/s: 9034 rss: 709Mb
#67567514	REDUCE cov: 313 ft: 1446 corp: 249/247Kb lim: 4096 exec/s: 9039 rss: 709Mb L: 3673/3707 MS: 1 EraseBytes-
#67631120	REDUCE cov: 313 ft: 1446 corp: 249/247Kb lim: 4096 exec/s: 9039 rss: 709Mb L: 95/3707 MS: 1 EraseBytes-
#68097501	REDUCE cov: 313 ft: 1446 corp: 249/247Kb lim: 4096 exec/s: 9051 rss: 710Mb L: 1383/3707 MS: 1 EraseBytes-
#68278669	REDUCE cov: 313 ft: 1446 corp: 249/247Kb lim: 4096 exec/s: 9054 rss: 710Mb L: 102/3707 MS: 3 CopyPart-CMP-EraseBytes- DE: "\326\377\377\377"-
#68876645	REDUCE cov: 313 ft: 1446 corp: 249/247Kb lim: 4096 exec/s: 9065 rss: 710Mb L: 1656/3707 MS: 1 EraseBytes-
#70439316	REDUCE cov: 313 ft: 1446 corp: 249/247Kb lim: 4096 exec/s: 9091 rss: 717Mb L: 1245/3707 MS: 1 EraseBytes-
#70790842	REDUCE cov: 313 ft: 1446 corp: 249/247Kb lim: 4096 exec/s: 9094 rss: 717Mb L: 685/3707 MS: 1 EraseBytes-
#71077243	REDUCE cov: 313 ft: 1446 corp: 249/247Kb lim: 4096 exec/s: 9094 rss: 717Mb L: 2930/3707 MS: 1 EraseBytes-
#72153006	REDUCE cov: 313 ft: 1446 corp: 249/247Kb lim: 4096 exec/s: 9102 rss: 717Mb L: 332/3707 MS: 3 ChangeByte-EraseBytes-ShuffleBytes-
#72325002	REDUCE cov: 313 ft: 1446 corp: 249/247Kb lim: 4096 exec/s: 9102 rss: 717Mb L: 364/3707 MS: 1 EraseBytes-
#72848018	REDUCE cov: 313 ft: 1446 corp: 249/247Kb lim: 4096 exec/s: 9106 rss: 717Mb L: 878/3707 MS: 1 EraseBytes-
#73136940	REDUCE cov: 313 ft: 1446 corp: 249/246Kb lim: 4096 exec/s: 9106 rss: 717Mb L: 2839/3707 MS: 2 ChangeBinInt-EraseBytes-
#73493548	REDUCE cov: 313 ft: 1446 corp: 249/246Kb lim: 4096 exec/s: 9108 rss: 717Mb L: 396/3707 MS: 3 PersAutoDict-EraseBytes-CMP- DE: "\000\000"-"\304\265\223q\340\031_\020\232\300\030\243\000\004\000\000\000\000\000\0009\000\000\001\000\000\000\000\000\000\000\001"-
#73610844	REDUCE cov: 313 ft: 1446 corp: 249/246Kb lim: 4096 exec/s: 9107 rss: 717Mb L: 1700/3707 MS: 1 EraseBytes-
#74273795	REDUCE cov: 313 ft: 1446 corp: 249/246Kb lim: 4096 exec/s: 9112 rss: 717Mb L: 180/3707 MS: 1 EraseBytes-
#74619196	REDUCE cov: 313 ft: 1446 corp: 249/246Kb lim: 4096 exec/s: 9105 rss: 717Mb L: 1244/3707 MS: 1 EraseBytes-
#75081277	REDUCE cov: 313 ft: 1446 corp: 249/246Kb lim: 4096 exec/s: 9097 rss: 717Mb L: 1585/3707 MS: 1 EraseBytes-
#75094448	REDUCE cov: 313 ft: 1446 corp: 249/246Kb lim: 4096 exec/s: 9096 rss: 717Mb L: 2817/3707 MS: 1 EraseBytes-
#76531849	REDUCE cov: 313 ft: 1446 corp: 249/246Kb lim: 4096 exec/s: 9082 rss: 717Mb L: 1654/3707 MS: 1 EraseBytes-
#78613136	REDUCE cov: 313 ft: 1446 corp: 249/246Kb lim: 4096 exec/s: 9069 rss: 718Mb L: 1162/3707 MS: 2 EraseBytes-ShuffleBytes-
#78613692	REDUCE cov: 313 ft: 1446 corp: 249/246Kb lim: 4096 exec/s: 9069 rss: 718Mb L: 1645/3707 MS: 1 EraseBytes-
#78844029	REDUCE cov: 313 ft: 1446 corp: 249/246Kb lim: 4096 exec/s: 9067 rss: 718Mb L: 102/3707 MS: 1 EraseBytes-
#78991140	REDUCE cov: 313 ft: 1446 corp: 249/246Kb lim: 4096 exec/s: 9066 rss: 718Mb L: 1624/3707 MS: 1 EraseBytes-
#79226672	REDUCE cov: 313 ft: 1446 corp: 249/246Kb lim: 4096 exec/s: 9064 rss: 718Mb L: 301/3707 MS: 2 ChangeBinInt-EraseBytes-
#79728979	REDUCE cov: 313 ft: 1446 corp: 249/246Kb lim: 4096 exec/s: 9061 rss: 718Mb L: 430/3707 MS: 2 ChangeBinInt-EraseBytes-
#80212943	REDUCE cov: 313 ft: 1446 corp: 249/246Kb lim: 4096 exec/s: 9054 rss: 719Mb L: 352/3707 MS: 4 ShuffleBytes-ShuffleBytes-ShuffleBytes-EraseBytes-
#80285290	REDUCE cov: 313 ft: 1446 corp: 249/246Kb lim: 4096 exec/s: 9054 rss: 719Mb L: 3537/3707 MS: 2 ShuffleBytes-EraseBytes-
#80782361	REDUCE cov: 313 ft: 1446 corp: 249/246Kb lim: 4096 exec/s: 9053 rss: 719Mb L: 1144/3707 MS: 1 EraseBytes-
#80843648	REDUCE cov: 313 ft: 1446 corp: 249/246Kb lim: 4096 exec/s: 9053 rss: 720Mb L: 2665/3707 MS: 2 ChangeBit-EraseBytes-
#81041671	REDUCE cov: 313 ft: 1446 corp: 249/246Kb lim: 4096 exec/s: 9050 rss: 720Mb L: 175/3707 MS: 3 ChangeBinInt-ChangeBinInt-EraseBytes-
#81313388	REDUCE cov: 313 ft: 1446 corp: 249/246Kb lim: 4096 exec/s: 9049 rss: 720Mb L: 708/3707 MS: 2 ChangeByte-EraseBytes-
#81423524	REDUCE cov: 313 ft: 1446 corp: 249/246Kb lim: 4096 exec/s: 9047 rss: 720Mb L: 863/3707 MS: 1 EraseBytes-
#81488147	REDUCE cov: 313 ft: 1446 corp: 249/246Kb lim: 4096 exec/s: 9046 rss: 720Mb L: 307/3707 MS: 3 ChangeASCIIInt-ChangeASCIIInt-EraseBytes-
#82149094	REDUCE cov: 313 ft: 1446 corp: 249/246Kb lim: 4096 exec/s: 9040 rss: 720Mb L: 3137/3707 MS: 2 ShuffleBytes-EraseBytes-
#82284085	REDUCE cov: 313 ft: 1446 corp: 249/246Kb lim: 4096 exec/s: 9040 rss: 720Mb L: 3596/3707 MS: 1 EraseBytes-
#82528088	REDUCE cov: 313 ft: 1446 corp: 249/246Kb lim: 4096 exec/s: 9039 rss: 720Mb L: 2739/3707 MS: 3 ChangeBit-ChangeBit-EraseBytes-
#84219749	REDUCE cov: 313 ft: 1446 corp: 249/246Kb lim: 4096 exec/s: 9030 rss: 720Mb L: 2016/3707 MS: 1 EraseBytes-
#84415165	REDUCE cov: 313 ft: 1446 corp: 249/246Kb lim: 4096 exec/s: 9032 rss: 720Mb L: 1121/3707 MS: 1 EraseBytes-
#85126351	REDUCE cov: 313 ft: 1446 corp: 249/246Kb lim: 4096 exec/s: 9031 rss: 720Mb L: 2650/3707 MS: 1 EraseBytes-
#85248113	REDUCE cov: 313 ft: 1446 corp: 249/246Kb lim: 4096 exec/s: 9030 rss: 720Mb L: 154/3707 MS: 2 CopyPart-EraseBytes-
#85406780	REDUCE cov: 313 ft: 1446 corp: 249/246Kb lim: 4096 exec/s: 9027 rss: 720Mb L: 3659/3683 MS: 2 ChangeASCIIInt-CrossOver-
#85408486	REDUCE cov: 313 ft: 1446 corp: 249/246Kb lim: 4096 exec/s: 9027 rss: 720Mb L: 3645/3683 MS: 1 EraseBytes-
#85431871	REDUCE cov: 313 ft: 1446 corp: 249/246Kb lim: 4096 exec/s: 9027 rss: 720Mb L: 3609/3683 MS: 4 EraseBytes-PersAutoDict-ChangeBinInt-InsertRepeatedBytes- DE: "\013\000"-
#85612104	REDUCE cov: 313 ft: 1446 corp: 249/246Kb lim: 4096 exec/s: 9025 rss: 720Mb L: 3574/3683 MS: 1 EraseBytes-
#85713331	REDUCE cov: 313 ft: 1446 corp: 249/246Kb lim: 4096 exec/s: 9027 rss: 720Mb L: 408/3683 MS: 1 EraseBytes-
#85946592	REDUCE cov: 313 ft: 1446 corp: 249/246Kb lim: 4096 exec/s: 9024 rss: 721Mb L: 3556/3683 MS: 1 EraseBytes-
#86078113	REDUCE cov: 313 ft: 1446 corp: 249/246Kb lim: 4096 exec/s: 9022 rss: 721Mb L: 3546/3683 MS: 1 EraseBytes-
#86128547	REDUCE cov: 313 ft: 1446 corp: 249/246Kb lim: 4096 exec/s: 9022 rss: 721Mb L: 1367/3683 MS: 3 InsertByte-ChangeBit-EraseBytes-
#86452601	REDUCE cov: 313 ft: 1446 corp: 249/246Kb lim: 4096 exec/s: 9021 rss: 722Mb L: 389/3683 MS: 4 ShuffleBytes-ShuffleBytes-ChangeByte-EraseBytes-
#86463170	REDUCE cov: 313 ft: 1446 corp: 249/246Kb lim: 4096 exec/s: 9021 rss: 722Mb L: 382/3683 MS: 4 PersAutoDict-ChangeBit-CopyPart-EraseBytes- DE: "\011\000\000\000\000\000\000\000"-
#86646392	REDUCE cov: 313 ft: 1446 corp: 249/246Kb lim: 4096 exec/s: 9019 rss: 722Mb L: 3528/3683 MS: 1 EraseBytes-
#87084618	REDUCE cov: 313 ft: 1446 corp: 249/246Kb lim: 4096 exec/s: 9013 rss: 722Mb L: 1112/3683 MS: 1 EraseBytes-
#87245842	REDUCE cov: 313 ft: 1446 corp: 249/246Kb lim: 4096 exec/s: 9011 rss: 723Mb L: 257/3683 MS: 4 InsertRepeatedBytes-ShuffleBytes-ChangeBinInt-EraseBytes-
#87458353	REDUCE cov: 313 ft: 1446 corp: 249/246Kb lim: 4096 exec/s: 9007 rss: 723Mb L: 3527/3683 MS: 1 EraseBytes-
#87664449	REDUCE cov: 313 ft: 1446 corp: 249/245Kb lim: 4096 exec/s: 9006 rss: 723Mb L: 2689/3683 MS: 1 EraseBytes-
#87749531	REDUCE cov: 313 ft: 1446 corp: 249/245Kb lim: 4096 exec/s: 9004 rss: 723Mb L: 687/3683 MS: 2 EraseBytes-ChangeByte-
#88037447	REDUCE cov: 313 ft: 1446 corp: 249/245Kb lim: 4096 exec/s: 9003 rss: 723Mb L: 2004/3683 MS: 1 CrossOver-
#88253668	REDUCE cov: 313 ft: 1446 corp: 249/245Kb lim: 4096 exec/s: 9001 rss: 724Mb L: 2648/3683 MS: 1 EraseBytes-
#88633309	REDUCE cov: 313 ft: 1446 corp: 249/245Kb lim: 4096 exec/s: 9001 rss: 724Mb L: 171/3683 MS: 1 EraseBytes-
#88633746	REDUCE cov: 313 ft: 1446 corp: 249/245Kb lim: 4096 exec/s: 9001 rss: 724Mb L: 256/3683 MS: 2 InsertRepeatedBytes-EraseBytes-
#88718618	REDUCE cov: 313 ft: 1446 corp: 249/245Kb lim: 4096 exec/s: 9000 rss: 724Mb L: 2648/3683 MS: 2 CMP-EraseBytes- DE: "\377\377\377\377\377\377\002\366"-
#89554740	REDUCE cov: 313 ft: 1447 corp: 250/249Kb lim: 4096 exec/s: 8997 rss: 725Mb L: 3501/3683 MS: 2 ChangeBit-ChangeByte-
#89646811	REDUCE cov: 313 ft: 1447 corp: 250/249Kb lim: 4096 exec/s: 8996 rss: 725Mb L: 381/3683 MS: 1 EraseBytes-
#89649384	REDUCE cov: 313 ft: 1447 corp: 250/249Kb lim: 4096 exec/s: 8996 rss: 725Mb L: 1198/3683 MS: 3 ChangeASCIIInt-ChangeBinInt-EraseBytes-
#90247201	REDUCE cov: 313 ft: 1447 corp: 250/249Kb lim: 4096 exec/s: 8990 rss: 728Mb L: 3515/3683 MS: 2 ChangeASCIIInt-EraseBytes-
#90413247	REDUCE cov: 313 ft: 1447 corp: 250/249Kb lim: 4096 exec/s: 8989 rss: 728Mb L: 1536/3683 MS: 1 EraseBytes-
#90766728	REDUCE cov: 313 ft: 1447 corp: 250/249Kb lim: 4096 exec/s: 8985 rss: 728Mb L: 1566/3683 MS: 1 EraseBytes-
#91158171	REDUCE cov: 313 ft: 1447 corp: 250/249Kb lim: 4096 exec/s: 8984 rss: 728Mb L: 255/3683 MS: 3 ShuffleBytes-ShuffleBytes-EraseBytes-
#91237038	REDUCE cov: 313 ft: 1447 corp: 250/249Kb lim: 4096 exec/s: 8985 rss: 728Mb L: 194/3683 MS: 2 ChangeBit-EraseBytes-
#92037231	REDUCE cov: 313 ft: 1447 corp: 250/248Kb lim: 4096 exec/s: 8977 rss: 728Mb L: 1569/3683 MS: 3 ShuffleBytes-EraseBytes-ShuffleBytes-
#92978737	REDUCE cov: 313 ft: 1447 corp: 250/248Kb lim: 4096 exec/s: 8970 rss: 728Mb L: 1712/3683 MS: 1 EraseBytes-
#93286358	REDUCE cov: 313 ft: 1447 corp: 250/248Kb lim: 4096 exec/s: 8968 rss: 728Mb L: 3587/3683 MS: 1 EraseBytes-
#93325959	REDUCE cov: 313 ft: 1447 corp: 250/248Kb lim: 4096 exec/s: 8967 rss: 728Mb L: 3514/3683 MS: 1 EraseBytes-
#93431255	REDUCE cov: 313 ft: 1447 corp: 250/248Kb lim: 4096 exec/s: 8965 rss: 729Mb L: 1527/3683 MS: 1 EraseBytes-
#93866847	REDUCE cov: 313 ft: 1447 corp: 250/248Kb lim: 4096 exec/s: 8964 rss: 729Mb L: 1482/3683 MS: 2 ChangeASCIIInt-CrossOver-
#94014838	REDUCE cov: 313 ft: 1447 corp: 250/248Kb lim: 4096 exec/s: 8963 rss: 729Mb L: 3528/3683 MS: 1 EraseBytes-
#94325844	REDUCE cov: 313 ft: 1447 corp: 250/248Kb lim: 4096 exec/s: 8961 rss: 729Mb L: 190/3683 MS: 1 EraseBytes-
#94644716	REDUCE cov: 313 ft: 1447 corp: 250/248Kb lim: 4096 exec/s: 8956 rss: 738Mb L: 463/3683 MS: 2 ChangeBinInt-EraseBytes-
#95376132	REDUCE cov: 313 ft: 1447 corp: 250/248Kb lim: 4096 exec/s: 8953 rss: 739Mb L: 395/3683 MS: 1 EraseBytes-
#95414723	REDUCE cov: 313 ft: 1447 corp: 250/248Kb lim: 4096 exec/s: 8953 rss: 739Mb L: 3623/3683 MS: 1 EraseBytes-
#95548239	REDUCE cov: 313 ft: 1447 corp: 250/248Kb lim: 4096 exec/s: 8951 rss: 739Mb L: 1984/3683 MS: 1 EraseBytes-
#95836430	REDUCE cov: 313 ft: 1447 corp: 250/248Kb lim: 4096 exec/s: 8951 rss: 740Mb L: 1149/3683 MS: 1 EraseBytes-
#95918463	REDUCE cov: 313 ft: 1447 corp: 250/248Kb lim: 4096 exec/s: 8951 rss: 740Mb L: 750/3683 MS: 3 PersAutoDict-ChangeByte-EraseBytes- DE: "\376\377\377U"-
#96164806	REDUCE cov: 313 ft: 1447 corp: 250/248Kb lim: 4096 exec/s: 8948 rss: 740Mb L: 799/3683 MS: 3 CMP-ChangeBit-EraseBytes- DE: "\031\000\000\000\000\000\000\000"-
#96468155	REDUCE cov: 313 ft: 1447 corp: 250/248Kb lim: 4096 exec/s: 8944 rss: 740Mb L: 2607/3683 MS: 4 ChangeBit-EraseBytes-ChangeBinInt-ChangeBinInt-
#96862336	REDUCE cov: 313 ft: 1447 corp: 250/248Kb lim: 4096 exec/s: 8937 rss: 741Mb L: 874/3683 MS: 1 EraseBytes-
#97628398	REDUCE cov: 313 ft: 1447 corp: 250/248Kb lim: 4096 exec/s: 8937 rss: 741Mb L: 298/3683 MS: 2 ShuffleBytes-EraseBytes-
#97951899	REDUCE cov: 313 ft: 1447 corp: 250/248Kb lim: 4096 exec/s: 8935 rss: 742Mb L: 1358/3683 MS: 1 EraseBytes-
#98018640	REDUCE cov: 313 ft: 1447 corp: 250/248Kb lim: 4096 exec/s: 8935 rss: 742Mb L: 2318/3683 MS: 1 EraseBytes-
#98504031	REDUCE cov: 313 ft: 1447 corp: 250/248Kb lim: 4096 exec/s: 8928 rss: 743Mb L: 3447/3683 MS: 1 EraseBytes-
#98798122	REDUCE cov: 313 ft: 1447 corp: 250/248Kb lim: 4096 exec/s: 8924 rss: 743Mb L: 1082/3683 MS: 1 EraseBytes-
#98855983	REDUCE cov: 313 ft: 1447 corp: 250/248Kb lim: 4096 exec/s: 8926 rss: 743Mb L: 421/3683 MS: 1 EraseBytes-
#98893090	REDUCE cov: 313 ft: 1447 corp: 250/248Kb lim: 4096 exec/s: 8926 rss: 743Mb L: 1576/3683 MS: 2 ShuffleBytes-EraseBytes-
#98978491	REDUCE cov: 313 ft: 1447 corp: 250/248Kb lim: 4096 exec/s: 8926 rss: 743Mb L: 905/3683 MS: 1 EraseBytes-
#100128392	REDUCE cov: 313 ft: 1447 corp: 250/248Kb lim: 4096 exec/s: 8919 rss: 744Mb L: 394/3683 MS: 1 EraseBytes-
#100149038	REDUCE cov: 313 ft: 1447 corp: 250/248Kb lim: 4096 exec/s: 8918 rss: 744Mb L: 3513/3683 MS: 1 EraseBytes-
#100296059	REDUCE cov: 313 ft: 1447 corp: 250/248Kb lim: 4096 exec/s: 8916 rss: 744Mb L: 1073/3683 MS: 1 EraseBytes-
#101036760	REDUCE cov: 313 ft: 1447 corp: 250/248Kb lim: 4096 exec/s: 8908 rss: 745Mb L: 362/3683 MS: 1 EraseBytes-
#101133041	REDUCE cov: 313 ft: 1447 corp: 250/248Kb lim: 4096 exec/s: 8909 rss: 745Mb L: 3484/3683 MS: 1 EraseBytes-
#101486442	REDUCE cov: 313 ft: 1447 corp: 250/248Kb lim: 4096 exec/s: 8910 rss: 746Mb L: 1518/3683 MS: 1 EraseBytes-
#101637283	REDUCE cov: 313 ft: 1447 corp: 250/248Kb lim: 4096 exec/s: 8909 rss: 746Mb L: 3481/3683 MS: 1 EraseBytes-
#102028174	REDUCE cov: 313 ft: 1447 corp: 250/248Kb lim: 4096 exec/s: 8906 rss: 746Mb L: 2488/3683 MS: 1 EraseBytes-
#102099865	REDUCE cov: 313 ft: 1447 corp: 250/248Kb lim: 4096 exec/s: 8906 rss: 746Mb L: 788/3683 MS: 1 EraseBytes-
#102755771	REDUCE cov: 313 ft: 1447 corp: 250/248Kb lim: 4096 exec/s: 8902 rss: 747Mb L: 1349/3683 MS: 1 EraseBytes-
#102823852	REDUCE cov: 313 ft: 1447 corp: 250/248Kb lim: 4096 exec/s: 8902 rss: 747Mb L: 2309/3683 MS: 1 EraseBytes-
#103103053	REDUCE cov: 313 ft: 1447 corp: 250/248Kb lim: 4096 exec/s: 8902 rss: 747Mb L: 741/3683 MS: 1 EraseBytes-
#103260840	REDUCE cov: 313 ft: 1447 corp: 250/248Kb lim: 4096 exec/s: 8901 rss: 747Mb L: 608/3683 MS: 2 ChangeBinInt-EraseBytes-
#103292068	REDUCE cov: 313 ft: 1447 corp: 250/248Kb lim: 4096 exec/s: 8900 rss: 747Mb L: 3422/3683 MS: 3 ChangeByte-ChangeBinInt-CrossOver-
#103776789	REDUCE cov: 313 ft: 1447 corp: 250/247Kb lim: 4096 exec/s: 8901 rss: 747Mb L: 1048/3683 MS: 1 EraseBytes-
#103817371	REDUCE cov: 313 ft: 1447 corp: 250/247Kb lim: 4096 exec/s: 8902 rss: 747Mb L: 353/3683 MS: 2 ChangeByte-EraseBytes-
#104607112	REDUCE cov: 313 ft: 1447 corp: 250/247Kb lim: 4096 exec/s: 8900 rss: 748Mb L: 865/3683 MS: 1 EraseBytes-
#105042828	REDUCE cov: 313 ft: 1447 corp: 250/247Kb lim: 4096 exec/s: 8898 rss: 748Mb L: 1482/3683 MS: 1 EraseBytes-
#105193379	REDUCE cov: 313 ft: 1447 corp: 250/247Kb lim: 4096 exec/s: 8898 rss: 748Mb L: 1562/3683 MS: 1 EraseBytes-
#106150096	REDUCE cov: 313 ft: 1447 corp: 250/247Kb lim: 4096 exec/s: 8894 rss: 750Mb L: 998/3683 MS: 2 ChangeBinInt-EraseBytes-
#106303952	REDUCE cov: 313 ft: 1447 corp: 250/247Kb lim: 4096 exec/s: 8892 rss: 750Mb L: 676/3683 MS: 1 EraseBytes-
#106336548	REDUCE cov: 313 ft: 1447 corp: 250/247Kb lim: 4096 exec/s: 8892 rss: 750Mb L: 979/3683 MS: 1 EraseBytes-
#106576730	REDUCE cov: 313 ft: 1447 corp: 250/247Kb lim: 4096 exec/s: 8889 rss: 750Mb L: 367/3683 MS: 2 EraseBytes-ChangeByte-
#107048218	REDUCE cov: 313 ft: 1447 corp: 250/247Kb lim: 4096 exec/s: 8889 rss: 750Mb L: 777/3683 MS: 3 ShuffleBytes-ChangeByte-EraseBytes-
#107099519	REDUCE cov: 313 ft: 1447 corp: 250/247Kb lim: 4096 exec/s: 8888 rss: 750Mb L: 1583/3683 MS: 1 EraseBytes-
#107417355	REDUCE cov: 313 ft: 1447 corp: 250/247Kb lim: 4096 exec/s: 8884 rss: 751Mb L: 2584/3683 MS: 1 EraseBytes-
#108066137	REDUCE cov: 313 ft: 1447 corp: 250/247Kb lim: 4096 exec/s: 8877 rss: 751Mb L: 620/3683 MS: 2 ChangeByte-EraseBytes-
#108085828	REDUCE cov: 313 ft: 1447 corp: 250/247Kb lim: 4096 exec/s: 8876 rss: 751Mb L: 428/3683 MS: 1 EraseBytes-
#108595009	REDUCE cov: 313 ft: 1447 corp: 250/247Kb lim: 4096 exec/s: 8872 rss: 752Mb L: 870/3683 MS: 1 EraseBytes-
#108778105	REDUCE cov: 313 ft: 1447 corp: 250/247Kb lim: 4096 exec/s: 8872 rss: 752Mb L: 579/3683 MS: 1 EraseBytes-
#108870121	REDUCE cov: 313 ft: 1447 corp: 250/247Kb lim: 4096 exec/s: 8870 rss: 752Mb L: 428/3683 MS: 1 EraseBytes-
#108908533	REDUCE cov: 313 ft: 1447 corp: 250/247Kb lim: 4096 exec/s: 8870 rss: 752Mb L: 752/3683 MS: 2 ShuffleBytes-EraseBytes-
#108980344	REDUCE cov: 313 ft: 1447 corp: 250/247Kb lim: 4096 exec/s: 8871 rss: 752Mb L: 3614/3683 MS: 1 EraseBytes-
#109224905	REDUCE cov: 313 ft: 1447 corp: 250/247Kb lim: 4096 exec/s: 8868 rss: 753Mb L: 324/3683 MS: 1 EraseBytes-
#109268461	REDUCE cov: 313 ft: 1447 corp: 250/247Kb lim: 4096 exec/s: 8867 rss: 753Mb L: 61/3683 MS: 1 EraseBytes-
#109604593	REDUCE cov: 313 ft: 1447 corp: 250/247Kb lim: 4096 exec/s: 8862 rss: 753Mb L: 3573/3683 MS: 2 ChangeBinInt-EraseBytes-
#109617331	REDUCE cov: 313 ft: 1447 corp: 250/247Kb lim: 4096 exec/s: 8862 rss: 753Mb L: 84/3683 MS: 3 CMP-ShuffleBytes-EraseBytes- DE: "\304\265\223q\340\031_\020\232\300\000)\000\000\001\000\000\000\000\000\000\000\000\001\000\000\000\000\000\000\000\000"-
#109739792	REDUCE cov: 313 ft: 1447 corp: 250/247Kb lim: 4096 exec/s: 8862 rss: 753Mb L: 2627/3683 MS: 1 EraseBytes-
#110413288	REDUCE cov: 313 ft: 1447 corp: 250/247Kb lim: 4096 exec/s: 8860 rss: 753Mb L: 1426/3683 MS: 1 CrossOver-
#110499405	REDUCE cov: 313 ft: 1447 corp: 250/247Kb lim: 4096 exec/s: 8859 rss: 753Mb L: 1032/3683 MS: 2 ChangeByte-EraseBytes-
#110579087	REDUCE cov: 313 ft: 1447 corp: 250/247Kb lim: 4096 exec/s: 8859 rss: 753Mb L: 3412/3683 MS: 2 ChangeByte-EraseBytes-
#110658520	REDUCE cov: 313 ft: 1447 corp: 250/247Kb lim: 4096 exec/s: 8860 rss: 754Mb L: 266/3683 MS: 3 ChangeBinInt-ChangeBit-EraseBytes-
#110954377	REDUCE cov: 313 ft: 1447 corp: 250/247Kb lim: 4096 exec/s: 8857 rss: 754Mb L: 1575/3683 MS: 2 ChangeByte-EraseBytes-
#111034653	REDUCE cov: 313 ft: 1447 corp: 250/247Kb lim: 4096 exec/s: 8856 rss: 754Mb L: 2642/3683 MS: 1 EraseBytes-
#111447450	REDUCE cov: 313 ft: 1447 corp: 250/247Kb lim: 4096 exec/s: 8852 rss: 755Mb L: 412/3683 MS: 2 ShuffleBytes-EraseBytes-
#111552051	REDUCE cov: 313 ft: 1447 corp: 250/247Kb lim: 4096 exec/s: 8851 rss: 755Mb L: 1232/3683 MS: 1 EraseBytes-
#111622427	REDUCE cov: 313 ft: 1447 corp: 250/246Kb lim: 4096 exec/s: 8851 rss: 755Mb L: 861/3683 MS: 1 EraseBytes-
#112900163	REDUCE cov: 313 ft: 1447 corp: 250/246Kb lim: 4096 exec/s: 8848 rss: 756Mb L: 3510/3683 MS: 1 EraseBytes-
#113033314	REDUCE cov: 313 ft: 1447 corp: 250/246Kb lim: 4096 exec/s: 8847 rss: 756Mb L: 613/3683 MS: 1 EraseBytes-
#113722760	REDUCE cov: 313 ft: 1447 corp: 250/246Kb lim: 4096 exec/s: 8843 rss: 756Mb L: 2291/3683 MS: 1 EraseBytes-
#113930236	REDUCE cov: 313 ft: 1447 corp: 250/246Kb lim: 4096 exec/s: 8843 rss: 758Mb L: 425/3683 MS: 1 EraseBytes-
#114014212	REDUCE cov: 313 ft: 1447 corp: 250/246Kb lim: 4096 exec/s: 8842 rss: 758Mb L: 3361/3683 MS: 1 EraseBytes-
#114279083	REDUCE cov: 313 ft: 1447 corp: 250/246Kb lim: 4096 exec/s: 8842 rss: 758Mb L: 306/3683 MS: 1 EraseBytes-
#114371845	REDUCE cov: 313 ft: 1447 corp: 250/246Kb lim: 4096 exec/s: 8840 rss: 758Mb L: 772/3683 MS: 2 ChangeByte-EraseBytes-
#114518636	REDUCE cov: 313 ft: 1447 corp: 250/246Kb lim: 4096 exec/s: 8839 rss: 758Mb L: 3469/3683 MS: 1 EraseBytes-
#114959282	REDUCE cov: 313 ft: 1447 corp: 250/246Kb lim: 4096 exec/s: 8835 rss: 758Mb L: 211/3683 MS: 1 EraseBytes-
#115617508	REDUCE cov: 313 ft: 1447 corp: 250/246Kb lim: 4096 exec/s: 8827 rss: 758Mb L: 2623/3683 MS: 1 EraseBytes-
#115728714	REDUCE cov: 313 ft: 1447 corp: 250/246Kb lim: 4096 exec/s: 8826 rss: 758Mb L: 786/3683 MS: 1 EraseBytes-
#116055740	REDUCE cov: 313 ft: 1447 corp: 250/246Kb lim: 4096 exec/s: 8824 rss: 759Mb L: 225/3683 MS: 1 EraseBytes-
#116172597	REDUCE cov: 313 ft: 1447 corp: 250/246Kb lim: 4096 exec/s: 8823 rss: 759Mb L: 798/3683 MS: 2 ShuffleBytes-EraseBytes-
#116211193	REDUCE cov: 313 ft: 1447 corp: 250/246Kb lim: 4096 exec/s: 8823 rss: 759Mb L: 3114/3683 MS: 1 EraseBytes-
#116524854	REDUCE cov: 313 ft: 1447 corp: 250/246Kb lim: 4096 exec/s: 8821 rss: 759Mb L: 3252/3683 MS: 1 EraseBytes-
#116899961	REDUCE cov: 313 ft: 1447 corp: 250/246Kb lim: 4096 exec/s: 8821 rss: 759Mb L: 732/3683 MS: 2 ChangeASCIIInt-EraseBytes-
#116923023	REDUCE cov: 313 ft: 1447 corp: 250/246Kb lim: 4096 exec/s: 8821 rss: 759Mb L: 3378/3683 MS: 2 ShuffleBytes-EraseBytes-
#117163419	REDUCE cov: 313 ft: 1447 corp: 250/246Kb lim: 4096 exec/s: 8821 rss: 759Mb L: 886/3683 MS: 1 EraseBytes-
#117174667	REDUCE cov: 313 ft: 1447 corp: 250/246Kb lim: 4096 exec/s: 8822 rss: 759Mb L: 162/3683 MS: 3 CopyPart-ShuffleBytes-EraseBytes-
#117208688	REDUCE cov: 313 ft: 1447 corp: 250/246Kb lim: 4096 exec/s: 8821 rss: 759Mb L: 779/3683 MS: 1 EraseBytes-
#117291074	REDUCE cov: 313 ft: 1447 corp: 250/246Kb lim: 4096 exec/s: 8821 rss: 759Mb L: 1978/3683 MS: 1 EraseBytes-
#117324460	REDUCE cov: 313 ft: 1447 corp: 250/246Kb lim: 4096 exec/s: 8821 rss: 759Mb L: 3514/3683 MS: 1 EraseBytes-
#117741769	REDUCE cov: 313 ft: 1447 corp: 250/246Kb lim: 4096 exec/s: 8817 rss: 760Mb L: 1557/3683 MS: 4 ShuffleBytes-ChangeByte-ChangeByte-EraseBytes-
#117991530	REDUCE cov: 313 ft: 1447 corp: 250/246Kb lim: 4096 exec/s: 8816 rss: 760Mb L: 1530/3683 MS: 1 EraseBytes-
#118095971	REDUCE cov: 313 ft: 1447 corp: 250/246Kb lim: 4096 exec/s: 8815 rss: 760Mb L: 1784/3683 MS: 1 EraseBytes-
#118147337	REDUCE cov: 313 ft: 1447 corp: 250/246Kb lim: 4096 exec/s: 8815 rss: 760Mb L: 2619/3683 MS: 1 EraseBytes-
#118153993	REDUCE cov: 313 ft: 1447 corp: 250/246Kb lim: 4096 exec/s: 8815 rss: 760Mb L: 641/3683 MS: 1 EraseBytes-
#118510679	REDUCE cov: 313 ft: 1447 corp: 250/246Kb lim: 4096 exec/s: 8813 rss: 761Mb L: 302/3683 MS: 1 EraseBytes-
#118543826	REDUCE cov: 313 ft: 1447 corp: 250/246Kb lim: 4096 exec/s: 8813 rss: 761Mb L: 2583/3683 MS: 2 ChangeByte-EraseBytes-
#119126777	REDUCE cov: 313 ft: 1447 corp: 250/246Kb lim: 4096 exec/s: 8809 rss: 761Mb L: 815/3683 MS: 1 EraseBytes-
#119541604	REDUCE cov: 313 ft: 1447 corp: 250/246Kb lim: 4096 exec/s: 8807 rss: 761Mb L: 929/3683 MS: 2 ChangeBinInt-EraseBytes-
#120216460	REDUCE cov: 313 ft: 1447 corp: 250/246Kb lim: 4096 exec/s: 8801 rss: 762Mb L: 1919/3683 MS: 1 EraseBytes-
#120309672	REDUCE cov: 313 ft: 1447 corp: 250/246Kb lim: 4096 exec/s: 8801 rss: 762Mb L: 2611/3683 MS: 2 ChangeByte-EraseBytes-
#120795643	REDUCE cov: 313 ft: 1447 corp: 250/246Kb lim: 4096 exec/s: 8799 rss: 762Mb L: 3449/3683 MS: 1 EraseBytes-
#120798569	REDUCE cov: 313 ft: 1447 corp: 250/246Kb lim: 4096 exec/s: 8798 rss: 762Mb L: 1775/3683 MS: 1 EraseBytes-
#121113336	REDUCE cov: 313 ft: 1447 corp: 250/246Kb lim: 4096 exec/s: 8798 rss: 763Mb L: 78/3683 MS: 2 ChangeBinInt-EraseBytes-
#121140787	REDUCE cov: 313 ft: 1447 corp: 250/246Kb lim: 4096 exec/s: 8798 rss: 763Mb L: 73/3683 MS: 1 EraseBytes-
#121316949	REDUCE cov: 313 ft: 1447 corp: 250/246Kb lim: 4096 exec/s: 8797 rss: 763Mb L: 71/3683 MS: 1 EraseBytes-
#121430727	REDUCE cov: 313 ft: 1447 corp: 250/246Kb lim: 4096 exec/s: 8796 rss: 763Mb L: 70/3683 MS: 2 ChangeBinInt-EraseBytes-
#121773479	REDUCE cov: 313 ft: 1447 corp: 250/246Kb lim: 4096 exec/s: 8796 rss: 763Mb L: 3543/3683 MS: 1 EraseBytes-
#121786576	REDUCE cov: 313 ft: 1447 corp: 250/246Kb lim: 4096 exec/s: 8796 rss: 763Mb L: 2612/3683 MS: 2 CMP-EraseBytes- DE: "\002\000\000\000\000\000\000\000"-
#122301019	REDUCE cov: 313 ft: 1447 corp: 250/246Kb lim: 4096 exec/s: 8791 rss: 763Mb L: 151/3683 MS: 3 CopyPart-ChangeByte-EraseBytes-
#122343128	REDUCE cov: 313 ft: 1447 corp: 250/246Kb lim: 4096 exec/s: 8791 rss: 763Mb L: 3535/3683 MS: 4 ChangeBit-CopyPart-PersAutoDict-EraseBytes- DE: "s\000\000\000"-
#122343384	REDUCE cov: 313 ft: 1447 corp: 250/246Kb lim: 4096 exec/s: 8791 rss: 763Mb L: 2602/3683 MS: 1 EraseBytes-
#122808340	REDUCE cov: 313 ft: 1447 corp: 250/245Kb lim: 4096 exec/s: 8790 rss: 763Mb L: 1684/3683 MS: 1 EraseBytes-
#123653460	REDUCE cov: 313 ft: 1447 corp: 250/245Kb lim: 4096 exec/s: 8785 rss: 763Mb L: 2224/3683 MS: 5 ChangeASCIIInt-ChangeByte-ChangeBinInt-ShuffleBytes-EraseBytes-
#123689136	REDUCE cov: 313 ft: 1447 corp: 250/245Kb lim: 4096 exec/s: 8785 rss: 763Mb L: 1671/3683 MS: 1 EraseBytes-
#124194812	REDUCE cov: 313 ft: 1447 corp: 250/245Kb lim: 4096 exec/s: 8783 rss: 763Mb L: 66/3683 MS: 1 EraseBytes-
#125182743	REDUCE cov: 313 ft: 1447 corp: 250/245Kb lim: 4096 exec/s: 8780 rss: 764Mb L: 846/3683 MS: 1 EraseBytes-
#125280900	REDUCE cov: 313 ft: 1447 corp: 250/245Kb lim: 4096 exec/s: 8780 rss: 764Mb L: 3508/3683 MS: 2 CMP-EraseBytes- DE: "\304\265\223q\000\000\000\000\000\000\000)\000\000\001\000\000\000\000\000\000\000\001\000\000\000\000\000\000\000\000\000"-
#125575358	REDUCE cov: 313 ft: 1447 corp: 250/245Kb lim: 4096 exec/s: 8779 rss: 764Mb L: 1565/3683 MS: 3 ChangeByte-ShuffleBytes-EraseBytes-
#126297914	REDUCE cov: 313 ft: 1447 corp: 250/245Kb lim: 4096 exec/s: 8775 rss: 764Mb L: 1515/3683 MS: 1 EraseBytes-
#126310341	REDUCE cov: 313 ft: 1447 corp: 250/245Kb lim: 4096 exec/s: 8775 rss: 764Mb L: 2584/3683 MS: 2 PersAutoDict-EraseBytes- DE: "\031\000\000\000\000\000\000\000"-
#126335014	REDUCE cov: 313 ft: 1447 corp: 250/245Kb lim: 4096 exec/s: 8775 rss: 764Mb L: 1521/3683 MS: 3 ChangeASCIIInt-ChangeByte-EraseBytes-
#126342900	REDUCE cov: 313 ft: 1447 corp: 250/245Kb lim: 4096 exec/s: 8775 rss: 764Mb L: 797/3683 MS: 1 EraseBytes-
#126948986	REDUCE cov: 313 ft: 1447 corp: 250/245Kb lim: 4096 exec/s: 8775 rss: 765Mb L: 2276/3683 MS: 1 CrossOver-
#127192637	REDUCE cov: 313 ft: 1447 corp: 250/245Kb lim: 4096 exec/s: 8774 rss: 765Mb L: 1081/3683 MS: 1 EraseBytes-
#127816439	REDUCE cov: 313 ft: 1447 corp: 250/245Kb lim: 4096 exec/s: 8768 rss: 766Mb L: 1231/3683 MS: 2 InsertRepeatedBytes-EraseBytes-
#127872275	REDUCE cov: 313 ft: 1447 corp: 250/245Kb lim: 4096 exec/s: 8769 rss: 766Mb L: 770/3683 MS: 1 EraseBytes-
#127875916	REDUCE cov: 313 ft: 1447 corp: 250/245Kb lim: 4096 exec/s: 8768 rss: 766Mb L: 738/3683 MS: 1 EraseBytes-
#128018717	REDUCE cov: 313 ft: 1447 corp: 250/245Kb lim: 4096 exec/s: 8770 rss: 766Mb L: 110/3683 MS: 1 EraseBytes-
#128309919	REDUCE cov: 313 ft: 1447 corp: 250/245Kb lim: 4096 exec/s: 8769 rss: 766Mb L: 789/3683 MS: 2 ShuffleBytes-EraseBytes-
#130151912	REDUCE cov: 313 ft: 1447 corp: 250/245Kb lim: 4096 exec/s: 8765 rss: 768Mb L: 3501/3683 MS: 3 ChangeBinInt-ChangeASCIIInt-EraseBytes-
#130247823	REDUCE cov: 313 ft: 1447 corp: 250/245Kb lim: 4096 exec/s: 8764 rss: 768Mb L: 1200/3683 MS: 1 EraseBytes-
#130414925	REDUCE cov: 313 ft: 1447 corp: 250/245Kb lim: 4096 exec/s: 8763 rss: 768Mb L: 2914/3683 MS: 2 EraseBytes-ChangeByte-
#130896686	REDUCE cov: 313 ft: 1447 corp: 250/245Kb lim: 4096 exec/s: 8763 rss: 768Mb L: 3510/3683 MS: 1 EraseBytes-
#131472087	REDUCE cov: 313 ft: 1447 corp: 250/245Kb lim: 4096 exec/s: 8760 rss: 769Mb L: 2533/3683 MS: 1 EraseBytes-
#132057453	REDUCE cov: 313 ft: 1447 corp: 250/245Kb lim: 4096 exec/s: 8755 rss: 769Mb L: 1398/3683 MS: 1 EraseBytes-
#132272260	REDUCE cov: 313 ft: 1447 corp: 250/245Kb lim: 4096 exec/s: 8756 rss: 769Mb L: 1512/3683 MS: 2 EraseBytes-InsertByte-
#132313776	REDUCE cov: 313 ft: 1447 corp: 250/244Kb lim: 4096 exec/s: 8756 rss: 769Mb L: 711/3683 MS: 1 EraseBytes-
#132897059	REDUCE cov: 313 ft: 1447 corp: 250/244Kb lim: 4096 exec/s: 8758 rss: 770Mb L: 1340/3683 MS: 3 CMP-ChangeBinInt-EraseBytes- DE: "\377\377\377\377\377\377\377\376"-
#132936585	REDUCE cov: 313 ft: 1447 corp: 250/244Kb lim: 4096 exec/s: 8758 rss: 770Mb L: 1455/3683 MS: 1 EraseBytes-
#133927681	REDUCE cov: 313 ft: 1447 corp: 250/244Kb lim: 4096 exec/s: 8752 rss: 771Mb L: 843/3683 MS: 1 EraseBytes-
#133973484	REDUCE cov: 313 ft: 1447 corp: 250/244Kb lim: 4096 exec/s: 8751 rss: 771Mb L: 2543/3683 MS: 3 ChangeBinInt-ChangeByte-EraseBytes-
#134080522	REDUCE cov: 313 ft: 1447 corp: 250/244Kb lim: 4096 exec/s: 8752 rss: 771Mb L: 855/3683 MS: 3 ShuffleBytes-ChangeByte-EraseBytes-
#134217728	pulse  cov: 313 ft: 1447 corp: 250/244Kb lim: 4096 exec/s: 8752 rss: 771Mb
#134418211	REDUCE cov: 313 ft: 1447 corp: 250/244Kb lim: 4096 exec/s: 8751 rss: 771Mb L: 620/3683 MS: 4 ChangeBinInt-ChangeBinInt-CrossOver-EraseBytes-
#134426622	REDUCE cov: 313 ft: 1447 corp: 250/244Kb lim: 4096 exec/s: 8751 rss: 771Mb L: 145/3683 MS: 1 EraseBytes-
#134709139	REDUCE cov: 313 ft: 1447 corp: 250/244Kb lim: 4096 exec/s: 8752 rss: 772Mb L: 3419/3683 MS: 2 CMP-EraseBytes- DE: "\001\000\000\000\000\000\000\266"-
#135210250	REDUCE cov: 313 ft: 1447 corp: 250/244Kb lim: 4096 exec/s: 8753 rss: 772Mb L: 2434/3683 MS: 1 CrossOver-
#135273736	REDUCE cov: 313 ft: 1447 corp: 250/244Kb lim: 4096 exec/s: 8754 rss: 772Mb L: 2240/3683 MS: 1 EraseBytes-
#135448032	REDUCE cov: 313 ft: 1447 corp: 250/244Kb lim: 4096 exec/s: 8753 rss: 772Mb L: 1446/3683 MS: 1 EraseBytes-
#136702663	REDUCE cov: 313 ft: 1447 corp: 250/244Kb lim: 4096 exec/s: 8748 rss: 773Mb L: 2231/3683 MS: 1 EraseBytes-
#136880289	REDUCE cov: 313 ft: 1447 corp: 250/244Kb lim: 4096 exec/s: 8747 rss: 773Mb L: 1480/3683 MS: 1 EraseBytes-
#137512915	REDUCE cov: 313 ft: 1447 corp: 250/244Kb lim: 4096 exec/s: 8747 rss: 773Mb L: 1506/3683 MS: 1 EraseBytes-
#137968247	REDUCE cov: 313 ft: 1447 corp: 250/244Kb lim: 4096 exec/s: 8745 rss: 773Mb L: 1479/3683 MS: 2 ChangeBinInt-EraseBytes-
#138007753	REDUCE cov: 313 ft: 1447 corp: 250/244Kb lim: 4096 exec/s: 8745 rss: 773Mb L: 1547/3683 MS: 1 CrossOver-
#138163855	REDUCE cov: 313 ft: 1447 corp: 250/244Kb lim: 4096 exec/s: 8743 rss: 773Mb L: 570/3683 MS: 2 ChangeBinInt-EraseBytes-
#138255282	REDUCE cov: 313 ft: 1447 corp: 250/244Kb lim: 4096 exec/s: 8743 rss: 773Mb L: 837/3683 MS: 2 ChangeByte-EraseBytes-
#138700668	REDUCE cov: 313 ft: 1447 corp: 250/244Kb lim: 4096 exec/s: 8741 rss: 774Mb L: 2530/3683 MS: 1 EraseBytes-
#139082530	REDUCE cov: 313 ft: 1447 corp: 250/244Kb lim: 4096 exec/s: 8740 rss: 774Mb L: 422/3683 MS: 2 CopyPart-EraseBytes-
#139247736	REDUCE cov: 313 ft: 1447 corp: 250/244Kb lim: 4096 exec/s: 8741 rss: 774Mb L: 828/3683 MS: 1 EraseBytes-
#139276997	REDUCE cov: 313 ft: 1447 corp: 250/244Kb lim: 4096 exec/s: 8741 rss: 774Mb L: 3243/3683 MS: 1 EraseBytes-
#139537502	REDUCE cov: 313 ft: 1447 corp: 250/244Kb lim: 4096 exec/s: 8740 rss: 774Mb L: 894/3683 MS: 5 CrossOver-CMP-CrossOver-CrossOver-EraseBytes- DE: "\334\377\377\377"-
#140360268	REDUCE cov: 313 ft: 1447 corp: 250/244Kb lim: 4096 exec/s: 8737 rss: 775Mb L: 2480/3683 MS: 1 EraseBytes-
#140433125	REDUCE cov: 313 ft: 1447 corp: 250/244Kb lim: 4096 exec/s: 8736 rss: 775Mb L: 344/3683 MS: 2 ChangeBit-EraseBytes-
#140776561	REDUCE cov: 313 ft: 1447 corp: 250/243Kb lim: 4096 exec/s: 8733 rss: 776Mb L: 101/3683 MS: 1 EraseBytes-
#141298672	REDUCE cov: 313 ft: 1447 corp: 250/243Kb lim: 4096 exec/s: 8729 rss: 776Mb L: 226/3683 MS: 1 EraseBytes-
#141840009	REDUCE cov: 313 ft: 1447 corp: 250/243Kb lim: 4096 exec/s: 8729 rss: 777Mb L: 1301/3683 MS: 2 EraseBytes-ChangeBit-
#142656850	REDUCE cov: 313 ft: 1447 corp: 250/243Kb lim: 4096 exec/s: 8729 rss: 777Mb L: 3410/3683 MS: 1 EraseBytes-
#142856165	REDUCE cov: 313 ft: 1447 corp: 250/243Kb lim: 4096 exec/s: 8730 rss: 777Mb L: 866/3683 MS: 5 ChangeBinInt-ChangeBinInt-InsertRepeatedBytes-EraseBytes-InsertByte-
#143077447	REDUCE cov: 313 ft: 1447 corp: 250/243Kb lim: 4096 exec/s: 8729 rss: 777Mb L: 644/3683 MS: 2 ChangeByte-EraseBytes-
#143080818	REDUCE cov: 313 ft: 1447 corp: 250/243Kb lim: 4096 exec/s: 8729 rss: 777Mb L: 1553/3683 MS: 1 EraseBytes-
#143310629	REDUCE cov: 313 ft: 1447 corp: 250/243Kb lim: 4096 exec/s: 8728 rss: 777Mb L: 529/3683 MS: 1 EraseBytes-
#143354582	REDUCE cov: 313 ft: 1447 corp: 250/243Kb lim: 4096 exec/s: 8727 rss: 777Mb L: 2468/3683 MS: 3 ChangeBit-ShuffleBytes-EraseBytes-
#143452153	REDUCE cov: 313 ft: 1447 corp: 250/243Kb lim: 4096 exec/s: 8727 rss: 777Mb L: 635/3683 MS: 1 EraseBytes-
#143689145	REDUCE cov: 313 ft: 1447 corp: 250/243Kb lim: 4096 exec/s: 8728 rss: 777Mb L: 1437/3683 MS: 2 ShuffleBytes-EraseBytes-
#143949217	REDUCE cov: 313 ft: 1447 corp: 250/243Kb lim: 4096 exec/s: 8728 rss: 778Mb L: 696/3683 MS: 2 ChangeByte-EraseBytes-
#144669139	REDUCE cov: 313 ft: 1447 corp: 250/243Kb lim: 4096 exec/s: 8724 rss: 778Mb L: 1470/3683 MS: 2 ChangeBinInt-EraseBytes-
#146284202	REDUCE cov: 313 ft: 1447 corp: 250/243Kb lim: 4096 exec/s: 8723 rss: 779Mb L: 62/3683 MS: 3 ChangeBinInt-PersAutoDict-EraseBytes- DE: "\304\265\223q\340\031_\020\232\300\000)\000\000\001\000\000\000\000\000\000\000\000\001\000\000\000\000\000\000\000\000"-
#146924869	REDUCE cov: 313 ft: 1447 corp: 250/243Kb lim: 4096 exec/s: 8723 rss: 779Mb L: 2484/3683 MS: 2 ChangeBinInt-EraseBytes-
#147289980	REDUCE cov: 313 ft: 1447 corp: 250/243Kb lim: 4096 exec/s: 8721 rss: 779Mb L: 470/3683 MS: 1 EraseBytes-
#148256946	REDUCE cov: 313 ft: 1447 corp: 250/242Kb lim: 4096 exec/s: 8720 rss: 780Mb L: 3328/3683 MS: 1 EraseBytes-
#148391327	REDUCE cov: 313 ft: 1447 corp: 250/242Kb lim: 4096 exec/s: 8722 rss: 780Mb L: 2461/3683 MS: 1 EraseBytes-
#148458865	REDUCE cov: 313 ft: 1447 corp: 250/242Kb lim: 4096 exec/s: 8721 rss: 780Mb L: 747/3683 MS: 3 ShuffleBytes-ChangeBit-EraseBytes-
#148671544	REDUCE cov: 313 ft: 1447 corp: 250/242Kb lim: 4096 exec/s: 8720 rss: 780Mb L: 3320/3683 MS: 4 ChangeByte-ShuffleBytes-ChangeBinInt-EraseBytes-
#148739820	REDUCE cov: 313 ft: 1447 corp: 250/242Kb lim: 4096 exec/s: 8720 rss: 780Mb L: 780/3683 MS: 1 EraseBytes-
#149433461	REDUCE cov: 313 ft: 1447 corp: 250/242Kb lim: 4096 exec/s: 8720 rss: 781Mb L: 2402/3683 MS: 1 EraseBytes-
#149767939	NEW    cov: 313 ft: 1448 corp: 251/246Kb lim: 4096 exec/s: 8719 rss: 781Mb L: 3662/3683 MS: 3 ChangeBit-ChangeByte-ChangeByte-
#150401816	REDUCE cov: 313 ft: 1448 corp: 251/246Kb lim: 4096 exec/s: 8715 rss: 785Mb L: 231/3683 MS: 2 ChangeBinInt-EraseBytes-
#150410997	REDUCE cov: 313 ft: 1448 corp: 251/246Kb lim: 4096 exec/s: 8715 rss: 785Mb L: 206/3683 MS: 1 EraseBytes-
#150419729	REDUCE cov: 313 ft: 1448 corp: 251/246Kb lim: 4096 exec/s: 8715 rss: 785Mb L: 190/3683 MS: 1 EraseBytes-
#150428768	REDUCE cov: 313 ft: 1448 corp: 251/246Kb lim: 4096 exec/s: 8715 rss: 785Mb L: 2676/3683 MS: 3 InsertRepeatedBytes-CrossOver-PersAutoDict- DE: "\272\377\377\377"-
#150730409	REDUCE cov: 313 ft: 1448 corp: 251/246Kb lim: 4096 exec/s: 8713 rss: 785Mb L: 189/3683 MS: 1 EraseBytes-
#151971880	REDUCE cov: 313 ft: 1448 corp: 251/246Kb lim: 4096 exec/s: 8713 rss: 785Mb L: 188/3683 MS: 1 EraseBytes-
#151973396	REDUCE cov: 313 ft: 1448 corp: 251/246Kb lim: 4096 exec/s: 8713 rss: 785Mb L: 187/3683 MS: 1 EraseBytes-
#152607380	REDUCE cov: 313 ft: 1448 corp: 251/246Kb lim: 4096 exec/s: 8712 rss: 785Mb L: 667/3683 MS: 2 ShuffleBytes-EraseBytes-
#152896172	REDUCE cov: 313 ft: 1448 corp: 251/246Kb lim: 4096 exec/s: 8713 rss: 785Mb L: 771/3683 MS: 1 EraseBytes-
#152925075	REDUCE cov: 313 ft: 1448 corp: 251/246Kb lim: 4096 exec/s: 8712 rss: 785Mb L: 1675/3683 MS: 3 ShuffleBytes-ShuffleBytes-EraseBytes-
#152939386	REDUCE cov: 313 ft: 1448 corp: 251/246Kb lim: 4096 exec/s: 8712 rss: 785Mb L: 3280/3683 MS: 1 EraseBytes-
#153755692	REDUCE cov: 313 ft: 1448 corp: 251/245Kb lim: 4096 exec/s: 8708 rss: 785Mb L: 3362/3683 MS: 1 EraseBytes-
#154289236	REDUCE cov: 313 ft: 1448 corp: 251/245Kb lim: 4096 exec/s: 8709 rss: 785Mb L: 3212/3683 MS: 4 PersAutoDict-EraseBytes-ChangeASCIIInt-ChangeBinInt- DE: "\376\377\377U"-
#156356412	REDUCE cov: 313 ft: 1448 corp: 251/245Kb lim: 4096 exec/s: 8703 rss: 786Mb L: 1006/3683 MS: 1 CrossOver-
#156956348	REDUCE cov: 313 ft: 1448 corp: 251/245Kb lim: 4096 exec/s: 8703 rss: 787Mb L: 697/3683 MS: 1 EraseBytes-
#158094360	REDUCE cov: 313 ft: 1448 corp: 251/245Kb lim: 4096 exec/s: 8702 rss: 787Mb L: 3202/3683 MS: 2 ShuffleBytes-EraseBytes-
#158231297	REDUCE cov: 313 ft: 1448 corp: 251/245Kb lim: 4096 exec/s: 8702 rss: 787Mb L: 2647/3683 MS: 2 ChangeASCIIInt-CrossOver-
#159567849	REDUCE cov: 313 ft: 1448 corp: 251/245Kb lim: 4096 exec/s: 8699 rss: 788Mb L: 693/3683 MS: 2 ShuffleBytes-EraseBytes-
#160404240	REDUCE cov: 313 ft: 1448 corp: 251/245Kb lim: 4096 exec/s: 8696 rss: 789Mb L: 302/3683 MS: 1 EraseBytes-
#161246176	REDUCE cov: 313 ft: 1448 corp: 251/245Kb lim: 4096 exec/s: 8694 rss: 789Mb L: 3032/3683 MS: 1 EraseBytes-
#161742762	REDUCE cov: 313 ft: 1448 corp: 251/245Kb lim: 4096 exec/s: 8692 rss: 790Mb L: 3000/3683 MS: 1 EraseBytes-
#162015958	REDUCE cov: 313 ft: 1448 corp: 251/245Kb lim: 4096 exec/s: 8690 rss: 790Mb L: 695/3683 MS: 1 EraseBytes-
#162918384	REDUCE cov: 313 ft: 1448 corp: 251/245Kb lim: 4096 exec/s: 8687 rss: 790Mb L: 680/3683 MS: 1 EraseBytes-
#164151351	REDUCE cov: 313 ft: 1448 corp: 251/245Kb lim: 4096 exec/s: 8681 rss: 791Mb L: 686/3683 MS: 2 ChangeBit-EraseBytes-
#164221924	REDUCE cov: 313 ft: 1448 corp: 251/245Kb lim: 4096 exec/s: 8681 rss: 791Mb L: 3424/3683 MS: 3 ShuffleBytes-EraseBytes-InsertRepeatedBytes-
#164540750	REDUCE cov: 313 ft: 1448 corp: 251/245Kb lim: 4096 exec/s: 8682 rss: 791Mb L: 3395/3683 MS: 1 EraseBytes-
#164594402	REDUCE cov: 313 ft: 1448 corp: 251/245Kb lim: 4096 exec/s: 8683 rss: 791Mb L: 3082/3683 MS: 1 EraseBytes-
#164607198	REDUCE cov: 313 ft: 1448 corp: 251/245Kb lim: 4096 exec/s: 8683 rss: 791Mb L: 812/3683 MS: 1 EraseBytes-
#164799214	REDUCE cov: 313 ft: 1448 corp: 251/245Kb lim: 4096 exec/s: 8682 rss: 791Mb L: 3354/3683 MS: 1 EraseBytes-
#166270235	REDUCE cov: 313 ft: 1448 corp: 251/245Kb lim: 4096 exec/s: 8681 rss: 792Mb L: 613/3683 MS: 1 EraseBytes-
#166869977	REDUCE cov: 313 ft: 1448 corp: 251/245Kb lim: 4096 exec/s: 8680 rss: 793Mb L: 292/3683 MS: 2 ChangeBinInt-EraseBytes-
#167145529	REDUCE cov: 313 ft: 1448 corp: 251/245Kb lim: 4096 exec/s: 8681 rss: 793Mb L: 3353/3683 MS: 2 ChangeASCIIInt-EraseBytes-
#168121343	REDUCE cov: 313 ft: 1448 corp: 251/245Kb lim: 4096 exec/s: 8679 rss: 794Mb L: 1424/3683 MS: 4 ShuffleBytes-ChangeByte-ChangeBinInt-EraseBytes-
#168364370	REDUCE cov: 313 ft: 1448 corp: 251/245Kb lim: 4096 exec/s: 8678 rss: 794Mb L: 92/3683 MS: 2 ChangeBinInt-EraseBytes-
#168565782	REDUCE cov: 313 ft: 1448 corp: 251/245Kb lim: 4096 exec/s: 8680 rss: 794Mb L: 2490/3683 MS: 2 ChangeByte-EraseBytes-
#168786304	REDUCE cov: 313 ft: 1448 corp: 251/245Kb lim: 4096 exec/s: 8680 rss: 794Mb L: 2306/3683 MS: 2 EraseBytes-ChangeBinInt-
#169058965	REDUCE cov: 313 ft: 1448 corp: 251/245Kb lim: 4096 exec/s: 8679 rss: 795Mb L: 1331/3683 MS: 1 EraseBytes-
#169094161	REDUCE cov: 313 ft: 1448 corp: 251/244Kb lim: 4096 exec/s: 8679 rss: 795Mb L: 1465/3683 MS: 1 EraseBytes-
#169410213	REDUCE cov: 313 ft: 1448 corp: 251/244Kb lim: 4096 exec/s: 8680 rss: 795Mb L: 3322/3683 MS: 2 ChangeBinInt-EraseBytes-
#169666944	REDUCE cov: 313 ft: 1448 corp: 251/244Kb lim: 4096 exec/s: 8679 rss: 795Mb L: 762/3683 MS: 1 EraseBytes-
#169742545	REDUCE cov: 313 ft: 1448 corp: 251/244Kb lim: 4096 exec/s: 8678 rss: 795Mb L: 452/3683 MS: 1 EraseBytes-
#170253881	REDUCE cov: 313 ft: 1448 corp: 251/244Kb lim: 4096 exec/s: 8675 rss: 796Mb L: 1703/3683 MS: 1 EraseBytes-
#171388262	REDUCE cov: 313 ft: 1448 corp: 251/244Kb lim: 4096 exec/s: 8673 rss: 797Mb L: 2813/3683 MS: 1 EraseBytes-
#171936005	REDUCE cov: 313 ft: 1448 corp: 251/244Kb lim: 4096 exec/s: 8673 rss: 797Mb L: 2325/3683 MS: 3 ChangeByte-ChangeASCIIInt-EraseBytes-
#172330986	REDUCE cov: 313 ft: 1448 corp: 251/244Kb lim: 4096 exec/s: 8673 rss: 797Mb L: 632/3683 MS: 1 EraseBytes-
#172364348	REDUCE cov: 313 ft: 1448 corp: 251/244Kb lim: 4096 exec/s: 8673 rss: 797Mb L: 763/3683 MS: 2 EraseBytes-CopyPart-
#172474545	REDUCE cov: 313 ft: 1448 corp: 251/244Kb lim: 4096 exec/s: 8673 rss: 797Mb L: 830/3683 MS: 2 ChangeBinInt-EraseBytes-
#172624200	REDUCE cov: 313 ft: 1448 corp: 251/244Kb lim: 4096 exec/s: 8672 rss: 797Mb L: 2333/3683 MS: 5 CrossOver-ChangeBit-EraseBytes-CopyPart-CopyPart-
#172688486	REDUCE cov: 313 ft: 1448 corp: 251/244Kb lim: 4096 exec/s: 8672 rss: 797Mb L: 2332/3683 MS: 1 EraseBytes-
#172707170	REDUCE cov: 313 ft: 1448 corp: 251/244Kb lim: 4096 exec/s: 8672 rss: 797Mb L: 3419/3683 MS: 3 ChangeBit-ChangeASCIIInt-EraseBytes-
#172836292	REDUCE cov: 313 ft: 1448 corp: 251/244Kb lim: 4096 exec/s: 8671 rss: 797Mb L: 1544/3683 MS: 2 ChangeByte-EraseBytes-
#172898099	REDUCE cov: 313 ft: 1448 corp: 251/244Kb lim: 4096 exec/s: 8672 rss: 797Mb L: 315/3683 MS: 2 CMP-EraseBytes- DE: "\213\000"-
#173508351	REDUCE cov: 313 ft: 1448 corp: 251/244Kb lim: 4096 exec/s: 8670 rss: 798Mb L: 2329/3683 MS: 2 CopyPart-EraseBytes-
#173824012	REDUCE cov: 313 ft: 1448 corp: 251/244Kb lim: 4096 exec/s: 8669 rss: 798Mb L: 2703/3683 MS: 1 EraseBytes-
#174017098	REDUCE cov: 313 ft: 1448 corp: 251/244Kb lim: 4096 exec/s: 8668 rss: 798Mb L: 2544/3683 MS: 1 EraseBytes-
#174073370	REDUCE cov: 313 ft: 1448 corp: 251/244Kb lim: 4096 exec/s: 8668 rss: 798Mb L: 1397/3683 MS: 2 ChangeBit-CrossOver-
#175499098	REDUCE cov: 313 ft: 1448 corp: 251/244Kb lim: 4096 exec/s: 8664 rss: 799Mb L: 2961/3683 MS: 3 ChangeBinInt-EraseBytes-CrossOver-
#175901786	REDUCE cov: 313 ft: 1448 corp: 251/244Kb lim: 4096 exec/s: 8663 rss: 800Mb L: 373/3683 MS: 3 ShuffleBytes-EraseBytes-ChangeBinInt-
#176021752	REDUCE cov: 313 ft: 1448 corp: 251/244Kb lim: 4096 exec/s: 8663 rss: 800Mb L: 368/3683 MS: 1 EraseBytes-
#176232781	REDUCE cov: 313 ft: 1448 corp: 251/242Kb lim: 4096 exec/s: 8662 rss: 801Mb L: 1995/3683 MS: 3 CopyPart-EraseBytes-ShuffleBytes-
#176242987	REDUCE cov: 313 ft: 1448 corp: 251/242Kb lim: 4096 exec/s: 8662 rss: 801Mb L: 364/3683 MS: 1 EraseBytes-
#176725254	REDUCE cov: 313 ft: 1448 corp: 251/242Kb lim: 4096 exec/s: 8659 rss: 801Mb L: 185/3683 MS: 2 ChangeBinInt-EraseBytes-
#176803336	REDUCE cov: 313 ft: 1448 corp: 251/242Kb lim: 4096 exec/s: 8659 rss: 801Mb L: 359/3683 MS: 2 ShuffleBytes-EraseBytes-
#177258467	REDUCE cov: 313 ft: 1448 corp: 251/242Kb lim: 4096 exec/s: 8656 rss: 801Mb L: 61/3683 MS: 1 EraseBytes-
#177631720	REDUCE cov: 313 ft: 1448 corp: 251/242Kb lim: 4096 exec/s: 8656 rss: 801Mb L: 1406/3683 MS: 3 CopyPart-EraseBytes-ChangeBit-
#178034716	REDUCE cov: 313 ft: 1448 corp: 251/242Kb lim: 4096 exec/s: 8655 rss: 801Mb L: 314/3683 MS: 1 EraseBytes-
#178080843	REDUCE cov: 313 ft: 1448 corp: 251/242Kb lim: 4096 exec/s: 8656 rss: 801Mb L: 358/3683 MS: 2 PersAutoDict-EraseBytes- DE: "\000\000\000\000"-
#178272504	REDUCE cov: 313 ft: 1448 corp: 251/242Kb lim: 4096 exec/s: 8655 rss: 801Mb L: 1590/3683 MS: 1 EraseBytes-
#179817806	REDUCE cov: 313 ft: 1448 corp: 251/242Kb lim: 4096 exec/s: 8653 rss: 803Mb L: 181/3683 MS: 2 ChangeBinInt-EraseBytes-
#179849004	REDUCE cov: 313 ft: 1448 corp: 251/242Kb lim: 4096 exec/s: 8653 rss: 803Mb L: 180/3683 MS: 3 ShuffleBytes-ChangeBit-EraseBytes-
#179906396	REDUCE cov: 313 ft: 1448 corp: 251/242Kb lim: 4096 exec/s: 8653 rss: 803Mb L: 179/3683 MS: 1 EraseBytes-
#179957198	REDUCE cov: 313 ft: 1448 corp: 251/242Kb lim: 4096 exec/s: 8653 rss: 803Mb L: 178/3683 MS: 1 EraseBytes-
#180300825	REDUCE cov: 313 ft: 1448 corp: 251/242Kb lim: 4096 exec/s: 8653 rss: 803Mb L: 198/3683 MS: 1 EraseBytes-
#180886988	REDUCE cov: 313 ft: 1448 corp: 251/241Kb lim: 4096 exec/s: 8650 rss: 804Mb L: 1611/3683 MS: 3 EraseBytes-ChangeByte-ChangeByte-
#181101140	REDUCE cov: 313 ft: 1448 corp: 251/240Kb lim: 4096 exec/s: 8648 rss: 804Mb L: 3501/3662 MS: 2 CrossOver-ShuffleBytes-
#181711236	REDUCE cov: 313 ft: 1448 corp: 251/240Kb lim: 4096 exec/s: 8649 rss: 804Mb L: 733/3662 MS: 1 EraseBytes-
#183598652	REDUCE cov: 313 ft: 1448 corp: 251/240Kb lim: 4096 exec/s: 8647 rss: 806Mb L: 2275/3662 MS: 1 EraseBytes-
#184081143	REDUCE cov: 313 ft: 1448 corp: 251/240Kb lim: 4096 exec/s: 8645 rss: 806Mb L: 1247/3662 MS: 1 EraseBytes-
#184330349	REDUCE cov: 313 ft: 1448 corp: 251/240Kb lim: 4096 exec/s: 8645 rss: 806Mb L: 1471/3662 MS: 1 EraseBytes-
#184649397	REDUCE cov: 313 ft: 1448 corp: 251/240Kb lim: 4096 exec/s: 8645 rss: 806Mb L: 834/3662 MS: 3 ChangeBit-ShuffleBytes-EraseBytes-
#184846523	REDUCE cov: 313 ft: 1448 corp: 251/240Kb lim: 4096 exec/s: 8645 rss: 807Mb L: 2808/3662 MS: 1 CrossOver-
#184896966	REDUCE cov: 313 ft: 1448 corp: 251/240Kb lim: 4096 exec/s: 8645 rss: 807Mb L: 723/3662 MS: 3 ShuffleBytes-ChangeByte-EraseBytes-
#185188762	REDUCE cov: 313 ft: 1448 corp: 251/240Kb lim: 4096 exec/s: 8644 rss: 807Mb L: 443/3662 MS: 1 EraseBytes-
#185238664	REDUCE cov: 313 ft: 1448 corp: 251/240Kb lim: 4096 exec/s: 8645 rss: 807Mb L: 1855/3662 MS: 2 ChangeASCIIInt-CrossOver-
#185317835	REDUCE cov: 313 ft: 1448 corp: 251/240Kb lim: 4096 exec/s: 8645 rss: 807Mb L: 2383/3662 MS: 1 EraseBytes-
#185745276	REDUCE cov: 313 ft: 1448 corp: 251/240Kb lim: 4096 exec/s: 8644 rss: 807Mb L: 1469/3662 MS: 1 EraseBytes-
#185946627	REDUCE cov: 313 ft: 1448 corp: 251/240Kb lim: 4096 exec/s: 8643 rss: 807Mb L: 665/3662 MS: 1 EraseBytes-
#186708978	REDUCE cov: 313 ft: 1448 corp: 251/240Kb lim: 4096 exec/s: 8643 rss: 808Mb L: 623/3662 MS: 1 EraseBytes-
#187529641	REDUCE cov: 313 ft: 1448 corp: 251/240Kb lim: 4096 exec/s: 8641 rss: 808Mb L: 1329/3662 MS: 3 ChangeByte-ChangeBinInt-EraseBytes-
#188253042	REDUCE cov: 313 ft: 1448 corp: 251/240Kb lim: 4096 exec/s: 8640 rss: 809Mb L: 3073/3662 MS: 1 EraseBytes-
#188290544	REDUCE cov: 313 ft: 1448 corp: 251/240Kb lim: 4096 exec/s: 8640 rss: 809Mb L: 753/3662 MS: 2 CMP-EraseBytes- DE: "\000\000\000\374"-
#188802140	REDUCE cov: 313 ft: 1448 corp: 251/240Kb lim: 4096 exec/s: 8639 rss: 809Mb L: 1138/3662 MS: 1 EraseBytes-
#189161436	REDUCE cov: 313 ft: 1448 corp: 251/240Kb lim: 4096 exec/s: 8638 rss: 809Mb L: 2297/3662 MS: 1 EraseBytes-
#189251547	REDUCE cov: 313 ft: 1448 corp: 251/240Kb lim: 4096 exec/s: 8638 rss: 810Mb L: 2995/3662 MS: 1 EraseBytes-
#189360280	REDUCE cov: 313 ft: 1448 corp: 251/240Kb lim: 4096 exec/s: 8637 rss: 810Mb L: 434/3662 MS: 3 ChangeBit-ShuffleBytes-EraseBytes-
#189720341	REDUCE cov: 313 ft: 1448 corp: 251/240Kb lim: 4096 exec/s: 8639 rss: 810Mb L: 688/3662 MS: 1 EraseBytes-
#189797477	REDUCE cov: 313 ft: 1448 corp: 251/240Kb lim: 4096 exec/s: 8640 rss: 810Mb L: 1698/3662 MS: 1 EraseBytes-
#190309238	REDUCE cov: 313 ft: 1448 corp: 251/240Kb lim: 4096 exec/s: 8640 rss: 810Mb L: 656/3662 MS: 1 EraseBytes-
#191060724	REDUCE cov: 313 ft: 1448 corp: 251/240Kb lim: 4096 exec/s: 8638 rss: 810Mb L: 831/3662 MS: 1 EraseBytes-
#191731395	REDUCE cov: 313 ft: 1448 corp: 251/240Kb lim: 4096 exec/s: 8636 rss: 824Mb L: 2478/3662 MS: 1 EraseBytes-
#192085926	REDUCE cov: 313 ft: 1448 corp: 251/240Kb lim: 4096 exec/s: 8633 rss: 824Mb L: 1461/3662 MS: 1 EraseBytes-
#192111832	REDUCE cov: 313 ft: 1448 corp: 251/239Kb lim: 4096 exec/s: 8632 rss: 824Mb L: 2412/3662 MS: 1 EraseBytes-
#192300993	REDUCE cov: 313 ft: 1448 corp: 251/239Kb lim: 4096 exec/s: 8629 rss: 824Mb L: 2446/3662 MS: 1 EraseBytes-
#193434799	REDUCE cov: 313 ft: 1448 corp: 251/239Kb lim: 4096 exec/s: 8621 rss: 824Mb L: 661/3662 MS: 1 EraseBytes-
#194010376	REDUCE cov: 313 ft: 1448 corp: 251/239Kb lim: 4096 exec/s: 8615 rss: 824Mb L: 1607/3662 MS: 2 ChangeBit-EraseBytes-
#194303857	REDUCE cov: 313 ft: 1448 corp: 251/239Kb lim: 4096 exec/s: 8613 rss: 824Mb L: 2593/3662 MS: 1 EraseBytes-
#195025359	REDUCE cov: 313 ft: 1448 corp: 251/239Kb lim: 4096 exec/s: 8605 rss: 824Mb L: 1000/3662 MS: 2 ChangeByte-EraseBytes-
#195249350	REDUCE cov: 313 ft: 1448 corp: 251/239Kb lim: 4096 exec/s: 8602 rss: 824Mb L: 2435/3662 MS: 1 EraseBytes-
#196287506	REDUCE cov: 313 ft: 1448 corp: 251/239Kb lim: 4096 exec/s: 8593 rss: 824Mb L: 748/3662 MS: 1 EraseBytes-
#196571912	REDUCE cov: 313 ft: 1448 corp: 251/239Kb lim: 4096 exec/s: 8592 rss: 824Mb L: 2432/3662 MS: 1 EraseBytes-
#196590488	REDUCE cov: 313 ft: 1448 corp: 251/239Kb lim: 4096 exec/s: 8592 rss: 824Mb L: 2382/3662 MS: 1 EraseBytes-
#196825480	REDUCE cov: 313 ft: 1448 corp: 251/239Kb lim: 4096 exec/s: 8590 rss: 828Mb L: 2379/3662 MS: 2 ChangeBinInt-EraseBytes-
#196844211	REDUCE cov: 313 ft: 1448 corp: 251/239Kb lim: 4096 exec/s: 8589 rss: 828Mb L: 2374/3662 MS: 1 EraseBytes-
#197836437	REDUCE cov: 313 ft: 1448 corp: 251/239Kb lim: 4096 exec/s: 8580 rss: 828Mb L: 2186/3662 MS: 1 EraseBytes-
#199295754	REDUCE cov: 313 ft: 1448 corp: 251/239Kb lim: 4096 exec/s: 8567 rss: 828Mb L: 3330/3662 MS: 2 InsertRepeatedBytes-EraseBytes-
#199302292	REDUCE cov: 313 ft: 1448 corp: 251/239Kb lim: 4096 exec/s: 8567 rss: 828Mb L: 3328/3662 MS: 3 ChangeASCIIInt-ChangeBinInt-EraseBytes-
#199635666	REDUCE cov: 313 ft: 1448 corp: 251/239Kb lim: 4096 exec/s: 8567 rss: 828Mb L: 991/3662 MS: 3 ChangeByte-ChangeByte-EraseBytes-
#200142718	REDUCE cov: 313 ft: 1448 corp: 251/239Kb lim: 4096 exec/s: 8564 rss: 828Mb L: 950/3662 MS: 2 ShuffleBytes-EraseBytes-
#200327241	REDUCE cov: 313 ft: 1448 corp: 251/239Kb lim: 4096 exec/s: 8563 rss: 828Mb L: 2223/3662 MS: 2 CMP-EraseBytes- DE: "\000\000\000\000\000\000\000\030"-
#201064022	REDUCE cov: 313 ft: 1448 corp: 251/239Kb lim: 4096 exec/s: 8556 rss: 828Mb L: 2373/3662 MS: 1 EraseBytes-
#201359673	REDUCE cov: 313 ft: 1448 corp: 251/239Kb lim: 4096 exec/s: 8555 rss: 828Mb L: 2367/3662 MS: 1 EraseBytes-
#201692004	REDUCE cov: 313 ft: 1448 corp: 251/239Kb lim: 4096 exec/s: 8552 rss: 828Mb L: 729/3662 MS: 1 EraseBytes-
#202289535	REDUCE cov: 313 ft: 1448 corp: 251/239Kb lim: 4096 exec/s: 8548 rss: 828Mb L: 1584/3662 MS: 1 EraseBytes-
#202432401	REDUCE cov: 313 ft: 1448 corp: 251/239Kb lim: 4096 exec/s: 8546 rss: 828Mb L: 3162/3662 MS: 1 EraseBytes-
#203534243	REDUCE cov: 313 ft: 1448 corp: 251/239Kb lim: 4096 exec/s: 8538 rss: 828Mb L: 428/3662 MS: 2 ChangeBit-EraseBytes-
#205248044	REDUCE cov: 313 ft: 1448 corp: 251/239Kb lim: 4096 exec/s: 8524 rss: 828Mb L: 534/3662 MS: 1 EraseBytes-
#205514805	REDUCE cov: 313 ft: 1448 corp: 251/239Kb lim: 4096 exec/s: 8520 rss: 828Mb L: 3318/3662 MS: 1 EraseBytes-
#205908148	REDUCE cov: 313 ft: 1448 corp: 251/239Kb lim: 4096 exec/s: 8517 rss: 828Mb L: 3323/3662 MS: 3 PersAutoDict-ChangeByte-EraseBytes- DE: "\000\000"-
#208650320	REDUCE cov: 313 ft: 1448 corp: 251/239Kb lim: 4096 exec/s: 8493 rss: 829Mb L: 3321/3662 MS: 2 ChangeByte-EraseBytes-
#211818267	REDUCE cov: 313 ft: 1449 corp: 252/241Kb lim: 4096 exec/s: 8471 rss: 831Mb L: 2367/3662 MS: 1 ShuffleBytes-
#212399120	REDUCE cov: 313 ft: 1449 corp: 252/241Kb lim: 4096 exec/s: 8461 rss: 839Mb L: 387/3662 MS: 3 ChangeByte-ChangeBit-EraseBytes-
#215599011	REDUCE cov: 313 ft: 1449 corp: 252/241Kb lim: 4096 exec/s: 8436 rss: 840Mb L: 2288/3662 MS: 1 EraseBytes-
#215999062	REDUCE cov: 313 ft: 1449 corp: 252/241Kb lim: 4096 exec/s: 8433 rss: 841Mb L: 599/3662 MS: 1 EraseBytes-
#216367928	REDUCE cov: 313 ft: 1449 corp: 252/241Kb lim: 4096 exec/s: 8429 rss: 841Mb L: 3328/3662 MS: 1 EraseBytes-
#217086739	REDUCE cov: 313 ft: 1449 corp: 252/241Kb lim: 4096 exec/s: 8426 rss: 841Mb L: 658/3662 MS: 1 EraseBytes-
#218283261	REDUCE cov: 313 ft: 1449 corp: 252/241Kb lim: 4096 exec/s: 8417 rss: 842Mb L: 822/3662 MS: 2 EraseBytes-InsertRepeatedBytes-
#219241585	REDUCE cov: 313 ft: 1449 corp: 252/241Kb lim: 4096 exec/s: 8411 rss: 842Mb L: 2285/3662 MS: 4 ChangeBinInt-CMP-ChangeASCIIInt-EraseBytes- DE: "\017\000\000\000\000\000\000\000"-
#219611881	REDUCE cov: 313 ft: 1449 corp: 252/241Kb lim: 4096 exec/s: 8409 rss: 842Mb L: 615/3662 MS: 1 EraseBytes-
#223047553	REDUCE cov: 313 ft: 1449 corp: 252/241Kb lim: 4096 exec/s: 8385 rss: 842Mb L: 407/3662 MS: 2 ChangeByte-EraseBytes-
#223765610	REDUCE cov: 313 ft: 1449 corp: 252/241Kb lim: 4096 exec/s: 8379 rss: 842Mb L: 3112/3662 MS: 2 ChangeByte-EraseBytes-
#224383658	REDUCE cov: 313 ft: 1449 corp: 252/240Kb lim: 4096 exec/s: 8374 rss: 843Mb L: 558/3662 MS: 3 EraseBytes-ChangeBit-ChangeByte-
#225137274	REDUCE cov: 313 ft: 1449 corp: 252/240Kb lim: 4096 exec/s: 8369 rss: 843Mb L: 2267/3662 MS: 1 EraseBytes-
#225482900	REDUCE cov: 313 ft: 1449 corp: 252/240Kb lim: 4096 exec/s: 8368 rss: 843Mb L: 649/3662 MS: 1 EraseBytes-
#226120993	REDUCE cov: 313 ft: 1449 corp: 252/240Kb lim: 4096 exec/s: 8364 rss: 844Mb L: 2265/3662 MS: 3 ChangeBinInt-ChangeASCIIInt-EraseBytes-
#229726416	REDUCE cov: 313 ft: 1449 corp: 252/240Kb lim: 4096 exec/s: 8342 rss: 845Mb L: 1421/3662 MS: 3 ShuffleBytes-ChangeBit-CrossOver-
#229739502	REDUCE cov: 313 ft: 1449 corp: 252/240Kb lim: 4096 exec/s: 8342 rss: 845Mb L: 2185/3662 MS: 1 EraseBytes-
#231424940	REDUCE cov: 313 ft: 1449 corp: 252/240Kb lim: 4096 exec/s: 8330 rss: 846Mb L: 144/3662 MS: 3 ChangeBinInt-ChangeByte-EraseBytes-
#231882991	REDUCE cov: 313 ft: 1449 corp: 252/240Kb lim: 4096 exec/s: 8327 rss: 847Mb L: 1409/3662 MS: 1 EraseBytes-
#233661667	REDUCE cov: 313 ft: 1449 corp: 252/240Kb lim: 4096 exec/s: 8315 rss: 847Mb L: 3319/3662 MS: 1 EraseBytes-
#234209375	REDUCE cov: 313 ft: 1449 corp: 252/240Kb lim: 4096 exec/s: 8312 rss: 847Mb L: 781/3662 MS: 3 PersAutoDict-ChangeBinInt-EraseBytes- DE: "\207\000\000\000"-
#235093981	REDUCE cov: 313 ft: 1449 corp: 252/240Kb lim: 4096 exec/s: 8308 rss: 848Mb L: 2191/3662 MS: 1 EraseBytes-
#235099422	REDUCE cov: 313 ft: 1449 corp: 252/240Kb lim: 4096 exec/s: 8307 rss: 848Mb L: 614/3662 MS: 1 EraseBytes-
#236126718	REDUCE cov: 313 ft: 1449 corp: 252/240Kb lim: 4096 exec/s: 8303 rss: 848Mb L: 414/3662 MS: 1 EraseBytes-
#237243464	REDUCE cov: 313 ft: 1449 corp: 252/240Kb lim: 4096 exec/s: 8294 rss: 848Mb L: 2292/3662 MS: 1 EraseBytes-
#239484845	REDUCE cov: 313 ft: 1449 corp: 252/240Kb lim: 4096 exec/s: 8282 rss: 849Mb L: 323/3662 MS: 1 EraseBytes-
#241404365	REDUCE cov: 313 ft: 1449 corp: 252/240Kb lim: 4096 exec/s: 8270 rss: 850Mb L: 414/3662 MS: 5 InsertRepeatedBytes-InsertByte-ChangeASCIIInt-EraseBytes-CMP- DE: "\000\000\000\002"-
#241710117	REDUCE cov: 313 ft: 1449 corp: 252/240Kb lim: 4096 exec/s: 8268 rss: 850Mb L: 2565/3662 MS: 2 EraseBytes-ChangeByte-
#241885253	REDUCE cov: 313 ft: 1449 corp: 252/240Kb lim: 4096 exec/s: 8268 rss: 850Mb L: 697/3662 MS: 1 EraseBytes-
#243285179	REDUCE cov: 313 ft: 1449 corp: 252/240Kb lim: 4096 exec/s: 8268 rss: 854Mb L: 500/3662 MS: 1 EraseBytes-
#243631353	REDUCE cov: 313 ft: 1449 corp: 252/240Kb lim: 4096 exec/s: 8268 rss: 854Mb L: 2562/3662 MS: 4 ShuffleBytes-ShuffleBytes-ChangeByte-EraseBytes-
#244050004	REDUCE cov: 313 ft: 1449 corp: 252/240Kb lim: 4096 exec/s: 8268 rss: 854Mb L: 1468/3662 MS: 1 CrossOver-
#244420310	REDUCE cov: 313 ft: 1449 corp: 252/240Kb lim: 4096 exec/s: 8268 rss: 855Mb L: 1598/3662 MS: 1 EraseBytes-
#244799976	REDUCE cov: 313 ft: 1449 corp: 252/240Kb lim: 4096 exec/s: 8268 rss: 855Mb L: 107/3662 MS: 1 EraseBytes-
#245485919	REDUCE cov: 313 ft: 1449 corp: 252/240Kb lim: 4096 exec/s: 8268 rss: 855Mb L: 1062/3662 MS: 3 ChangeBit-CrossOver-EraseBytes-
#246415985	REDUCE cov: 313 ft: 1449 corp: 252/240Kb lim: 4096 exec/s: 8267 rss: 855Mb L: 2799/3662 MS: 1 EraseBytes-
#247187921	REDUCE cov: 313 ft: 1449 corp: 252/240Kb lim: 4096 exec/s: 8266 rss: 855Mb L: 3535/3662 MS: 1 EraseBytes-
#247873823	REDUCE cov: 313 ft: 1449 corp: 252/240Kb lim: 4096 exec/s: 8266 rss: 856Mb L: 2217/3662 MS: 2 ShuffleBytes-EraseBytes-
#248097934	REDUCE cov: 313 ft: 1449 corp: 252/240Kb lim: 4096 exec/s: 8266 rss: 856Mb L: 744/3662 MS: 1 EraseBytes-
#248176090	REDUCE cov: 313 ft: 1449 corp: 252/240Kb lim: 4096 exec/s: 8266 rss: 856Mb L: 3298/3662 MS: 1 EraseBytes-
#248176771	REDUCE cov: 313 ft: 1449 corp: 252/240Kb lim: 4096 exec/s: 8266 rss: 856Mb L: 3296/3662 MS: 1 EraseBytes-
#248182634	REDUCE cov: 313 ft: 1449 corp: 252/240Kb lim: 4096 exec/s: 8266 rss: 856Mb L: 3295/3662 MS: 2 ChangeBinInt-EraseBytes-
#249029482	REDUCE cov: 313 ft: 1449 corp: 252/239Kb lim: 4096 exec/s: 8267 rss: 856Mb L: 1557/3662 MS: 1 EraseBytes-
#249408398	REDUCE cov: 313 ft: 1449 corp: 252/239Kb lim: 4096 exec/s: 8268 rss: 856Mb L: 3292/3662 MS: 1 EraseBytes-
#250427154	REDUCE cov: 313 ft: 1449 corp: 252/239Kb lim: 4096 exec/s: 8268 rss: 857Mb L: 378/3662 MS: 1 EraseBytes-
#251017565	REDUCE cov: 313 ft: 1449 corp: 252/239Kb lim: 4096 exec/s: 8266 rss: 858Mb L: 735/3662 MS: 1 EraseBytes-
#251361008	REDUCE cov: 313 ft: 1449 corp: 252/239Kb lim: 4096 exec/s: 8265 rss: 858Mb L: 3268/3662 MS: 3 ChangeASCIIInt-CMP-EraseBytes- DE: "\201=\350\031\231s\000\000"-
#254832070	REDUCE cov: 313 ft: 1449 corp: 252/239Kb lim: 4096 exec/s: 8263 rss: 860Mb L: 1535/3662 MS: 2 ShuffleBytes-EraseBytes-
#255683256	REDUCE cov: 313 ft: 1449 corp: 252/239Kb lim: 4096 exec/s: 8263 rss: 861Mb L: 1459/3662 MS: 1 EraseBytes-
#256305572	REDUCE cov: 313 ft: 1449 corp: 252/239Kb lim: 4096 exec/s: 8263 rss: 861Mb L: 574/3662 MS: 1 EraseBytes-
#257270384	REDUCE cov: 313 ft: 1449 corp: 252/239Kb lim: 4096 exec/s: 8261 rss: 862Mb L: 2450/3662 MS: 2 ChangeBinInt-EraseBytes-
#257352842	REDUCE cov: 313 ft: 1449 corp: 252/239Kb lim: 4096 exec/s: 8262 rss: 862Mb L: 1443/3662 MS: 3 ShuffleBytes-ChangeASCIIInt-EraseBytes-
#258720113	REDUCE cov: 313 ft: 1449 corp: 252/239Kb lim: 4096 exec/s: 8262 rss: 862Mb L: 2494/3662 MS: 1 EraseBytes-
#259106984	REDUCE cov: 313 ft: 1449 corp: 252/239Kb lim: 4096 exec/s: 8262 rss: 864Mb L: 3289/3662 MS: 1 EraseBytes-
#260178660	REDUCE cov: 313 ft: 1449 corp: 252/239Kb lim: 4096 exec/s: 8261 rss: 864Mb L: 732/3662 MS: 1 EraseBytes-
#260321986	REDUCE cov: 313 ft: 1449 corp: 252/239Kb lim: 4096 exec/s: 8261 rss: 864Mb L: 2994/3662 MS: 1 EraseBytes-
#260365892	REDUCE cov: 313 ft: 1449 corp: 252/239Kb lim: 4096 exec/s: 8261 rss: 864Mb L: 1892/3662 MS: 1 EraseBytes-
#260958628	REDUCE cov: 313 ft: 1449 corp: 252/239Kb lim: 4096 exec/s: 8261 rss: 864Mb L: 3533/3662 MS: 1 EraseBytes-
#261138945	REDUCE cov: 313 ft: 1449 corp: 252/239Kb lim: 4096 exec/s: 8261 rss: 864Mb L: 3370/3662 MS: 2 ShuffleBytes-EraseBytes-
#262264994	REDUCE cov: 313 ft: 1449 corp: 252/239Kb lim: 4096 exec/s: 8260 rss: 865Mb L: 3329/3662 MS: 4 ChangeBinInt-ChangeBinInt-ChangeBinInt-EraseBytes-
#264375740	REDUCE cov: 313 ft: 1449 corp: 252/239Kb lim: 4096 exec/s: 8261 rss: 866Mb L: 565/3662 MS: 1 EraseBytes-
#264601571	REDUCE cov: 313 ft: 1449 corp: 252/239Kb lim: 4096 exec/s: 8261 rss: 866Mb L: 609/3662 MS: 1 EraseBytes-
#265679547	REDUCE cov: 313 ft: 1449 corp: 252/239Kb lim: 4096 exec/s: 8261 rss: 866Mb L: 281/3662 MS: 1 EraseBytes-
#265867576	REDUCE cov: 313 ft: 1449 corp: 252/239Kb lim: 4096 exec/s: 8261 rss: 867Mb L: 699/3662 MS: 4 ShuffleBytes-ChangeByte-ChangeBit-EraseBytes-
#267071042	REDUCE cov: 313 ft: 1449 corp: 252/239Kb lim: 4096 exec/s: 8262 rss: 867Mb L: 658/3662 MS: 1 EraseBytes-
#267785418	REDUCE cov: 313 ft: 1449 corp: 252/239Kb lim: 4096 exec/s: 8263 rss: 867Mb L: 612/3662 MS: 1 EraseBytes-
#268435456	pulse  cov: 313 ft: 1449 corp: 252/239Kb lim: 4096 exec/s: 8262 rss: 868Mb
#268810070	REDUCE cov: 313 ft: 1449 corp: 252/239Kb lim: 4096 exec/s: 8261 rss: 868Mb L: 229/3662 MS: 2 EraseBytes-ChangeBit-
#268967962	REDUCE cov: 313 ft: 1449 corp: 252/239Kb lim: 4096 exec/s: 8260 rss: 868Mb L: 228/3662 MS: 2 ShuffleBytes-EraseBytes-
#268988039	REDUCE cov: 313 ft: 1449 corp: 252/239Kb lim: 4096 exec/s: 8260 rss: 868Mb L: 225/3662 MS: 1 EraseBytes-
#269523833	REDUCE cov: 313 ft: 1449 corp: 252/239Kb lim: 4096 exec/s: 8259 rss: 868Mb L: 219/3662 MS: 3 ChangeBinInt-ShuffleBytes-EraseBytes-
#269739640	REDUCE cov: 313 ft: 1449 corp: 252/239Kb lim: 4096 exec/s: 8259 rss: 868Mb L: 2135/3662 MS: 1 EraseBytes-
#269846581	REDUCE cov: 313 ft: 1449 corp: 252/239Kb lim: 4096 exec/s: 8258 rss: 868Mb L: 515/3662 MS: 1 EraseBytes-
#270757582	REDUCE cov: 313 ft: 1449 corp: 252/239Kb lim: 4096 exec/s: 8259 rss: 870Mb L: 2441/3662 MS: 1 EraseBytes-
#271939599	REDUCE cov: 313 ft: 1449 corp: 252/239Kb lim: 4096 exec/s: 8258 rss: 870Mb L: 369/3662 MS: 2 ShuffleBytes-EraseBytes-
#272692130	REDUCE cov: 313 ft: 1449 corp: 252/239Kb lim: 4096 exec/s: 8259 rss: 870Mb L: 658/3662 MS: 1 EraseBytes-
#272752706	REDUCE cov: 313 ft: 1449 corp: 252/239Kb lim: 4096 exec/s: 8258 rss: 870Mb L: 3291/3662 MS: 1 EraseBytes-
#273537332	REDUCE cov: 313 ft: 1449 corp: 252/239Kb lim: 4096 exec/s: 8258 rss: 870Mb L: 360/3662 MS: 1 EraseBytes-
#273919575	REDUCE cov: 313 ft: 1449 corp: 252/239Kb lim: 4096 exec/s: 8257 rss: 870Mb L: 1441/3662 MS: 3 ChangeASCIIInt-CopyPart-EraseBytes-
#274958167	REDUCE cov: 313 ft: 1449 corp: 252/239Kb lim: 4096 exec/s: 8257 rss: 871Mb L: 2284/3662 MS: 2 ChangeBinInt-EraseBytes-
#275561289	REDUCE cov: 313 ft: 1450 corp: 253/243Kb lim: 4096 exec/s: 8255 rss: 871Mb L: 3990/3990 MS: 2 EraseBytes-CopyPart-
#275621125	REDUCE cov: 313 ft: 1450 corp: 253/242Kb lim: 4096 exec/s: 8255 rss: 879Mb L: 571/3990 MS: 1 EraseBytes-
#275660007	NEW    cov: 313 ft: 1451 corp: 254/246Kb lim: 4096 exec/s: 8255 rss: 879Mb L: 4073/4073 MS: 2 ChangeByte-CopyPart-
#275674786	REDUCE cov: 313 ft: 1451 corp: 254/246Kb lim: 4096 exec/s: 8254 rss: 879Mb L: 721/4073 MS: 4 ChangeBinInt-EraseBytes-InsertByte-InsertByte-
#275722982	REDUCE cov: 313 ft: 1451 corp: 254/246Kb lim: 4096 exec/s: 8254 rss: 879Mb L: 3943/4073 MS: 1 EraseBytes-
#275726858	REDUCE cov: 313 ft: 1451 corp: 254/246Kb lim: 4096 exec/s: 8254 rss: 879Mb L: 4046/4046 MS: 1 EraseBytes-
#275802655	REDUCE cov: 313 ft: 1451 corp: 254/246Kb lim: 4096 exec/s: 8254 rss: 879Mb L: 3896/4046 MS: 2 ChangeBinInt-EraseBytes-
#276011226	REDUCE cov: 313 ft: 1451 corp: 254/246Kb lim: 4096 exec/s: 8254 rss: 879Mb L: 3967/3967 MS: 1 EraseBytes-
#276427012	REDUCE cov: 313 ft: 1451 corp: 254/246Kb lim: 4096 exec/s: 8252 rss: 879Mb L: 3856/3967 MS: 1 EraseBytes-
#276502113	REDUCE cov: 313 ft: 1451 corp: 254/246Kb lim: 4096 exec/s: 8252 rss: 879Mb L: 3852/3967 MS: 1 EraseBytes-
#276580839	REDUCE cov: 313 ft: 1451 corp: 254/246Kb lim: 4096 exec/s: 8251 rss: 879Mb L: 319/3967 MS: 1 EraseBytes-
#277156495	REDUCE cov: 313 ft: 1451 corp: 254/246Kb lim: 4096 exec/s: 8248 rss: 879Mb L: 3843/3967 MS: 1 EraseBytes-
#277259241	REDUCE cov: 313 ft: 1451 corp: 254/246Kb lim: 4096 exec/s: 8248 rss: 879Mb L: 474/3967 MS: 1 EraseBytes-
#277296737	REDUCE cov: 313 ft: 1451 corp: 254/246Kb lim: 4096 exec/s: 8248 rss: 879Mb L: 1432/3967 MS: 1 EraseBytes-
#277341318	REDUCE cov: 313 ft: 1451 corp: 254/246Kb lim: 4096 exec/s: 8248 rss: 879Mb L: 3830/3967 MS: 1 EraseBytes-
#277634394	REDUCE cov: 313 ft: 1451 corp: 254/246Kb lim: 4096 exec/s: 8247 rss: 879Mb L: 3958/3958 MS: 1 EraseBytes-
#278937005	REDUCE cov: 313 ft: 1451 corp: 254/246Kb lim: 4096 exec/s: 8245 rss: 879Mb L: 3913/3913 MS: 1 EraseBytes-
#279611866	REDUCE cov: 313 ft: 1451 corp: 254/246Kb lim: 4096 exec/s: 8245 rss: 879Mb L: 3911/3911 MS: 1 EraseBytes-
#279629102	REDUCE cov: 313 ft: 1451 corp: 254/246Kb lim: 4096 exec/s: 8245 rss: 879Mb L: 720/3911 MS: 1 EraseBytes-
#279770438	REDUCE cov: 313 ft: 1451 corp: 254/246Kb lim: 4096 exec/s: 8246 rss: 879Mb L: 3902/3902 MS: 1 EraseBytes-
#281696230	REDUCE cov: 313 ft: 1451 corp: 254/246Kb lim: 4096 exec/s: 8242 rss: 879Mb L: 530/3902 MS: 2 ChangeBit-EraseBytes-
#281806481	REDUCE cov: 313 ft: 1451 corp: 254/246Kb lim: 4096 exec/s: 8242 rss: 879Mb L: 2273/3902 MS: 1 EraseBytes-
#282329954	REDUCE cov: 313 ft: 1451 corp: 254/246Kb lim: 4096 exec/s: 8242 rss: 879Mb L: 143/3902 MS: 3 CopyPart-CrossOver-EraseBytes-
#283029989	REDUCE cov: 313 ft: 1451 corp: 254/245Kb lim: 4096 exec/s: 8242 rss: 879Mb L: 111/3902 MS: 5 CopyPart-CrossOver-EraseBytes-ChangeByte-CrossOver-
#283625740	REDUCE cov: 313 ft: 1451 corp: 254/245Kb lim: 4096 exec/s: 8240 rss: 879Mb L: 3821/3902 MS: 1 EraseBytes-
#283792491	REDUCE cov: 313 ft: 1451 corp: 254/245Kb lim: 4096 exec/s: 8240 rss: 879Mb L: 599/3902 MS: 1 EraseBytes-
#284794152	REDUCE cov: 313 ft: 1451 corp: 254/245Kb lim: 4096 exec/s: 8238 rss: 879Mb L: 1434/3902 MS: 1 EraseBytes-
#285714123	REDUCE cov: 313 ft: 1451 corp: 254/245Kb lim: 4096 exec/s: 8235 rss: 879Mb L: 310/3902 MS: 1 EraseBytes-
#286913571	REDUCE cov: 313 ft: 1451 corp: 254/245Kb lim: 4096 exec/s: 8233 rss: 879Mb L: 289/3902 MS: 3 ChangeByte-ChangeBit-EraseBytes-
#287038607	REDUCE cov: 313 ft: 1451 corp: 254/245Kb lim: 4096 exec/s: 8233 rss: 879Mb L: 1428/3902 MS: 1 EraseBytes-
#288676118	REDUCE cov: 313 ft: 1451 corp: 254/245Kb lim: 4096 exec/s: 8233 rss: 879Mb L: 3898/3898 MS: 1 EraseBytes-
#288745441	REDUCE cov: 313 ft: 1451 corp: 254/245Kb lim: 4096 exec/s: 8233 rss: 879Mb L: 280/3898 MS: 3 ChangeByte-ChangeByte-EraseBytes-
#289726747	REDUCE cov: 313 ft: 1451 corp: 254/245Kb lim: 4096 exec/s: 8232 rss: 879Mb L: 1384/3898 MS: 1 EraseBytes-
#291845178	REDUCE cov: 313 ft: 1451 corp: 254/245Kb lim: 4096 exec/s: 8230 rss: 880Mb L: 512/3898 MS: 1 EraseBytes-
#291939779	REDUCE cov: 313 ft: 1451 corp: 254/245Kb lim: 4096 exec/s: 8229 rss: 880Mb L: 717/3898 MS: 1 EraseBytes-
#292001477	REDUCE cov: 313 ft: 1451 corp: 254/245Kb lim: 4096 exec/s: 8230 rss: 880Mb L: 1361/3898 MS: 3 ShuffleBytes-ChangeASCIIInt-EraseBytes-
#293724793	REDUCE cov: 313 ft: 1451 corp: 254/245Kb lim: 4096 exec/s: 8227 rss: 880Mb L: 1662/3898 MS: 1 EraseBytes-
#293829699	REDUCE cov: 313 ft: 1451 corp: 254/245Kb lim: 4096 exec/s: 8227 rss: 880Mb L: 593/3898 MS: 1 EraseBytes-
#293958850	REDUCE cov: 313 ft: 1451 corp: 254/245Kb lim: 4096 exec/s: 8227 rss: 880Mb L: 89/3898 MS: 1 EraseBytes-
#294181856	REDUCE cov: 313 ft: 1451 corp: 254/245Kb lim: 4096 exec/s: 8227 rss: 880Mb L: 1575/3898 MS: 1 EraseBytes-
#294213127	REDUCE cov: 313 ft: 1451 corp: 254/245Kb lim: 4096 exec/s: 8226 rss: 880Mb L: 575/3898 MS: 1 EraseBytes-
#294586929	REDUCE cov: 313 ft: 1451 corp: 254/245Kb lim: 4096 exec/s: 8226 rss: 880Mb L: 699/3898 MS: 2 ChangeBit-EraseBytes-
#294701770	REDUCE cov: 313 ft: 1451 corp: 254/245Kb lim: 4096 exec/s: 8226 rss: 880Mb L: 1419/3898 MS: 1 EraseBytes-
#296354396	REDUCE cov: 313 ft: 1451 corp: 254/245Kb lim: 4096 exec/s: 8222 rss: 881Mb L: 1910/3898 MS: 1 EraseBytes-
#296882162	REDUCE cov: 313 ft: 1451 corp: 254/245Kb lim: 4096 exec/s: 8222 rss: 881Mb L: 3319/3898 MS: 1 EraseBytes-
#298186148	REDUCE cov: 313 ft: 1451 corp: 254/245Kb lim: 4096 exec/s: 8220 rss: 882Mb L: 3269/3898 MS: 1 EraseBytes-
#299297995	REDUCE cov: 313 ft: 1451 corp: 254/245Kb lim: 4096 exec/s: 8218 rss: 882Mb L: 3417/3898 MS: 2 ChangeBinInt-EraseBytes-
#300541331	REDUCE cov: 313 ft: 1451 corp: 254/245Kb lim: 4096 exec/s: 8217 rss: 883Mb L: 3866/3866 MS: 1 EraseBytes-
#300873752	REDUCE cov: 313 ft: 1451 corp: 254/245Kb lim: 4096 exec/s: 8216 rss: 883Mb L: 1534/3866 MS: 1 EraseBytes-
#301893043	REDUCE cov: 313 ft: 1451 corp: 254/245Kb lim: 4096 exec/s: 8214 rss: 884Mb L: 3789/3866 MS: 1 EraseBytes-
#301906504	REDUCE cov: 313 ft: 1451 corp: 254/245Kb lim: 4096 exec/s: 8214 rss: 884Mb L: 2391/3866 MS: 1 EraseBytes-
#302685781	REDUCE cov: 313 ft: 1451 corp: 254/245Kb lim: 4096 exec/s: 8212 rss: 884Mb L: 594/3866 MS: 2 ChangeByte-EraseBytes-
#305511907	REDUCE cov: 313 ft: 1451 corp: 254/245Kb lim: 4096 exec/s: 8207 rss: 885Mb L: 592/3866 MS: 1 EraseBytes-
#306463399	REDUCE cov: 313 ft: 1451 corp: 254/245Kb lim: 4096 exec/s: 8206 rss: 886Mb L: 424/3866 MS: 1 EraseBytes-
#307479210	REDUCE cov: 313 ft: 1451 corp: 254/245Kb lim: 4096 exec/s: 8205 rss: 886Mb L: 3228/3866 MS: 1 EraseBytes-
#308022076	REDUCE cov: 313 ft: 1451 corp: 254/245Kb lim: 4096 exec/s: 8205 rss: 886Mb L: 2123/3866 MS: 1 EraseBytes-
#309845372	REDUCE cov: 313 ft: 1451 corp: 254/245Kb lim: 4096 exec/s: 8203 rss: 887Mb L: 1401/3866 MS: 1 EraseBytes-
#310632853	REDUCE cov: 313 ft: 1451 corp: 254/245Kb lim: 4096 exec/s: 8201 rss: 887Mb L: 3310/3866 MS: 1 EraseBytes-
#312516880	REDUCE cov: 313 ft: 1451 corp: 254/245Kb lim: 4096 exec/s: 8200 rss: 888Mb L: 301/3866 MS: 2 ShuffleBytes-EraseBytes-
#313579411	REDUCE cov: 313 ft: 1451 corp: 254/245Kb lim: 4096 exec/s: 8198 rss: 888Mb L: 2117/3866 MS: 1 EraseBytes-
#313583133	REDUCE cov: 313 ft: 1451 corp: 254/245Kb lim: 4096 exec/s: 8198 rss: 888Mb L: 1392/3866 MS: 2 ChangeBinInt-EraseBytes-
#314132894	REDUCE cov: 313 ft: 1451 corp: 254/245Kb lim: 4096 exec/s: 8198 rss: 888Mb L: 260/3866 MS: 1 EraseBytes-
#315444295	REDUCE cov: 313 ft: 1451 corp: 254/245Kb lim: 4096 exec/s: 8198 rss: 889Mb L: 759/3866 MS: 1 EraseBytes-
#315531906	REDUCE cov: 313 ft: 1451 corp: 254/245Kb lim: 4096 exec/s: 8197 rss: 889Mb L: 1423/3866 MS: 1 EraseBytes-
#315739932	REDUCE cov: 313 ft: 1451 corp: 254/245Kb lim: 4096 exec/s: 8198 rss: 889Mb L: 412/3866 MS: 1 EraseBytes-
#315872158	REDUCE cov: 313 ft: 1451 corp: 254/245Kb lim: 4096 exec/s: 8198 rss: 889Mb L: 3785/3866 MS: 1 EraseBytes-
#317171514	REDUCE cov: 313 ft: 1451 corp: 254/245Kb lim: 4096 exec/s: 8195 rss: 890Mb L: 997/3866 MS: 1 EraseBytes-
#318826395	REDUCE cov: 313 ft: 1451 corp: 254/245Kb lim: 4096 exec/s: 8195 rss: 890Mb L: 3269/3866 MS: 1 EraseBytes-
#321434376	REDUCE cov: 313 ft: 1451 corp: 254/245Kb lim: 4096 exec/s: 8193 rss: 892Mb L: 2058/3866 MS: 1 EraseBytes-
#321695318	REDUCE cov: 313 ft: 1451 corp: 254/245Kb lim: 4096 exec/s: 8193 rss: 892Mb L: 2790/3866 MS: 2 ChangeBit-EraseBytes-
#324298179	REDUCE cov: 313 ft: 1451 corp: 254/245Kb lim: 4096 exec/s: 8193 rss: 893Mb L: 716/3866 MS: 1 EraseBytes-
#325182055	REDUCE cov: 313 ft: 1451 corp: 254/244Kb lim: 4096 exec/s: 8193 rss: 893Mb L: 2300/3866 MS: 1 EraseBytes-
#325344721	REDUCE cov: 313 ft: 1451 corp: 254/244Kb lim: 4096 exec/s: 8192 rss: 893Mb L: 3834/3834 MS: 1 EraseBytes-
#325568997	REDUCE cov: 313 ft: 1451 corp: 254/244Kb lim: 4096 exec/s: 8191 rss: 893Mb L: 1540/3834 MS: 1 EraseBytes-
#326685983	REDUCE cov: 313 ft: 1451 corp: 254/244Kb lim: 4096 exec/s: 8189 rss: 893Mb L: 1525/3834 MS: 1 EraseBytes-
#327393529	REDUCE cov: 313 ft: 1451 corp: 254/244Kb lim: 4096 exec/s: 8188 rss: 893Mb L: 1531/3834 MS: 1 EraseBytes-
#327567237	REDUCE cov: 313 ft: 1451 corp: 254/244Kb lim: 4096 exec/s: 8189 rss: 893Mb L: 283/3834 MS: 3 EraseBytes-ShuffleBytes-ShuffleBytes-
#328375788	REDUCE cov: 313 ft: 1451 corp: 254/244Kb lim: 4096 exec/s: 8186 rss: 894Mb L: 3260/3834 MS: 1 EraseBytes-
#328589279	REDUCE cov: 313 ft: 1451 corp: 254/244Kb lim: 4096 exec/s: 8186 rss: 894Mb L: 433/3834 MS: 1 EraseBytes-
#329446935	REDUCE cov: 313 ft: 1451 corp: 254/244Kb lim: 4096 exec/s: 8185 rss: 895Mb L: 1484/3834 MS: 1 EraseBytes-
#330945551	REDUCE cov: 313 ft: 1451 corp: 254/244Kb lim: 4096 exec/s: 8183 rss: 895Mb L: 750/3834 MS: 1 EraseBytes-
#332767793	REDUCE cov: 313 ft: 1451 corp: 254/244Kb lim: 4096 exec/s: 8181 rss: 896Mb L: 166/3834 MS: 2 CrossOver-EraseBytes-
#333341074	REDUCE cov: 313 ft: 1451 corp: 254/244Kb lim: 4096 exec/s: 8180 rss: 896Mb L: 3241/3834 MS: 1 EraseBytes-
#334537650	REDUCE cov: 313 ft: 1451 corp: 254/244Kb lim: 4096 exec/s: 8178 rss: 897Mb L: 219/3834 MS: 1 EraseBytes-
#336184911	REDUCE cov: 313 ft: 1451 corp: 254/244Kb lim: 4096 exec/s: 8176 rss: 897Mb L: 1796/3834 MS: 1 EraseBytes-
#339023152	REDUCE cov: 313 ft: 1451 corp: 254/244Kb lim: 4096 exec/s: 8172 rss: 898Mb L: 3524/3834 MS: 1 EraseBytes-
#340027048	REDUCE cov: 313 ft: 1451 corp: 254/244Kb lim: 4096 exec/s: 8170 rss: 899Mb L: 3784/3834 MS: 1 EraseBytes-
#340611160	REDUCE cov: 313 ft: 1451 corp: 254/244Kb lim: 4096 exec/s: 8170 rss: 899Mb L: 401/3834 MS: 2 CopyPart-EraseBytes-
#340712291	REDUCE cov: 313 ft: 1451 corp: 254/244Kb lim: 4096 exec/s: 8170 rss: 899Mb L: 3200/3834 MS: 1 EraseBytes-
#345512742	REDUCE cov: 313 ft: 1451 corp: 254/244Kb lim: 4096 exec/s: 8165 rss: 901Mb L: 399/3834 MS: 1 EraseBytes-
#345895790	REDUCE cov: 313 ft: 1451 corp: 254/244Kb lim: 4096 exec/s: 8164 rss: 901Mb L: 2183/3834 MS: 3 PersAutoDict-CMP-EraseBytes- DE: "\013\000"-"\011\000\000\000\000\000\000\000"-
#347147607	REDUCE cov: 313 ft: 1451 corp: 254/244Kb lim: 4096 exec/s: 8163 rss: 902Mb L: 279/3834 MS: 2 ChangeBinInt-EraseBytes-
#348339888	REDUCE cov: 313 ft: 1451 corp: 254/244Kb lim: 4096 exec/s: 8163 rss: 902Mb L: 3219/3834 MS: 1 EraseBytes-
#348513559	REDUCE cov: 313 ft: 1451 corp: 254/244Kb lim: 4096 exec/s: 8163 rss: 902Mb L: 2494/3834 MS: 1 EraseBytes-
#348813209	REDUCE cov: 313 ft: 1451 corp: 254/244Kb lim: 4096 exec/s: 8163 rss: 902Mb L: 252/3834 MS: 5 CMP-CopyPart-EraseBytes-ShuffleBytes-CopyPart- DE: "\037\003\000\000\000\000\000\000"-
#348984045	REDUCE cov: 313 ft: 1451 corp: 254/244Kb lim: 4096 exec/s: 8162 rss: 902Mb L: 244/3834 MS: 1 EraseBytes-
#349492922	REDUCE cov: 313 ft: 1451 corp: 254/244Kb lim: 4096 exec/s: 8161 rss: 902Mb L: 240/3834 MS: 1 EraseBytes-
#351039410	REDUCE cov: 313 ft: 1451 corp: 254/244Kb lim: 4096 exec/s: 8159 rss: 903Mb L: 3150/3834 MS: 2 ChangeASCIIInt-EraseBytes-
#351183116	REDUCE cov: 313 ft: 1451 corp: 254/244Kb lim: 4096 exec/s: 8159 rss: 903Mb L: 480/3834 MS: 1 EraseBytes-
#352734957	REDUCE cov: 313 ft: 1451 corp: 254/244Kb lim: 4096 exec/s: 8157 rss: 903Mb L: 439/3834 MS: 1 EraseBytes-
#355081789	REDUCE cov: 313 ft: 1451 corp: 254/244Kb lim: 4096 exec/s: 8154 rss: 904Mb L: 358/3834 MS: 1 EraseBytes-
#355291925	REDUCE cov: 313 ft: 1451 corp: 254/244Kb lim: 4096 exec/s: 8153 rss: 904Mb L: 566/3834 MS: 1 EraseBytes-
#355621641	REDUCE cov: 313 ft: 1451 corp: 254/244Kb lim: 4096 exec/s: 8152 rss: 904Mb L: 1383/3834 MS: 1 EraseBytes-
#357768107	REDUCE cov: 313 ft: 1451 corp: 254/244Kb lim: 4096 exec/s: 8151 rss: 905Mb L: 2215/3834 MS: 1 EraseBytes-
#358765229	REDUCE cov: 313 ft: 1451 corp: 254/244Kb lim: 4096 exec/s: 8151 rss: 905Mb L: 3802/3802 MS: 2 CMP-EraseBytes- DE: "\303\000"-
#358886052	REDUCE cov: 313 ft: 1451 corp: 254/244Kb lim: 4096 exec/s: 8151 rss: 905Mb L: 523/3802 MS: 3 ChangeBinInt-ChangeBit-EraseBytes-
#358991971	REDUCE cov: 313 ft: 1451 corp: 254/244Kb lim: 4096 exec/s: 8151 rss: 905Mb L: 565/3802 MS: 4 ShuffleBytes-InsertByte-EraseBytes-ChangeBinInt-
#359652967	REDUCE cov: 313 ft: 1451 corp: 254/244Kb lim: 4096 exec/s: 8150 rss: 905Mb L: 475/3802 MS: 1 EraseBytes-
#359800549	REDUCE cov: 313 ft: 1451 corp: 254/244Kb lim: 4096 exec/s: 8150 rss: 905Mb L: 1653/3802 MS: 2 ChangeBit-EraseBytes-
#360737625	REDUCE cov: 313 ft: 1451 corp: 254/244Kb lim: 4096 exec/s: 8150 rss: 906Mb L: 1414/3802 MS: 1 EraseBytes-
#361111776	REDUCE cov: 313 ft: 1451 corp: 254/244Kb lim: 4096 exec/s: 8150 rss: 906Mb L: 2165/3802 MS: 1 EraseBytes-
#362684804	REDUCE cov: 313 ft: 1451 corp: 254/243Kb lim: 4096 exec/s: 8148 rss: 906Mb L: 790/3802 MS: 3 EraseBytes-PersAutoDict-CopyPart- DE: "\000\000\000\000"-
#362750821	REDUCE cov: 313 ft: 1451 corp: 254/243Kb lim: 4096 exec/s: 8148 rss: 906Mb L: 385/3802 MS: 2 InsertByte-EraseBytes-
#362812243	REDUCE cov: 313 ft: 1451 corp: 254/243Kb lim: 4096 exec/s: 8148 rss: 906Mb L: 3303/3802 MS: 2 ChangeBinInt-EraseBytes-
#364890756	REDUCE cov: 313 ft: 1451 corp: 254/243Kb lim: 4096 exec/s: 8145 rss: 908Mb L: 2234/3802 MS: 3 ChangeBinInt-ShuffleBytes-EraseBytes-
#365402753	REDUCE cov: 313 ft: 1451 corp: 254/243Kb lim: 4096 exec/s: 8145 rss: 908Mb L: 3320/3802 MS: 2 ChangeASCIIInt-EraseBytes-
#365624939	REDUCE cov: 313 ft: 1451 corp: 254/243Kb lim: 4096 exec/s: 8144 rss: 908Mb L: 238/3802 MS: 1 EraseBytes-
#367115324	REDUCE cov: 313 ft: 1451 corp: 254/243Kb lim: 4096 exec/s: 8142 rss: 908Mb L: 430/3802 MS: 5 ShuffleBytes-ChangeASCIIInt-ChangeBinInt-ChangeASCIIInt-EraseBytes-
#367157064	REDUCE cov: 313 ft: 1451 corp: 254/243Kb lim: 4096 exec/s: 8142 rss: 908Mb L: 1080/3802 MS: 5 CrossOver-ChangeByte-ChangeBit-ChangeBinInt-EraseBytes-
#367408815	REDUCE cov: 313 ft: 1451 corp: 254/243Kb lim: 4096 exec/s: 8141 rss: 908Mb L: 178/3802 MS: 1 EraseBytes-
#368023662	REDUCE cov: 313 ft: 1451 corp: 254/243Kb lim: 4096 exec/s: 8141 rss: 908Mb L: 1374/3802 MS: 2 ShuffleBytes-EraseBytes-
#370206378	REDUCE cov: 313 ft: 1451 corp: 254/243Kb lim: 4096 exec/s: 8140 rss: 909Mb L: 3788/3788 MS: 1 EraseBytes-
#370262230	REDUCE cov: 313 ft: 1451 corp: 254/243Kb lim: 4096 exec/s: 8140 rss: 909Mb L: 520/3788 MS: 2 ShuffleBytes-EraseBytes-
#370792116	REDUCE cov: 313 ft: 1451 corp: 254/243Kb lim: 4096 exec/s: 8140 rss: 909Mb L: 2694/3788 MS: 1 EraseBytes-
#370900974	REDUCE cov: 313 ft: 1451 corp: 254/243Kb lim: 4096 exec/s: 8140 rss: 909Mb L: 71/3788 MS: 3 ShuffleBytes-EraseBytes-CrossOver-
#372199011	REDUCE cov: 313 ft: 1451 corp: 254/243Kb lim: 4096 exec/s: 8139 rss: 910Mb L: 417/3788 MS: 2 ChangeASCIIInt-EraseBytes-
#372467977	REDUCE cov: 313 ft: 1451 corp: 254/243Kb lim: 4096 exec/s: 8138 rss: 910Mb L: 3778/3784 MS: 1 EraseBytes-
#372892964	REDUCE cov: 313 ft: 1451 corp: 254/243Kb lim: 4096 exec/s: 8138 rss: 910Mb L: 2685/3784 MS: 2 ChangeASCIIInt-EraseBytes-
#372979041	REDUCE cov: 313 ft: 1453 corp: 255/243Kb lim: 4096 exec/s: 8138 rss: 910Mb L: 555/3784 MS: 2 EraseBytes-CopyPart-
#373074758	REDUCE cov: 313 ft: 1453 corp: 255/243Kb lim: 4096 exec/s: 8138 rss: 913Mb L: 1405/3784 MS: 2 ChangeBit-EraseBytes-
#373117434	REDUCE cov: 313 ft: 1453 corp: 255/243Kb lim: 4096 exec/s: 8138 rss: 913Mb L: 429/3784 MS: 1 EraseBytes-
#373540468	REDUCE cov: 313 ft: 1453 corp: 255/243Kb lim: 4096 exec/s: 8137 rss: 914Mb L: 3279/3784 MS: 4 ShuffleBytes-CMP-ChangeBinInt-EraseBytes- DE: "f\377\377\377"-
#373557814	REDUCE cov: 313 ft: 1453 corp: 255/243Kb lim: 4096 exec/s: 8137 rss: 914Mb L: 420/3784 MS: 1 EraseBytes-
#373753262	REDUCE cov: 313 ft: 1453 corp: 255/243Kb lim: 4096 exec/s: 8137 rss: 914Mb L: 43/3784 MS: 3 CrossOver-ChangeBinInt-EraseBytes-
#374135138	REDUCE cov: 313 ft: 1453 corp: 255/243Kb lim: 4096 exec/s: 8137 rss: 914Mb L: 411/3784 MS: 1 EraseBytes-
#374255414	REDUCE cov: 313 ft: 1453 corp: 255/243Kb lim: 4096 exec/s: 8137 rss: 914Mb L: 393/3784 MS: 1 EraseBytes-
#374306172	REDUCE cov: 313 ft: 1453 corp: 255/243Kb lim: 4096 exec/s: 8137 rss: 914Mb L: 3448/3784 MS: 3 CrossOver-EraseBytes-PersAutoDict- DE: "\001\330"-
#374402553	REDUCE cov: 313 ft: 1453 corp: 255/243Kb lim: 4096 exec/s: 8137 rss: 914Mb L: 1315/3784 MS: 1 EraseBytes-
#374403806	REDUCE cov: 313 ft: 1453 corp: 255/243Kb lim: 4096 exec/s: 8137 rss: 914Mb L: 749/3784 MS: 3 ChangeBinInt-ChangeBinInt-EraseBytes-
#374418254	REDUCE cov: 313 ft: 1453 corp: 255/243Kb lim: 4096 exec/s: 8137 rss: 914Mb L: 192/3784 MS: 3 CMP-InsertByte-EraseBytes- DE: "!\000\000\000\000\000\000\000"-
#374426997	REDUCE cov: 313 ft: 1453 corp: 255/243Kb lim: 4096 exec/s: 8137 rss: 914Mb L: 3210/3784 MS: 3 PersAutoDict-ShuffleBytes-EraseBytes- DE: "\000\000\000\374"-
#375495988	REDUCE cov: 313 ft: 1453 corp: 255/243Kb lim: 4096 exec/s: 8137 rss: 915Mb L: 375/3784 MS: 1 EraseBytes-
#375827774	REDUCE cov: 313 ft: 1453 corp: 255/243Kb lim: 4096 exec/s: 8137 rss: 915Mb L: 1882/3784 MS: 1 CrossOver-
#376154771	REDUCE cov: 313 ft: 1453 corp: 255/243Kb lim: 4096 exec/s: 8137 rss: 915Mb L: 366/3784 MS: 2 ShuffleBytes-EraseBytes-
#376235422	REDUCE cov: 313 ft: 1453 corp: 255/243Kb lim: 4096 exec/s: 8137 rss: 915Mb L: 3169/3784 MS: 1 EraseBytes-
#376665776	REDUCE cov: 313 ft: 1453 corp: 255/243Kb lim: 4096 exec/s: 8138 rss: 915Mb L: 34/3784 MS: 4 CMP-EraseBytes-InsertByte-InsertByte- DE: "\001\005"-
#377823292	REDUCE cov: 313 ft: 1453 corp: 255/243Kb lim: 4096 exec/s: 8139 rss: 915Mb L: 348/3784 MS: 1 EraseBytes-
#378699514	REDUCE cov: 313 ft: 1453 corp: 255/243Kb lim: 4096 exec/s: 8139 rss: 915Mb L: 3783/3783 MS: 2 ShuffleBytes-EraseBytes-
#379354506	REDUCE cov: 313 ft: 1453 corp: 255/243Kb lim: 4096 exec/s: 8138 rss: 915Mb L: 169/3783 MS: 2 ShuffleBytes-EraseBytes-
#379397513	REDUCE cov: 313 ft: 1453 corp: 255/243Kb lim: 4096 exec/s: 8138 rss: 915Mb L: 2164/3783 MS: 2 ChangeByte-EraseBytes-
#380013404	REDUCE cov: 313 ft: 1453 corp: 255/243Kb lim: 4096 exec/s: 8138 rss: 915Mb L: 346/3783 MS: 1 EraseBytes-
#380378690	REDUCE cov: 313 ft: 1453 corp: 255/243Kb lim: 4096 exec/s: 8139 rss: 915Mb L: 689/3783 MS: 1 EraseBytes-
#381219006	REDUCE cov: 313 ft: 1453 corp: 255/243Kb lim: 4096 exec/s: 8139 rss: 915Mb L: 1048/3783 MS: 1 EraseBytes-
#382265392	REDUCE cov: 313 ft: 1453 corp: 255/243Kb lim: 4096 exec/s: 8139 rss: 915Mb L: 2048/3783 MS: 1 EraseBytes-
#382713693	REDUCE cov: 313 ft: 1453 corp: 255/243Kb lim: 4096 exec/s: 8138 rss: 915Mb L: 160/3783 MS: 1 EraseBytes-
#382754205	REDUCE cov: 313 ft: 1453 corp: 255/243Kb lim: 4096 exec/s: 8138 rss: 915Mb L: 337/3783 MS: 2 ShuffleBytes-EraseBytes-
#383033551	REDUCE cov: 313 ft: 1453 corp: 255/243Kb lim: 4096 exec/s: 8138 rss: 915Mb L: 1352/3783 MS: 1 EraseBytes-
#383407319	REDUCE cov: 313 ft: 1453 corp: 255/242Kb lim: 4096 exec/s: 8138 rss: 915Mb L: 941/3783 MS: 3 ChangeASCIIInt-ShuffleBytes-EraseBytes-
#387522660	REDUCE cov: 313 ft: 1453 corp: 255/242Kb lim: 4096 exec/s: 8137 rss: 915Mb L: 902/3783 MS: 1 EraseBytes-
#389361478	REDUCE cov: 313 ft: 1453 corp: 255/242Kb lim: 4096 exec/s: 8136 rss: 916Mb L: 234/3783 MS: 3 CMP-ShuffleBytes-EraseBytes- DE: "\000\000\000\000\000\000\000\003"-
#390662621	REDUCE cov: 313 ft: 1453 corp: 255/242Kb lim: 4096 exec/s: 8136 rss: 916Mb L: 900/3783 MS: 3 ShuffleBytes-ShuffleBytes-EraseBytes-
#391127258	REDUCE cov: 313 ft: 1453 corp: 255/242Kb lim: 4096 exec/s: 8136 rss: 916Mb L: 328/3783 MS: 2 ShuffleBytes-EraseBytes-
#393606639	REDUCE cov: 313 ft: 1453 corp: 255/242Kb lim: 4096 exec/s: 8137 rss: 918Mb L: 3141/3783 MS: 1 EraseBytes-
#393879005	REDUCE cov: 313 ft: 1453 corp: 255/242Kb lim: 4096 exec/s: 8137 rss: 918Mb L: 1089/3783 MS: 1 EraseBytes-
#394269952	REDUCE cov: 313 ft: 1453 corp: 255/242Kb lim: 4096 exec/s: 8137 rss: 918Mb L: 1434/3783 MS: 2 ShuffleBytes-EraseBytes-
#394658038	REDUCE cov: 313 ft: 1453 corp: 255/242Kb lim: 4096 exec/s: 8136 rss: 918Mb L: 815/3783 MS: 1 EraseBytes-
#395647155	REDUCE cov: 313 ft: 1453 corp: 255/242Kb lim: 4096 exec/s: 8136 rss: 918Mb L: 3737/3783 MS: 2 ShuffleBytes-EraseBytes-
#396383287	REDUCE cov: 313 ft: 1453 corp: 255/242Kb lim: 4096 exec/s: 8136 rss: 918Mb L: 1548/3783 MS: 2 CopyPart-EraseBytes-
#396579018	REDUCE cov: 313 ft: 1453 corp: 255/242Kb lim: 4096 exec/s: 8136 rss: 918Mb L: 803/3783 MS: 1 EraseBytes-
#397832834	REDUCE cov: 313 ft: 1453 corp: 255/242Kb lim: 4096 exec/s: 8135 rss: 919Mb L: 891/3783 MS: 1 EraseBytes-
#398196405	REDUCE cov: 313 ft: 1453 corp: 255/242Kb lim: 4096 exec/s: 8135 rss: 919Mb L: 1432/3783 MS: 1 EraseBytes-
#398745986	REDUCE cov: 313 ft: 1453 corp: 255/242Kb lim: 4096 exec/s: 8135 rss: 919Mb L: 2141/3783 MS: 1 EraseBytes-
#400120952	NEW    cov: 313 ft: 1454 corp: 256/246Kb lim: 4096 exec/s: 8135 rss: 919Mb L: 3809/3809 MS: 1 CrossOver-
#400728230	REDUCE cov: 313 ft: 1454 corp: 256/246Kb lim: 4096 exec/s: 8134 rss: 924Mb L: 850/3809 MS: 3 ChangeByte-ChangeByte-EraseBytes-
#400733468	REDUCE cov: 313 ft: 1454 corp: 256/246Kb lim: 4096 exec/s: 8134 rss: 924Mb L: 740/3809 MS: 3 ShuffleBytes-ChangeBinInt-EraseBytes-
#401570439	REDUCE cov: 313 ft: 1454 corp: 256/246Kb lim: 4096 exec/s: 8132 rss: 925Mb L: 3782/3783 MS: 1 EraseBytes-
#401597945	REDUCE cov: 313 ft: 1454 corp: 256/246Kb lim: 4096 exec/s: 8132 rss: 925Mb L: 319/3783 MS: 1 EraseBytes-
#403384398	REDUCE cov: 313 ft: 1454 corp: 256/246Kb lim: 4096 exec/s: 8131 rss: 926Mb L: 2291/3783 MS: 3 PersAutoDict-ChangeASCIIInt-EraseBytes- DE: "\001\000\000\000\000\000\005A"-
#403473719	REDUCE cov: 313 ft: 1454 corp: 256/246Kb lim: 4096 exec/s: 8131 rss: 926Mb L: 3230/3783 MS: 1 EraseBytes-
#404854840	REDUCE cov: 313 ft: 1454 corp: 256/246Kb lim: 4096 exec/s: 8132 rss: 926Mb L: 3773/3783 MS: 1 EraseBytes-
#406846216	REDUCE cov: 313 ft: 1454 corp: 256/246Kb lim: 4096 exec/s: 8131 rss: 926Mb L: 557/3783 MS: 1 EraseBytes-
#410937291	REDUCE cov: 313 ft: 1454 corp: 256/246Kb lim: 4096 exec/s: 8129 rss: 926Mb L: 1387/3783 MS: 5 ChangeBinInt-CopyPart-EraseBytes-ChangeBinInt-ShuffleBytes-
#411235592	REDUCE cov: 313 ft: 1454 corp: 256/246Kb lim: 4096 exec/s: 8129 rss: 926Mb L: 3767/3783 MS: 1 EraseBytes-
#411474468	REDUCE cov: 313 ft: 1454 corp: 256/246Kb lim: 4096 exec/s: 8129 rss: 926Mb L: 314/3783 MS: 1 EraseBytes-
#413400875	REDUCE cov: 313 ft: 1454 corp: 256/246Kb lim: 4096 exec/s: 8127 rss: 926Mb L: 3100/3783 MS: 2 ShuffleBytes-EraseBytes-
#414491381	REDUCE cov: 313 ft: 1454 corp: 256/246Kb lim: 4096 exec/s: 8127 rss: 926Mb L: 429/3783 MS: 1 EraseBytes-
#414848582	REDUCE cov: 313 ft: 1454 corp: 256/246Kb lim: 4096 exec/s: 8127 rss: 926Mb L: 2676/3783 MS: 1 EraseBytes-
#415459684	REDUCE cov: 313 ft: 1454 corp: 256/246Kb lim: 4096 exec/s: 8126 rss: 926Mb L: 738/3783 MS: 2 ShuffleBytes-EraseBytes-
#415839565	REDUCE cov: 313 ft: 1454 corp: 256/246Kb lim: 4096 exec/s: 8126 rss: 926Mb L: 1860/3783 MS: 1 EraseBytes-
#416894266	REDUCE cov: 313 ft: 1454 corp: 256/246Kb lim: 4096 exec/s: 8125 rss: 926Mb L: 731/3783 MS: 1 EraseBytes-
#420423008	REDUCE cov: 313 ft: 1454 corp: 256/245Kb lim: 4096 exec/s: 8125 rss: 926Mb L: 1334/3783 MS: 2 ChangeASCIIInt-EraseBytes-
#420931290	REDUCE cov: 313 ft: 1454 corp: 256/245Kb lim: 4096 exec/s: 8125 rss: 927Mb L: 383/3783 MS: 2 ChangeBinInt-EraseBytes-
#422075919	REDUCE cov: 313 ft: 1454 corp: 256/245Kb lim: 4096 exec/s: 8125 rss: 927Mb L: 626/3783 MS: 4 ChangeASCIIInt-ChangeBinInt-ChangeASCIIInt-EraseBytes-
#423626485	REDUCE cov: 313 ft: 1454 corp: 256/245Kb lim: 4096 exec/s: 8125 rss: 927Mb L: 1534/3783 MS: 1 EraseBytes-
#424405561	REDUCE cov: 313 ft: 1454 corp: 256/245Kb lim: 4096 exec/s: 8125 rss: 928Mb L: 2492/3783 MS: 1 EraseBytes-
#424429058	REDUCE cov: 313 ft: 1454 corp: 256/245Kb lim: 4096 exec/s: 8125 rss: 928Mb L: 617/3783 MS: 2 ChangeByte-EraseBytes-
#426276755	REDUCE cov: 313 ft: 1454 corp: 256/245Kb lim: 4096 exec/s: 8124 rss: 928Mb L: 3726/3783 MS: 2 ChangeBinInt-EraseBytes-
#428088736	REDUCE cov: 313 ft: 1454 corp: 256/245Kb lim: 4096 exec/s: 8123 rss: 929Mb L: 3713/3783 MS: 1 EraseBytes-
#430318728	REDUCE cov: 313 ft: 1454 corp: 256/245Kb lim: 4096 exec/s: 8122 rss: 930Mb L: 415/3783 MS: 2 EraseBytes-EraseBytes-
#430361969	REDUCE cov: 313 ft: 1454 corp: 256/245Kb lim: 4096 exec/s: 8122 rss: 930Mb L: 2030/3783 MS: 1 EraseBytes-
#430529535	REDUCE cov: 313 ft: 1454 corp: 256/245Kb lim: 4096 exec/s: 8122 rss: 930Mb L: 3163/3783 MS: 1 EraseBytes-
#433440036	REDUCE cov: 313 ft: 1454 corp: 256/245Kb lim: 4096 exec/s: 8122 rss: 931Mb L: 1498/3783 MS: 1 EraseBytes-
#433977293	REDUCE cov: 313 ft: 1454 corp: 256/245Kb lim: 4096 exec/s: 8121 rss: 931Mb L: 84/3783 MS: 2 EraseBytes-CopyPart-
#434600304	REDUCE cov: 313 ft: 1454 corp: 256/245Kb lim: 4096 exec/s: 8122 rss: 931Mb L: 3686/3783 MS: 1 EraseBytes-
#435420815	REDUCE cov: 313 ft: 1454 corp: 256/245Kb lim: 4096 exec/s: 8122 rss: 931Mb L: 70/3783 MS: 1 EraseBytes-
#435829602	REDUCE cov: 313 ft: 1454 corp: 256/245Kb lim: 4096 exec/s: 8122 rss: 931Mb L: 411/3783 MS: 2 ChangeBinInt-EraseBytes-
#436428083	REDUCE cov: 313 ft: 1454 corp: 256/245Kb lim: 4096 exec/s: 8122 rss: 931Mb L: 3152/3783 MS: 1 EraseBytes-
#440152230	REDUCE cov: 313 ft: 1454 corp: 256/245Kb lim: 4096 exec/s: 8104 rss: 940Mb L: 2575/3783 MS: 2 ShuffleBytes-EraseBytes-
#449094922	REDUCE cov: 313 ft: 1454 corp: 256/245Kb lim: 4096 exec/s: 8051 rss: 940Mb L: 1332/3783 MS: 2 ChangeBit-EraseBytes-
#459356388	REDUCE cov: 313 ft: 1454 corp: 256/245Kb lim: 4096 exec/s: 7997 rss: 944Mb L: 1396/3783 MS: 1 EraseBytes-
#460134935	REDUCE cov: 313 ft: 1454 corp: 256/245Kb lim: 4096 exec/s: 7993 rss: 945Mb L: 841/3783 MS: 2 ShuffleBytes-EraseBytes-
#460977176	REDUCE cov: 313 ft: 1454 corp: 256/245Kb lim: 4096 exec/s: 7988 rss: 946Mb L: 3091/3783 MS: 1 EraseBytes-
#462853977	REDUCE cov: 313 ft: 1454 corp: 256/245Kb lim: 4096 exec/s: 7979 rss: 946Mb L: 2667/3783 MS: 1 EraseBytes-
#462960209	REDUCE cov: 313 ft: 1454 corp: 256/245Kb lim: 4096 exec/s: 7978 rss: 946Mb L: 688/3783 MS: 2 ChangeByte-EraseBytes-
#464891605	REDUCE cov: 313 ft: 1454 corp: 256/245Kb lim: 4096 exec/s: 7968 rss: 948Mb L: 305/3783 MS: 1 EraseBytes-
#465835350	REDUCE cov: 313 ft: 1454 corp: 256/245Kb lim: 4096 exec/s: 7965 rss: 948Mb L: 336/3783 MS: 5 ChangeBit-ChangeBit-CrossOver-EraseBytes-CrossOver-
#466682489	REDUCE cov: 313 ft: 1454 corp: 256/245Kb lim: 4096 exec/s: 7961 rss: 948Mb L: 325/3783 MS: 4 ShuffleBytes-ChangeByte-ChangeBinInt-EraseBytes-
#467016017	REDUCE cov: 313 ft: 1454 corp: 256/245Kb lim: 4096 exec/s: 7960 rss: 948Mb L: 323/3783 MS: 2 ChangeBinInt-EraseBytes-
#477795904	REDUCE cov: 313 ft: 1454 corp: 256/245Kb lim: 4096 exec/s: 7906 rss: 954Mb L: 846/3783 MS: 1 EraseBytes-
#480187470	REDUCE cov: 313 ft: 1454 corp: 256/245Kb lim: 4096 exec/s: 7895 rss: 954Mb L: 3150/3783 MS: 1 EraseBytes-
#484522046	REDUCE cov: 313 ft: 1454 corp: 256/245Kb lim: 4096 exec/s: 7875 rss: 956Mb L: 322/3783 MS: 1 EraseBytes-
#484963828	REDUCE cov: 313 ft: 1454 corp: 256/245Kb lim: 4096 exec/s: 7874 rss: 956Mb L: 2313/3783 MS: 2 EraseBytes-CopyPart-
#485489734	REDUCE cov: 313 ft: 1454 corp: 256/245Kb lim: 4096 exec/s: 7871 rss: 957Mb L: 321/3783 MS: 1 EraseBytes-
#488081320	REDUCE cov: 313 ft: 1454 corp: 256/245Kb lim: 4096 exec/s: 7858 rss: 957Mb L: 758/3783 MS: 1 EraseBytes-
#489812743	REDUCE cov: 313 ft: 1454 corp: 256/245Kb lim: 4096 exec/s: 7850 rss: 958Mb L: 2311/3783 MS: 3 PersAutoDict-EraseBytes-CopyPart- DE: "\000\000\000\000"-
#490442740	REDUCE cov: 313 ft: 1454 corp: 256/245Kb lim: 4096 exec/s: 7847 rss: 958Mb L: 800/3783 MS: 2 ShuffleBytes-EraseBytes-
#492560206	REDUCE cov: 313 ft: 1454 corp: 256/245Kb lim: 4096 exec/s: 7838 rss: 959Mb L: 88/3783 MS: 1 EraseBytes-
#494218439	REDUCE cov: 313 ft: 1454 corp: 256/245Kb lim: 4096 exec/s: 7831 rss: 960Mb L: 2977/3783 MS: 3 ChangeBit-ChangeASCIIInt-EraseBytes-
#500981520	REDUCE cov: 313 ft: 1454 corp: 256/245Kb lim: 4096 exec/s: 7802 rss: 963Mb L: 2574/3783 MS: 1 EraseBytes-
#519530218	REDUCE cov: 313 ft: 1454 corp: 256/245Kb lim: 4096 exec/s: 7724 rss: 970Mb L: 517/3783 MS: 3 ChangeBinInt-EraseBytes-CrossOver-
#520438864	REDUCE cov: 313 ft: 1454 corp: 256/244Kb lim: 4096 exec/s: 7722 rss: 970Mb L: 768/3783 MS: 1 EraseBytes-
#522948070	REDUCE cov: 313 ft: 1454 corp: 256/244Kb lim: 4096 exec/s: 7711 rss: 971Mb L: 3270/3783 MS: 1 EraseBytes-
#524143649	REDUCE cov: 313 ft: 1454 corp: 256/244Kb lim: 4096 exec/s: 7707 rss: 972Mb L: 1983/3783 MS: 4 ChangeByte-EraseBytes-ChangeBit-ChangeBinInt-
#525391385	REDUCE cov: 313 ft: 1454 corp: 256/244Kb lim: 4096 exec/s: 7702 rss: 973Mb L: 3229/3783 MS: 1 EraseBytes-
#526848412	REDUCE cov: 313 ft: 1454 corp: 256/244Kb lim: 4096 exec/s: 7697 rss: 973Mb L: 184/3783 MS: 2 ChangeASCIIInt-EraseBytes-
#526966629	REDUCE cov: 313 ft: 1454 corp: 256/244Kb lim: 4096 exec/s: 7696 rss: 973Mb L: 2868/3783 MS: 2 ChangeASCIIInt-CrossOver-
#531815950	REDUCE cov: 313 ft: 1454 corp: 256/244Kb lim: 4096 exec/s: 7677 rss: 975Mb L: 159/3783 MS: 1 EraseBytes-
#532427628	REDUCE cov: 313 ft: 1454 corp: 256/244Kb lim: 4096 exec/s: 7674 rss: 975Mb L: 2962/3783 MS: 3 CMP-ChangeASCIIInt-EraseBytes- DE: "\346\372\275\256\344\012\000\000"-
#532707804	REDUCE cov: 313 ft: 1454 corp: 256/244Kb lim: 4096 exec/s: 7673 rss: 975Mb L: 3677/3783 MS: 1 EraseBytes-
#536870912	pulse  cov: 313 ft: 1454 corp: 256/244Kb lim: 4096 exec/s: 7659 rss: 976Mb
#545819940	REDUCE cov: 313 ft: 1454 corp: 256/244Kb lim: 4096 exec/s: 7626 rss: 979Mb L: 1201/3783 MS: 1 EraseBytes-
#546395401	REDUCE cov: 313 ft: 1454 corp: 256/244Kb lim: 4096 exec/s: 7624 rss: 979Mb L: 523/3783 MS: 1 EraseBytes-
#548005722	REDUCE cov: 313 ft: 1454 corp: 256/244Kb lim: 4096 exec/s: 7620 rss: 987Mb L: 676/3783 MS: 1 EraseBytes-
#549550933	REDUCE cov: 313 ft: 1454 corp: 256/244Kb lim: 4096 exec/s: 7619 rss: 987Mb L: 3545/3783 MS: 1 EraseBytes-
#550350944	REDUCE cov: 313 ft: 1454 corp: 256/244Kb lim: 4096 exec/s: 7619 rss: 987Mb L: 548/3783 MS: 1 EraseBytes-
#550864031	REDUCE cov: 313 ft: 1454 corp: 256/243Kb lim: 4096 exec/s: 7619 rss: 987Mb L: 675/3783 MS: 2 CrossOver-EraseBytes-
#552192717	REDUCE cov: 313 ft: 1454 corp: 256/243Kb lim: 4096 exec/s: 7619 rss: 987Mb L: 1320/3783 MS: 1 EraseBytes-
#554024338	REDUCE cov: 313 ft: 1454 corp: 256/243Kb lim: 4096 exec/s: 7618 rss: 987Mb L: 3536/3783 MS: 1 EraseBytes-
#556748344	REDUCE cov: 313 ft: 1454 corp: 256/243Kb lim: 4096 exec/s: 7619 rss: 987Mb L: 349/3783 MS: 1 EraseBytes-
#557291105	REDUCE cov: 313 ft: 1454 corp: 256/243Kb lim: 4096 exec/s: 7618 rss: 988Mb L: 340/3783 MS: 1 EraseBytes-
#557552107	REDUCE cov: 313 ft: 1454 corp: 256/243Kb lim: 4096 exec/s: 7618 rss: 988Mb L: 667/3783 MS: 1 EraseBytes-
#557661943	REDUCE cov: 313 ft: 1454 corp: 256/243Kb lim: 4096 exec/s: 7618 rss: 988Mb L: 3491/3783 MS: 1 EraseBytes-
#557943959	REDUCE cov: 313 ft: 1454 corp: 256/243Kb lim: 4096 exec/s: 7618 rss: 988Mb L: 3211/3783 MS: 1 EraseBytes-
#559408420	REDUCE cov: 313 ft: 1454 corp: 256/243Kb lim: 4096 exec/s: 7618 rss: 988Mb L: 635/3783 MS: 1 EraseBytes-
#559822143	REDUCE cov: 313 ft: 1454 corp: 256/243Kb lim: 4096 exec/s: 7618 rss: 988Mb L: 2264/3783 MS: 3 ChangeBit-ChangeByte-EraseBytes-
#560486159	REDUCE cov: 313 ft: 1454 corp: 256/243Kb lim: 4096 exec/s: 7618 rss: 988Mb L: 3235/3783 MS: 1 EraseBytes-
#560919500	REDUCE cov: 313 ft: 1454 corp: 256/243Kb lim: 4096 exec/s: 7618 rss: 988Mb L: 2491/3783 MS: 1 EraseBytes-
#561711281	REDUCE cov: 313 ft: 1454 corp: 256/243Kb lim: 4096 exec/s: 7618 rss: 988Mb L: 2787/3783 MS: 1 EraseBytes-
#561920372	REDUCE cov: 313 ft: 1454 corp: 256/243Kb lim: 4096 exec/s: 7618 rss: 988Mb L: 2264/3783 MS: 1 EraseBytes-
#564381049	REDUCE cov: 313 ft: 1454 corp: 256/243Kb lim: 4096 exec/s: 7617 rss: 990Mb L: 2258/3783 MS: 2 ChangeBit-EraseBytes-
#564388445	REDUCE cov: 313 ft: 1454 corp: 256/243Kb lim: 4096 exec/s: 7617 rss: 990Mb L: 2018/3783 MS: 1 EraseBytes-
#564494776	REDUCE cov: 313 ft: 1454 corp: 256/243Kb lim: 4096 exec/s: 7617 rss: 990Mb L: 988/3783 MS: 1 EraseBytes-
#564506937	REDUCE cov: 313 ft: 1454 corp: 256/243Kb lim: 4096 exec/s: 7617 rss: 990Mb L: 1870/3783 MS: 1 EraseBytes-
#564516258	REDUCE cov: 313 ft: 1454 corp: 256/243Kb lim: 4096 exec/s: 7617 rss: 990Mb L: 1845/3783 MS: 1 EraseBytes-
#564598159	REDUCE cov: 313 ft: 1454 corp: 256/243Kb lim: 4096 exec/s: 7617 rss: 990Mb L: 1785/3783 MS: 1 EraseBytes-
#564671485	REDUCE cov: 313 ft: 1454 corp: 256/243Kb lim: 4096 exec/s: 7617 rss: 990Mb L: 1743/3783 MS: 1 EraseBytes-
#564916777	REDUCE cov: 313 ft: 1454 corp: 256/243Kb lim: 4096 exec/s: 7618 rss: 990Mb L: 626/3783 MS: 2 CopyPart-EraseBytes-
#565283333	REDUCE cov: 313 ft: 1454 corp: 256/243Kb lim: 4096 exec/s: 7617 rss: 990Mb L: 1314/3783 MS: 1 EraseBytes-
#565464954	REDUCE cov: 313 ft: 1454 corp: 256/243Kb lim: 4096 exec/s: 7617 rss: 990Mb L: 669/3783 MS: 1 EraseBytes-
#566469498	REDUCE cov: 313 ft: 1454 corp: 256/243Kb lim: 4096 exec/s: 7617 rss: 990Mb L: 1739/3783 MS: 4 CopyPart-InsertRepeatedBytes-CrossOver-EraseBytes-
#567514795	REDUCE cov: 313 ft: 1454 corp: 256/243Kb lim: 4096 exec/s: 7617 rss: 990Mb L: 1738/3783 MS: 2 ShuffleBytes-EraseBytes-
#568057317	REDUCE cov: 313 ft: 1454 corp: 256/243Kb lim: 4096 exec/s: 7617 rss: 990Mb L: 1311/3783 MS: 2 ChangeBinInt-EraseBytes-
#570018153	REDUCE cov: 313 ft: 1454 corp: 256/243Kb lim: 4096 exec/s: 7617 rss: 991Mb L: 1323/3783 MS: 1 EraseBytes-
#570681029	REDUCE cov: 313 ft: 1454 corp: 256/243Kb lim: 4096 exec/s: 7617 rss: 991Mb L: 1736/3783 MS: 1 EraseBytes-
#573633960	REDUCE cov: 313 ft: 1454 corp: 256/243Kb lim: 4096 exec/s: 7617 rss: 992Mb L: 1735/3783 MS: 1 EraseBytes-
#573929982	REDUCE cov: 313 ft: 1454 corp: 256/242Kb lim: 4096 exec/s: 7617 rss: 992Mb L: 2791/3783 MS: 2 EraseBytes-ChangeBinInt-
#573992260	REDUCE cov: 313 ft: 1454 corp: 256/242Kb lim: 4096 exec/s: 7617 rss: 992Mb L: 3473/3783 MS: 3 CMP-ChangeBinInt-EraseBytes- DE: "\001\000"-
#582258006	REDUCE cov: 313 ft: 1454 corp: 256/242Kb lim: 4096 exec/s: 7615 rss: 994Mb L: 3736/3783 MS: 1 EraseBytes-
#582516433	REDUCE cov: 313 ft: 1454 corp: 256/242Kb lim: 4096 exec/s: 7615 rss: 994Mb L: 3257/3783 MS: 2 EraseBytes-ChangeBit-
#585898296	REDUCE cov: 313 ft: 1454 corp: 256/242Kb lim: 4096 exec/s: 7615 rss: 996Mb L: 3050/3783 MS: 3 ChangeByte-ShuffleBytes-EraseBytes-
#585976983	REDUCE cov: 313 ft: 1454 corp: 256/242Kb lim: 4096 exec/s: 7615 rss: 996Mb L: 1496/3783 MS: 2 ChangeBinInt-EraseBytes-
#588509036	REDUCE cov: 313 ft: 1454 corp: 256/242Kb lim: 4096 exec/s: 7616 rss: 998Mb L: 187/3783 MS: 3 PersAutoDict-CMP-EraseBytes- DE: "-\000\000\000\000\000\000\000"-"\001\000\000\000\000\000\000j"-
#591959047	REDUCE cov: 313 ft: 1454 corp: 256/242Kb lim: 4096 exec/s: 7613 rss: 1000Mb L: 330/3783 MS: 1 EraseBytes-
#593266743	REDUCE cov: 313 ft: 1454 corp: 256/242Kb lim: 4096 exec/s: 7613 rss: 1001Mb L: 3428/3783 MS: 1 EraseBytes-
#595007274	REDUCE cov: 313 ft: 1454 corp: 256/242Kb lim: 4096 exec/s: 7613 rss: 1001Mb L: 687/3783 MS: 1 EraseBytes-
#598279375	REDUCE cov: 313 ft: 1454 corp: 256/242Kb lim: 4096 exec/s: 7613 rss: 1003Mb L: 685/3783 MS: 1 EraseBytes-
#598616143	REDUCE cov: 313 ft: 1454 corp: 256/242Kb lim: 4096 exec/s: 7613 rss: 1003Mb L: 1407/3783 MS: 2 ShuffleBytes-EraseBytes-
#601749569	REDUCE cov: 313 ft: 1454 corp: 256/242Kb lim: 4096 exec/s: 7613 rss: 1004Mb L: 637/3783 MS: 1 EraseBytes-
#603710840	REDUCE cov: 313 ft: 1454 corp: 256/242Kb lim: 4096 exec/s: 7613 rss: 1005Mb L: 3511/3783 MS: 1 EraseBytes-
#605074026	REDUCE cov: 313 ft: 1455 corp: 257/246Kb lim: 4096 exec/s: 7613 rss: 1006Mb L: 4017/4017 MS: 1 CrossOver-
#605136995	REDUCE cov: 313 ft: 1455 corp: 257/246Kb lim: 4096 exec/s: 7613 rss: 1015Mb L: 786/4017 MS: 4 ChangeBit-EraseBytes-PersAutoDict-InsertByte- DE: "!\000\000\000\000\000\000\000"-
#605334748	REDUCE cov: 313 ft: 1455 corp: 257/246Kb lim: 4096 exec/s: 7613 rss: 1015Mb L: 176/4017 MS: 3 InsertRepeatedBytes-ShuffleBytes-EraseBytes-
#605493649	REDUCE cov: 313 ft: 1455 corp: 257/246Kb lim: 4096 exec/s: 7613 rss: 1015Mb L: 2012/4017 MS: 1 EraseBytes-
#605639937	REDUCE cov: 313 ft: 1455 corp: 257/246Kb lim: 4096 exec/s: 7613 rss: 1015Mb L: 3740/3783 MS: 3 PersAutoDict-ChangeByte-EraseBytes- DE: "\017\000\000\000\000\000\000\000"-
#606639611	REDUCE cov: 313 ft: 1455 corp: 257/246Kb lim: 4096 exec/s: 7613 rss: 1015Mb L: 1487/3783 MS: 4 ShuffleBytes-ShuffleBytes-ChangeBinInt-EraseBytes-
#606671450	REDUCE cov: 313 ft: 1455 corp: 257/246Kb lim: 4096 exec/s: 7613 rss: 1015Mb L: 203/3783 MS: 4 EraseBytes-ChangeByte-InsertRepeatedBytes-ChangeBit-
#607123268	REDUCE cov: 313 ft: 1455 corp: 257/246Kb lim: 4096 exec/s: 7613 rss: 1015Mb L: 3658/3783 MS: 3 ChangeBinInt-ShuffleBytes-EraseBytes-
#608290349	REDUCE cov: 313 ft: 1455 corp: 257/246Kb lim: 4096 exec/s: 7614 rss: 1015Mb L: 3615/3783 MS: 1 EraseBytes-
#608945745	REDUCE cov: 313 ft: 1455 corp: 257/246Kb lim: 4096 exec/s: 7614 rss: 1015Mb L: 3041/3783 MS: 1 EraseBytes-
#610349136	REDUCE cov: 313 ft: 1455 corp: 257/246Kb lim: 4096 exec/s: 7614 rss: 1015Mb L: 2258/3783 MS: 1 EraseBytes-
#611234048	REDUCE cov: 313 ft: 1455 corp: 257/246Kb lim: 4096 exec/s: 7613 rss: 1015Mb L: 197/3783 MS: 2 ChangeBit-EraseBytes-
#613802575	REDUCE cov: 313 ft: 1455 corp: 257/245Kb lim: 4096 exec/s: 7613 rss: 1015Mb L: 1941/3783 MS: 2 EraseBytes-CrossOver-
#613831591	REDUCE cov: 313 ft: 1455 corp: 257/245Kb lim: 4096 exec/s: 7614 rss: 1015Mb L: 1905/3783 MS: 1 EraseBytes-
#613939309	REDUCE cov: 313 ft: 1455 corp: 257/245Kb lim: 4096 exec/s: 7614 rss: 1015Mb L: 1885/3783 MS: 3 ChangeASCIIInt-ChangeASCIIInt-EraseBytes-
#613981370	REDUCE cov: 313 ft: 1455 corp: 257/245Kb lim: 4096 exec/s: 7614 rss: 1015Mb L: 1853/3783 MS: 1 EraseBytes-
#614078181	REDUCE cov: 313 ft: 1455 corp: 257/245Kb lim: 4096 exec/s: 7614 rss: 1015Mb L: 1826/3783 MS: 1 CrossOver-
#614226107	REDUCE cov: 313 ft: 1455 corp: 257/245Kb lim: 4096 exec/s: 7614 rss: 1015Mb L: 1817/3783 MS: 1 EraseBytes-
#614517559	REDUCE cov: 313 ft: 1455 corp: 257/245Kb lim: 4096 exec/s: 7614 rss: 1015Mb L: 3569/3783 MS: 2 PersAutoDict-EraseBytes- DE: "\207\000\000\000"-
#615677722	REDUCE cov: 313 ft: 1455 corp: 257/245Kb lim: 4096 exec/s: 7613 rss: 1015Mb L: 3519/3783 MS: 3 ShuffleBytes-ChangeASCIIInt-EraseBytes-
#616430233	REDUCE cov: 313 ft: 1455 corp: 257/245Kb lim: 4096 exec/s: 7613 rss: 1015Mb L: 1776/3783 MS: 1 EraseBytes-
#616713380	REDUCE cov: 313 ft: 1455 corp: 257/245Kb lim: 4096 exec/s: 7613 rss: 1015Mb L: 1767/3783 MS: 2 ShuffleBytes-EraseBytes-
#618286611	REDUCE cov: 313 ft: 1455 corp: 257/245Kb lim: 4096 exec/s: 7613 rss: 1015Mb L: 1726/3783 MS: 1 EraseBytes-
#618295437	REDUCE cov: 313 ft: 1455 corp: 257/245Kb lim: 4096 exec/s: 7613 rss: 1015Mb L: 1686/3783 MS: 1 EraseBytes-
#619040120	REDUCE cov: 313 ft: 1455 corp: 257/245Kb lim: 4096 exec/s: 7614 rss: 1015Mb L: 676/3783 MS: 3 CopyPart-ChangeBinInt-EraseBytes-
#621228046	REDUCE cov: 313 ft: 1455 corp: 257/245Kb lim: 4096 exec/s: 7614 rss: 1017Mb L: 2217/3783 MS: 1 EraseBytes-
#622650282	REDUCE cov: 313 ft: 1455 corp: 257/245Kb lim: 4096 exec/s: 7615 rss: 1017Mb L: 2208/3783 MS: 1 EraseBytes-
#622662259	REDUCE cov: 313 ft: 1455 corp: 257/245Kb lim: 4096 exec/s: 7615 rss: 1017Mb L: 1636/3783 MS: 2 ShuffleBytes-EraseBytes-
#622775983	REDUCE cov: 313 ft: 1455 corp: 257/245Kb lim: 4096 exec/s: 7615 rss: 1017Mb L: 196/3783 MS: 4 CrossOver-ChangeASCIIInt-ChangeASCIIInt-EraseBytes-
#623036204	REDUCE cov: 313 ft: 1455 corp: 257/245Kb lim: 4096 exec/s: 7616 rss: 1017Mb L: 194/3783 MS: 1 EraseBytes-
#623056421	REDUCE cov: 313 ft: 1455 corp: 257/245Kb lim: 4096 exec/s: 7616 rss: 1017Mb L: 2863/3783 MS: 1 EraseBytes-
#623150552	REDUCE cov: 313 ft: 1455 corp: 257/245Kb lim: 4096 exec/s: 7616 rss: 1017Mb L: 193/3783 MS: 1 EraseBytes-
#623724957	REDUCE cov: 313 ft: 1455 corp: 257/245Kb lim: 4096 exec/s: 7616 rss: 1017Mb L: 979/3783 MS: 5 ChangeBinInt-ChangeBit-ChangeBinInt-ChangeASCIIInt-EraseBytes-
#624158403	REDUCE cov: 313 ft: 1455 corp: 257/245Kb lim: 4096 exec/s: 7616 rss: 1017Mb L: 690/3783 MS: 1 EraseBytes-
#625476869	REDUCE cov: 313 ft: 1455 corp: 257/245Kb lim: 4096 exec/s: 7616 rss: 1018Mb L: 3482/3783 MS: 1 EraseBytes-
#626505770	REDUCE cov: 313 ft: 1455 corp: 257/245Kb lim: 4096 exec/s: 7615 rss: 1018Mb L: 1296/3783 MS: 1 EraseBytes-
#626831296	REDUCE cov: 313 ft: 1455 corp: 257/245Kb lim: 4096 exec/s: 7615 rss: 1018Mb L: 3000/3783 MS: 1 EraseBytes-
#627495707	REDUCE cov: 313 ft: 1455 corp: 257/245Kb lim: 4096 exec/s: 7615 rss: 1018Mb L: 195/3783 MS: 1 EraseBytes-
#630892043	REDUCE cov: 313 ft: 1455 corp: 257/245Kb lim: 4096 exec/s: 7615 rss: 1021Mb L: 425/3783 MS: 1 EraseBytes-
#631189970	REDUCE cov: 313 ft: 1455 corp: 257/245Kb lim: 4096 exec/s: 7615 rss: 1021Mb L: 1635/3783 MS: 2 PersAutoDict-EraseBytes- DE: "\003\000\000\000\000\000\000\000"-
#633517082	REDUCE cov: 313 ft: 1455 corp: 257/245Kb lim: 4096 exec/s: 7616 rss: 1021Mb L: 3154/3783 MS: 2 PersAutoDict-EraseBytes- DE: "\001\000\000\000\000\000\000\266"-
#633687483	REDUCE cov: 313 ft: 1455 corp: 257/245Kb lim: 4096 exec/s: 7616 rss: 1021Mb L: 184/3783 MS: 1 EraseBytes-
#634082524	REDUCE cov: 313 ft: 1455 corp: 257/245Kb lim: 4096 exec/s: 7616 rss: 1021Mb L: 652/3783 MS: 1 EraseBytes-
#634669756	REDUCE cov: 313 ft: 1455 corp: 257/245Kb lim: 4096 exec/s: 7616 rss: 1022Mb L: 1634/3783 MS: 2 ChangeBit-EraseBytes-
#636552149	REDUCE cov: 313 ft: 1455 corp: 257/245Kb lim: 4096 exec/s: 7617 rss: 1022Mb L: 3473/3783 MS: 3 CMP-ChangeBinInt-EraseBytes- DE: "T\000"-
#637330855	REDUCE cov: 313 ft: 1455 corp: 257/245Kb lim: 4096 exec/s: 7617 rss: 1022Mb L: 3423/3783 MS: 1 EraseBytes-
#639499241	REDUCE cov: 313 ft: 1455 corp: 257/245Kb lim: 4096 exec/s: 7617 rss: 1024Mb L: 3382/3783 MS: 1 EraseBytes-
#639886472	REDUCE cov: 313 ft: 1455 corp: 257/245Kb lim: 4096 exec/s: 7617 rss: 1024Mb L: 2991/3783 MS: 1 EraseBytes-
#640626384	REDUCE cov: 313 ft: 1455 corp: 257/245Kb lim: 4096 exec/s: 7618 rss: 1025Mb L: 2176/3783 MS: 2 ShuffleBytes-EraseBytes-
#643734391	REDUCE cov: 313 ft: 1455 corp: 257/245Kb lim: 4096 exec/s: 7618 rss: 1026Mb L: 302/3783 MS: 2 ShuffleBytes-EraseBytes-
#645709601	REDUCE cov: 313 ft: 1455 corp: 257/245Kb lim: 4096 exec/s: 7618 rss: 1027Mb L: 2950/3783 MS: 5 ChangeBinInt-ChangeASCIIInt-EraseBytes-ShuffleBytes-InsertByte-
#646008602	REDUCE cov: 313 ft: 1455 corp: 257/245Kb lim: 4096 exec/s: 7618 rss: 1027Mb L: 402/3783 MS: 1 EraseBytes-
#647097109	REDUCE cov: 313 ft: 1455 corp: 257/245Kb lim: 4096 exec/s: 7618 rss: 1027Mb L: 3373/3783 MS: 2 ShuffleBytes-EraseBytes-
#647125855	REDUCE cov: 313 ft: 1455 corp: 257/245Kb lim: 4096 exec/s: 7618 rss: 1027Mb L: 3502/3783 MS: 1 EraseBytes-
#648561926	REDUCE cov: 313 ft: 1455 corp: 257/245Kb lim: 4096 exec/s: 7619 rss: 1028Mb L: 3319/3783 MS: 1 EraseBytes-
#649950752	REDUCE cov: 313 ft: 1455 corp: 257/244Kb lim: 4096 exec/s: 7620 rss: 1028Mb L: 3278/3783 MS: 1 EraseBytes-
#655310794	REDUCE cov: 313 ft: 1455 corp: 257/244Kb lim: 4096 exec/s: 7622 rss: 1030Mb L: 2948/3783 MS: 2 ChangeASCIIInt-EraseBytes-
#658582335	REDUCE cov: 313 ft: 1455 corp: 257/244Kb lim: 4096 exec/s: 7623 rss: 1031Mb L: 191/3783 MS: 1 EraseBytes-
#658707665	DONE   cov: 313 ft: 1455 corp: 257/244Kb lim: 4096 exec/s: 7623 rss: 1031Mb
###### Recommended dictionary. ######
"\000\000" # Uses: 1217584
"\011\000\000\000\000\000\000\000" # Uses: 1216277
"\304\265\223q\340\031_\020\232\300\032\243\265\362\353\374\373\241\000\000\002\000\000\000\000\345\002\000\000)\000\000" # Uses: 1211173
"\000\000\000\000\000\000\002I" # Uses: 1216692
"\000\000\000H" # Uses: 1210299
"\001\000" # Uses: 1210819
"\304\265\223q\000\000\000\000\000\000\000)\000\000\001\000\000\004\000\000\000\000\001\000\000\000\000\000\000\000\000\000" # Uses: 1200465
"\000\000\012t\256\220\037\364" # Uses: 1196048
"\304\265\216q\340\031_\020\232\300\030\243\265\362\353\374\373\241\000\000\002\000\000\000\000\000\000\000\000)\000\000" # Uses: 1191651
"\304\265\223q\340\231_\253\232\000\362\000\000\000\000\000\000.\000\001\000\000\000\000\000\000\000\000\000)\000\000" # Uses: 1186588
"\304\265\223q\340\001\000\000\000\000\000\000\000\000\001\000\000\000\000\000\000\000\002\304\265\223q\340\231_\000\002" # Uses: 1170419
"\304\000\000\000\000\000\000\002\304\265\223q\340\231\000\271\000\000)\000\000\001\000\000\001\000\000\000\000\000\000\000" # Uses: 1170408
"\320\377\377\377" # Uses: 1176120
"\376\377\377U" # Uses: 1170700
"\207\000\000\000" # Uses: 1170016
"\014\000\000\000\000\000\000\000" # Uses: 1163173
"\001\000\000\000\000\000\000\020" # Uses: 1158178
"\000\000\000\000\000\000\000&" # Uses: 1153878
"-\000\000\000\000\000\000\000" # Uses: 1145889
"\000\000\000\000\000\000\000," # Uses: 1143443
"\376\377\377\366" # Uses: 1136089
"\377\377\377\030" # Uses: 1127850
"V\000\000\000\000\000\000\000" # Uses: 1122979
"\001\330" # Uses: 1112673
"\304\265\223q\340\031_\020\232\300\030\243\265\362\353\374\373\241\000\000\002\000\000\000\000\000\000\000\000)\000\000" # Uses: 1105422
"\000\000\000\014" # Uses: 1107238
"\000\000\000\000" # Uses: 1097661
"\000\000\000\000\000\000\000\003" # Uses: 1096652
"\377\377" # Uses: 1084170
"\304\265\223q\340\031_\020\232\300\030\243\265\362\353\374\373\241\000\000\002\000\000\200\000\000\000\000\000)\000\000" # Uses: 1070130
"\001\000\000\000\000\000\005A" # Uses: 1071009
"s\000\000\000" # Uses: 1070871
"\001\000\000\012" # Uses: 1066337
"\013\000" # Uses: 1068950
"\272\377\377\377" # Uses: 1036875
"\001\000\000\000\000\000\000\005" # Uses: 1036943
"\003\000\000\000\000\000\000\000" # Uses: 1015517
"\204\317\270\254d\012\000\000" # Uses: 975882
"\326\377\377\377" # Uses: 974699
"\304\265\223q\340\031_\020\232\300\030\243\000\004\000\000\000\000\000\0009\000\000\001\000\000\000\000\000\000\000\001" # Uses: 958277
"\377\377\377\377\377\377\002\366" # Uses: 928824
"\031\000\000\000\000\000\000\000" # Uses: 910764
"\304\265\223q\340\031_\020\232\300\000)\000\000\001\000\000\000\000\000\000\000\000\001\000\000\000\000\000\000\000\000" # Uses: 878821
"\002\000\000\000\000\000\000\000" # Uses: 858343
"\304\265\223q\000\000\000\000\000\000\000)\000\000\001\000\000\000\000\000\000\000\001\000\000\000\000\000\000\000\000\000" # Uses: 846640
"\377\377\377\377\377\377\377\376" # Uses: 835150
"\001\000\000\000\000\000\000\266" # Uses: 834496
"\334\377\377\377" # Uses: 823389
"\213\000" # Uses: 762111
"\000\000\000\374" # Uses: 734447
"\000\000\000\000\000\000\000\030" # Uses: 712687
"\017\000\000\000\000\000\000\000" # Uses: 679630
"\000\000\000\002" # Uses: 640277
"\201=\350\031\231s\000\000" # Uses: 624993
"\037\003\000\000\000\000\000\000" # Uses: 463526
"\303\000" # Uses: 447876
"f\377\377\377" # Uses: 423493
"!\000\000\000\000\000\000\000" # Uses: 422945
"\001\005" # Uses: 419109
"\346\372\275\256\344\012\000\000" # Uses: 184417
"\001\000\000\000\000\000\000j" # Uses: 101733
"T\000" # Uses: 31826
###### End of recommended dictionary. ######
Done 658707665 runs in 86401 second(s)
stat::number_of_executed_units: 658707665
stat::average_exec_per_sec:     7623
stat::new_units_added:          1677
stat::slowest_unit_time_sec:    0
stat::peak_rss_mb:              1031
