warning: binary `bundle_decode` should have a kebab-case name
   |
 1 | /home/blocknodes/ztreexo/fuzz/target/.../bundle_decode
   |                                          ^^^^^^^^^^^^^
   |
   = note: `cargo::non_kebab_case_bins` is set to `warn` by default
help: to change the binary name to `bundle-decode`, convert `bin.name`
  --> Cargo.toml:44:8
   |
44 - name = "bundle_decode"
44 + name = "bundle-decode"
   |
warning: binary `compact_state_decode` should have a kebab-case name
   |
 1 | /home/blocknodes/ztreexo/fuzz/target/.../compact_state_decode
   |                                          ^^^^^^^^^^^^^^^^^^^^
   |
help: to change the binary name to `compact-state-decode`, convert `bin.name`
  --> Cargo.toml:65:8
   |
65 - name = "compact_state_decode"
65 + name = "compact-state-decode"
   |
warning: binary `forest_decode` should have a kebab-case name
   |
 1 | /home/blocknodes/ztreexo/fuzz/target/.../forest_decode
   |                                          ^^^^^^^^^^^^^
   |
help: to change the binary name to `forest-decode`, convert `bin.name`
  --> Cargo.toml:86:8
   |
86 - name = "forest_decode"
86 + name = "forest-decode"
   |
warning: binary `nonmembership_decode` should have a kebab-case name
   |
 1 | /home/blocknodes/ztreexo/fuzz/target/.../nonmembership_decode
   |                                          ^^^^^^^^^^^^^^^^^^^^
   |
help: to change the binary name to `nonmembership-decode`, convert `bin.name`
  --> Cargo.toml:79:8
   |
79 - name = "nonmembership_decode"
79 + name = "nonmembership-decode"
   |
warning: binary `snapshot_decode` should have a kebab-case name
   |
 1 | /home/blocknodes/ztreexo/fuzz/target/.../snapshot_decode
   |                                          ^^^^^^^^^^^^^^^
   |
help: to change the binary name to `snapshot-decode`, convert `bin.name`
  --> Cargo.toml:58:8
   |
58 - name = "snapshot_decode"
58 + name = "snapshot-decode"
   |
warning: binary `utxo_proof_decode` should have a kebab-case name
   |
 1 | /home/blocknodes/ztreexo/fuzz/target/.../utxo_proof_decode
   |                                          ^^^^^^^^^^^^^^^^^
   |
help: to change the binary name to `utxo-proof-decode`, convert `bin.name`
  --> Cargo.toml:51:8
   |
51 - name = "utxo_proof_decode"
51 + name = "utxo-proof-decode"
   |
warning: binary `wire_request_decode` should have a kebab-case name
   |
 1 | /home/blocknodes/ztreexo/fuzz/target/.../wire_request_decode
   |                                          ^^^^^^^^^^^^^^^^^^^
   |
help: to change the binary name to `wire-request-decode`, convert `bin.name`
  --> Cargo.toml:72:8
   |
72 - name = "wire_request_decode"
72 + name = "wire-request-decode"
   |
warning: `zutreexo-fuzz` (manifest) generated 7 warnings
    Blocking waiting for file lock on package cache
    Blocking waiting for file lock on package cache
    Blocking waiting for file lock on package cache
    Blocking waiting for file lock on package cache
    Blocking waiting for file lock on build directory
    Finished `release` profile [optimized + debuginfo] target(s) in 0.43s
    Blocking waiting for file lock on package cache
warning: the following packages contain code that will be rejected by a future version of Rust: halo2_gadgets v0.5.0, primitive-types v0.12.2
note: to see what the problems were, use the option `--future-incompat-report`, or run `cargo report future-incompatibilities --id 1`
warning: binary `bundle_decode` should have a kebab-case name
   |
 1 | /home/blocknodes/ztreexo/fuzz/target/.../bundle_decode
   |                                          ^^^^^^^^^^^^^
   |
   = note: `cargo::non_kebab_case_bins` is set to `warn` by default
help: to change the binary name to `bundle-decode`, convert `bin.name`
  --> Cargo.toml:44:8
   |
44 - name = "bundle_decode"
44 + name = "bundle-decode"
   |
warning: binary `compact_state_decode` should have a kebab-case name
   |
 1 | /home/blocknodes/ztreexo/fuzz/target/.../compact_state_decode
   |                                          ^^^^^^^^^^^^^^^^^^^^
   |
help: to change the binary name to `compact-state-decode`, convert `bin.name`
  --> Cargo.toml:65:8
   |
65 - name = "compact_state_decode"
65 + name = "compact-state-decode"
   |
warning: binary `forest_decode` should have a kebab-case name
   |
 1 | /home/blocknodes/ztreexo/fuzz/target/.../forest_decode
   |                                          ^^^^^^^^^^^^^
   |
help: to change the binary name to `forest-decode`, convert `bin.name`
  --> Cargo.toml:86:8
   |
86 - name = "forest_decode"
86 + name = "forest-decode"
   |
warning: binary `nonmembership_decode` should have a kebab-case name
   |
 1 | /home/blocknodes/ztreexo/fuzz/target/.../nonmembership_decode
   |                                          ^^^^^^^^^^^^^^^^^^^^
   |
help: to change the binary name to `nonmembership-decode`, convert `bin.name`
  --> Cargo.toml:79:8
   |
79 - name = "nonmembership_decode"
79 + name = "nonmembership-decode"
   |
warning: binary `snapshot_decode` should have a kebab-case name
   |
 1 | /home/blocknodes/ztreexo/fuzz/target/.../snapshot_decode
   |                                          ^^^^^^^^^^^^^^^
   |
help: to change the binary name to `snapshot-decode`, convert `bin.name`
  --> Cargo.toml:58:8
   |
58 - name = "snapshot_decode"
58 + name = "snapshot-decode"
   |
warning: binary `utxo_proof_decode` should have a kebab-case name
   |
 1 | /home/blocknodes/ztreexo/fuzz/target/.../utxo_proof_decode
   |                                          ^^^^^^^^^^^^^^^^^
   |
help: to change the binary name to `utxo-proof-decode`, convert `bin.name`
  --> Cargo.toml:51:8
   |
51 - name = "utxo_proof_decode"
51 + name = "utxo-proof-decode"
   |
warning: binary `wire_request_decode` should have a kebab-case name
   |
 1 | /home/blocknodes/ztreexo/fuzz/target/.../wire_request_decode
   |                                          ^^^^^^^^^^^^^^^^^^^
   |
help: to change the binary name to `wire-request-decode`, convert `bin.name`
  --> Cargo.toml:72:8
   |
72 - name = "wire_request_decode"
72 + name = "wire-request-decode"
   |
warning: `zutreexo-fuzz` (manifest) generated 7 warnings
    Blocking waiting for file lock on package cache
    Blocking waiting for file lock on package cache
    Blocking waiting for file lock on package cache
    Blocking waiting for file lock on package cache
    Blocking waiting for file lock on build directory
    Finished `release` profile [optimized + debuginfo] target(s) in 0.26s
warning: the following packages contain code that will be rejected by a future version of Rust: halo2_gadgets v0.5.0, primitive-types v0.12.2
note: to see what the problems were, use the option `--future-incompat-report`, or run `cargo report future-incompatibilities --id 1`
     Running `fuzz/target/x86_64-unknown-linux-gnu/release/snapshot_decode -artifact_prefix=/home/blocknodes/ztreexo/fuzz/artifacts/snapshot_decode/ -max_total_time=86400 -rss_limit_mb=4096 -print_final_stats=1 /home/blocknodes/ztreexo/fuzz/corpus/snapshot_decode`
INFO: Running with entropic power schedule (0xFF, 100).
INFO: Seed: 1974182092
INFO: Loaded 1 modules   (6033 inline 8-bit counters): 6033 [0x64832f38c9c0, 0x64832f38e151), 
INFO: Loaded 1 PC tables (6033 PCs): 6033 [0x64832f38e158,0x64832f3a5a68), 
INFO:      361 files found in /home/blocknodes/ztreexo/fuzz/corpus/snapshot_decode
INFO: -max_len is not provided; libFuzzer will not generate inputs larger than 4096 bytes
INFO: seed corpus: files: 361 min: 1b max: 1349b total: 95285b rss: 57Mb
#362	INITED cov: 1097 ft: 3577 corp: 241/65Kb exec/s: 0 rss: 76Mb
#1593	REDUCE cov: 1097 ft: 3577 corp: 241/65Kb lim: 1359 exec/s: 796 rss: 143Mb L: 62/1349 MS: 1 EraseBytes-
#1859	REDUCE cov: 1097 ft: 3577 corp: 241/65Kb lim: 1359 exec/s: 929 rss: 156Mb L: 279/1349 MS: 1 EraseBytes-
#2048	pulse  cov: 1097 ft: 3577 corp: 241/65Kb lim: 1359 exec/s: 1024 rss: 163Mb
#2787	REDUCE cov: 1097 ft: 3577 corp: 241/65Kb lim: 1359 exec/s: 929 rss: 200Mb L: 887/1349 MS: 3 ChangeByte-InsertByte-EraseBytes-
#3636	NEW    cov: 1097 ft: 3578 corp: 242/66Kb lim: 1359 exec/s: 909 rss: 254Mb L: 1260/1349 MS: 4 ChangeBit-ChangeBinInt-EraseBytes-CrossOver-
#4096	pulse  cov: 1097 ft: 3578 corp: 242/66Kb lim: 1359 exec/s: 819 rss: 284Mb
#4677	REDUCE cov: 1097 ft: 3578 corp: 242/66Kb lim: 1369 exec/s: 779 rss: 316Mb L: 663/1349 MS: 1 EraseBytes-
#5270	REDUCE cov: 1097 ft: 3578 corp: 242/66Kb lim: 1369 exec/s: 752 rss: 352Mb L: 85/1349 MS: 3 InsertRepeatedBytes-ShuffleBytes-EraseBytes-
#6547	REDUCE cov: 1097 ft: 3578 corp: 242/66Kb lim: 1379 exec/s: 727 rss: 426Mb L: 1000/1349 MS: 2 ShuffleBytes-CrossOver-
#6938	REDUCE cov: 1097 ft: 3578 corp: 242/66Kb lim: 1379 exec/s: 693 rss: 429Mb L: 67/1349 MS: 1 EraseBytes-
#8192	pulse  cov: 1097 ft: 3578 corp: 242/66Kb lim: 1389 exec/s: 682 rss: 437Mb
#8719	REDUCE cov: 1097 ft: 3578 corp: 242/66Kb lim: 1389 exec/s: 726 rss: 437Mb L: 1179/1260 MS: 1 EraseBytes-
#8966	REDUCE cov: 1098 ft: 3609 corp: 243/66Kb lim: 1389 exec/s: 689 rss: 437Mb L: 812/1260 MS: 2 ChangeByte-CrossOver-
#9101	REDUCE cov: 1098 ft: 3609 corp: 243/66Kb lim: 1389 exec/s: 700 rss: 437Mb L: 488/1260 MS: 5 ChangeBit-ShuffleBytes-ChangeBit-InsertByte-CrossOver-
#9677	REDUCE cov: 1098 ft: 3609 corp: 243/66Kb lim: 1389 exec/s: 691 rss: 437Mb L: 368/1260 MS: 1 EraseBytes-
#11584	REDUCE cov: 1098 ft: 3609 corp: 243/66Kb lim: 1399 exec/s: 681 rss: 438Mb L: 116/1260 MS: 2 CrossOver-EraseBytes-
#12729	REDUCE cov: 1098 ft: 3609 corp: 243/66Kb lim: 1409 exec/s: 707 rss: 438Mb L: 206/1260 MS: 5 ChangeBinInt-ChangeByte-ShuffleBytes-CopyPart-CrossOver-
#13310	REDUCE cov: 1098 ft: 3609 corp: 243/66Kb lim: 1409 exec/s: 700 rss: 438Mb L: 123/1260 MS: 1 EraseBytes-
#13489	REDUCE cov: 1098 ft: 3610 corp: 244/67Kb lim: 1409 exec/s: 674 rss: 438Mb L: 1003/1260 MS: 4 InsertByte-ChangeByte-EraseBytes-InsertRepeatedBytes-
#13820	REDUCE cov: 1098 ft: 3610 corp: 244/67Kb lim: 1409 exec/s: 691 rss: 438Mb L: 1031/1260 MS: 1 CrossOver-
#14137	REDUCE cov: 1098 ft: 3610 corp: 244/67Kb lim: 1409 exec/s: 673 rss: 438Mb L: 42/1260 MS: 2 InsertByte-EraseBytes-
#14420	NEW    cov: 1098 ft: 3611 corp: 245/68Kb lim: 1409 exec/s: 686 rss: 438Mb L: 812/1260 MS: 3 ChangeBit-ShuffleBytes-ChangeBit-
#14987	NEW    cov: 1098 ft: 3612 corp: 246/69Kb lim: 1409 exec/s: 681 rss: 438Mb L: 1003/1260 MS: 2 ChangeByte-CopyPart-
#15238	REDUCE cov: 1098 ft: 3612 corp: 246/69Kb lim: 1409 exec/s: 692 rss: 438Mb L: 999/1260 MS: 1 EraseBytes-
#16064	REDUCE cov: 1098 ft: 3612 corp: 246/69Kb lim: 1409 exec/s: 698 rss: 438Mb L: 27/1260 MS: 1 EraseBytes-
#16362	REDUCE cov: 1102 ft: 3617 corp: 247/70Kb lim: 1409 exec/s: 681 rss: 438Mb L: 1329/1329 MS: 3 ShuffleBytes-CopyPart-ChangeByte-
#16384	pulse  cov: 1102 ft: 3617 corp: 247/70Kb lim: 1409 exec/s: 682 rss: 438Mb
#19592	REDUCE cov: 1102 ft: 3617 corp: 247/70Kb lim: 1439 exec/s: 725 rss: 439Mb L: 1196/1329 MS: 5 CopyPart-InsertByte-ChangeBinInt-CopyPart-EraseBytes-
#21740	REDUCE cov: 1102 ft: 3617 corp: 247/70Kb lim: 1459 exec/s: 701 rss: 439Mb L: 1262/1262 MS: 3 ChangeBinInt-InsertRepeatedBytes-EraseBytes-
#21951	REDUCE cov: 1102 ft: 3617 corp: 247/70Kb lim: 1459 exec/s: 708 rss: 439Mb L: 800/1262 MS: 1 EraseBytes-
#22289	REDUCE cov: 1102 ft: 3617 corp: 247/70Kb lim: 1459 exec/s: 719 rss: 439Mb L: 481/1262 MS: 3 ChangeBit-InsertRepeatedBytes-EraseBytes-
#23051	REDUCE cov: 1102 ft: 3617 corp: 247/70Kb lim: 1459 exec/s: 698 rss: 439Mb L: 384/1262 MS: 2 ChangeBit-EraseBytes-
#23097	REDUCE cov: 1102 ft: 3617 corp: 247/70Kb lim: 1459 exec/s: 699 rss: 439Mb L: 67/1262 MS: 1 EraseBytes-
#23314	NEW    cov: 1102 ft: 3623 corp: 248/70Kb lim: 1459 exec/s: 706 rss: 439Mb L: 304/1262 MS: 2 ChangeByte-CMP- DE: "\000\000\000\000\000\000\000\000\000\000\000\000\000\000\000\016\012\016\016\016\016\016\016\016\016\016\016\016\016\016\016\016"-
#24204	REDUCE cov: 1102 ft: 3623 corp: 248/70Kb lim: 1459 exec/s: 691 rss: 439Mb L: 410/1262 MS: 5 EraseBytes-ChangeASCIIInt-CMP-ShuffleBytes-PersAutoDict- DE: "Qe$\000\000\000\000\000"-"\000\000\000\000\000\000\000\000\000\000\000\000\000\000\000\016\012\016\016\016\016\016\016\016\016\016\016\016\016\016\016\016"-
#24735	REDUCE cov: 1102 ft: 3623 corp: 248/70Kb lim: 1459 exec/s: 706 rss: 439Mb L: 977/1262 MS: 1 EraseBytes-
#24910	REDUCE cov: 1102 ft: 3623 corp: 248/70Kb lim: 1459 exec/s: 691 rss: 439Mb L: 388/1262 MS: 5 ChangeASCIIInt-ChangeBinInt-InsertRepeatedBytes-InsertRepeatedBytes-EraseBytes-
#25036	REDUCE cov: 1102 ft: 3623 corp: 248/70Kb lim: 1459 exec/s: 695 rss: 439Mb L: 57/1262 MS: 1 EraseBytes-
#25208	REDUCE cov: 1102 ft: 3624 corp: 249/71Kb lim: 1459 exec/s: 700 rss: 439Mb L: 1265/1265 MS: 2 ChangeBit-InsertRepeatedBytes-
#26419	REDUCE cov: 1102 ft: 3627 corp: 250/72Kb lim: 1469 exec/s: 714 rss: 439Mb L: 748/1265 MS: 1 CrossOver-
#27289	REDUCE cov: 1102 ft: 3627 corp: 250/72Kb lim: 1469 exec/s: 718 rss: 439Mb L: 586/1265 MS: 5 ChangeByte-InsertRepeatedBytes-ChangeBit-ChangeBinInt-EraseBytes-
#28360	REDUCE cov: 1102 ft: 3627 corp: 250/72Kb lim: 1479 exec/s: 709 rss: 439Mb L: 385/1265 MS: 1 EraseBytes-
#29631	REDUCE cov: 1102 ft: 3627 corp: 250/72Kb lim: 1489 exec/s: 722 rss: 439Mb L: 89/1265 MS: 1 EraseBytes-
#30675	NEW    cov: 1104 ft: 3629 corp: 251/73Kb lim: 1499 exec/s: 713 rss: 439Mb L: 1022/1265 MS: 4 ChangeASCIIInt-ShuffleBytes-ChangeByte-ChangeBit-
#31468	REDUCE cov: 1104 ft: 3629 corp: 251/73Kb lim: 1499 exec/s: 715 rss: 439Mb L: 987/1265 MS: 3 ChangeASCIIInt-EraseBytes-CrossOver-
#31814	REDUCE cov: 1104 ft: 3629 corp: 251/73Kb lim: 1499 exec/s: 723 rss: 439Mb L: 441/1265 MS: 1 EraseBytes-
#31998	REDUCE cov: 1104 ft: 3629 corp: 251/72Kb lim: 1499 exec/s: 727 rss: 439Mb L: 1020/1265 MS: 4 EraseBytes-CrossOver-ChangeBit-CopyPart-
#32768	pulse  cov: 1104 ft: 3629 corp: 251/72Kb lim: 1499 exec/s: 728 rss: 439Mb
#32860	REDUCE cov: 1104 ft: 3629 corp: 251/72Kb lim: 1499 exec/s: 730 rss: 439Mb L: 57/1265 MS: 2 EraseBytes-CopyPart-
#33306	REDUCE cov: 1104 ft: 3629 corp: 251/72Kb lim: 1499 exec/s: 724 rss: 439Mb L: 136/1265 MS: 1 EraseBytes-
#34650	REDUCE cov: 1104 ft: 3629 corp: 251/72Kb lim: 1509 exec/s: 721 rss: 439Mb L: 248/1265 MS: 4 ChangeByte-ShuffleBytes-InsertByte-EraseBytes-
#34961	REDUCE cov: 1104 ft: 3629 corp: 251/72Kb lim: 1509 exec/s: 713 rss: 439Mb L: 1108/1265 MS: 1 EraseBytes-
#35233	REDUCE cov: 1104 ft: 3629 corp: 251/72Kb lim: 1509 exec/s: 719 rss: 439Mb L: 175/1265 MS: 2 CMP-EraseBytes- DE: "\371\356\004^\376H\2434\235\2428\255\266d\374\001\000\000\000\000\000\000\000\000\000\000\000\000\000\000\000\000"-
#36856	REDUCE cov: 1104 ft: 3629 corp: 251/72Kb lim: 1519 exec/s: 708 rss: 439Mb L: 581/1265 MS: 3 ShuffleBytes-ChangeByte-EraseBytes-
#37372	REDUCE cov: 1104 ft: 3629 corp: 251/72Kb lim: 1519 exec/s: 705 rss: 439Mb L: 1085/1265 MS: 1 EraseBytes-
#37401	NEW    cov: 1106 ft: 3631 corp: 252/72Kb lim: 1519 exec/s: 705 rss: 439Mb L: 75/1265 MS: 4 ShuffleBytes-PersAutoDict-ChangeByte-PersAutoDict- DE: "Qe$\000\000\000\000\000"-"\000\000\000\000\000\000\000\000\000\000\000\000\000\000\000\016\012\016\016\016\016\016\016\016\016\016\016\016\016\016\016\016"-
#38763	REDUCE cov: 1106 ft: 3631 corp: 252/72Kb lim: 1529 exec/s: 704 rss: 439Mb L: 1206/1255 MS: 2 ShuffleBytes-CrossOver-
#39336	REDUCE cov: 1106 ft: 3631 corp: 252/72Kb lim: 1529 exec/s: 690 rss: 439Mb L: 148/1255 MS: 3 ChangeBinInt-EraseBytes-EraseBytes-
#39932	REDUCE cov: 1106 ft: 3631 corp: 252/72Kb lim: 1529 exec/s: 688 rss: 439Mb L: 660/1255 MS: 1 EraseBytes-
#40393	NEW    cov: 1106 ft: 3632 corp: 253/73Kb lim: 1529 exec/s: 696 rss: 439Mb L: 1059/1255 MS: 1 CopyPart-
#41579	REDUCE cov: 1106 ft: 3632 corp: 253/73Kb lim: 1539 exec/s: 692 rss: 439Mb L: 41/1255 MS: 1 EraseBytes-
#42020	REDUCE cov: 1106 ft: 3632 corp: 253/73Kb lim: 1539 exec/s: 688 rss: 439Mb L: 134/1255 MS: 1 EraseBytes-
#42573	REDUCE cov: 1106 ft: 3632 corp: 253/73Kb lim: 1539 exec/s: 686 rss: 439Mb L: 620/1255 MS: 3 ShuffleBytes-InsertByte-EraseBytes-
#47826	NEW    cov: 1106 ft: 3634 corp: 254/74Kb lim: 1589 exec/s: 683 rss: 439Mb L: 768/1255 MS: 3 InsertByte-ChangeBit-CrossOver-
#48806	REDUCE cov: 1106 ft: 3634 corp: 254/74Kb lim: 1589 exec/s: 687 rss: 439Mb L: 719/1255 MS: 5 ChangeBit-CrossOver-InsertRepeatedBytes-ChangeBit-EraseBytes-
#50267	REDUCE cov: 1106 ft: 3634 corp: 254/74Kb lim: 1599 exec/s: 688 rss: 439Mb L: 292/1255 MS: 1 EraseBytes-
#50558	REDUCE cov: 1106 ft: 3634 corp: 254/74Kb lim: 1599 exec/s: 683 rss: 439Mb L: 1066/1255 MS: 1 CrossOver-
#50719	REDUCE cov: 1106 ft: 3634 corp: 254/73Kb lim: 1599 exec/s: 685 rss: 439Mb L: 428/1255 MS: 1 EraseBytes-
#50805	REDUCE cov: 1106 ft: 3634 corp: 254/73Kb lim: 1599 exec/s: 686 rss: 440Mb L: 404/1255 MS: 1 EraseBytes-
#51537	REDUCE cov: 1106 ft: 3634 corp: 254/73Kb lim: 1599 exec/s: 687 rss: 440Mb L: 124/1255 MS: 2 InsertRepeatedBytes-EraseBytes-
#51669	REDUCE cov: 1106 ft: 3634 corp: 254/73Kb lim: 1599 exec/s: 679 rss: 440Mb L: 120/1255 MS: 2 ShuffleBytes-EraseBytes-
#52124	REDUCE cov: 1106 ft: 3634 corp: 254/73Kb lim: 1599 exec/s: 685 rss: 440Mb L: 729/1255 MS: 5 InsertByte-PersAutoDict-ChangeBit-CMP-EraseBytes- DE: "Qe$\000\000\000\000\000"-"\000\000\000\364"-
#57316	REDUCE cov: 1106 ft: 3634 corp: 254/73Kb lim: 1649 exec/s: 690 rss: 440Mb L: 150/1255 MS: 1 EraseBytes-
#57812	REDUCE cov: 1106 ft: 3634 corp: 254/73Kb lim: 1649 exec/s: 688 rss: 440Mb L: 982/1255 MS: 1 EraseBytes-
#58064	REDUCE cov: 1106 ft: 3634 corp: 254/73Kb lim: 1649 exec/s: 691 rss: 440Mb L: 599/1255 MS: 2 CMP-EraseBytes- DE: "ffffffffff\000\000\000\000\000\000\000\000\000\000\001\003\000\004\000\000\000\000\000\000\000\000"-
#58101	REDUCE cov: 1106 ft: 3634 corp: 254/73Kb lim: 1649 exec/s: 691 rss: 440Mb L: 164/1255 MS: 2 ChangeBit-EraseBytes-
#58324	REDUCE cov: 1106 ft: 3634 corp: 254/73Kb lim: 1649 exec/s: 686 rss: 440Mb L: 371/1255 MS: 3 CrossOver-InsertByte-CrossOver-
#59810	REDUCE cov: 1106 ft: 3634 corp: 254/73Kb lim: 1659 exec/s: 695 rss: 441Mb L: 68/1255 MS: 1 EraseBytes-
#60823	REDUCE cov: 1106 ft: 3634 corp: 254/73Kb lim: 1669 exec/s: 683 rss: 441Mb L: 992/1255 MS: 3 EraseBytes-ChangeBinInt-InsertRepeatedBytes-
#61970	NEW    cov: 1106 ft: 3636 corp: 255/74Kb lim: 1679 exec/s: 680 rss: 441Mb L: 464/1255 MS: 2 PersAutoDict-CMP- DE: "ffffffffff\000\000\000\000\000\000\000\000\000\000\001\003\000\004\000\000\000\000\000\000\000\000"-"\015\000\000\000\000\000\000\000"-
#63327	REDUCE cov: 1106 ft: 3636 corp: 255/74Kb lim: 1689 exec/s: 673 rss: 441Mb L: 424/1255 MS: 2 CopyPart-EraseBytes-
#64693	REDUCE cov: 1106 ft: 3636 corp: 255/74Kb lim: 1699 exec/s: 666 rss: 441Mb L: 382/1255 MS: 1 EraseBytes-
#65536	pulse  cov: 1106 ft: 3636 corp: 255/74Kb lim: 1699 exec/s: 668 rss: 441Mb
#65854	REDUCE cov: 1106 ft: 3636 corp: 255/74Kb lim: 1709 exec/s: 665 rss: 441Mb L: 1014/1255 MS: 1 EraseBytes-
#65887	REDUCE cov: 1106 ft: 3636 corp: 255/73Kb lim: 1709 exec/s: 665 rss: 441Mb L: 689/1255 MS: 3 ChangeBinInt-ChangeByte-EraseBytes-
#65961	REDUCE cov: 1106 ft: 3636 corp: 255/73Kb lim: 1709 exec/s: 666 rss: 441Mb L: 162/1255 MS: 4 ShuffleBytes-ChangeBinInt-InsertByte-EraseBytes-
#66084	REDUCE cov: 1106 ft: 3636 corp: 255/73Kb lim: 1709 exec/s: 660 rss: 441Mb L: 995/1255 MS: 3 EraseBytes-InsertByte-PersAutoDict- DE: "\371\356\004^\376H\2434\235\2428\255\266d\374\001\000\000\000\000\000\000\000\000\000\000\000\000\000\000\000\000"-
#69865	REDUCE cov: 1106 ft: 3636 corp: 255/73Kb lim: 1739 exec/s: 659 rss: 441Mb L: 687/1255 MS: 1 EraseBytes-
#70046	REDUCE cov: 1106 ft: 3636 corp: 255/73Kb lim: 1739 exec/s: 654 rss: 441Mb L: 119/1255 MS: 1 EraseBytes-
#70885	REDUCE cov: 1106 ft: 3636 corp: 255/73Kb lim: 1739 exec/s: 656 rss: 442Mb L: 990/1255 MS: 4 ShuffleBytes-EraseBytes-CMP-InsertRepeatedBytes- DE: "\206\000\000\000"-
#72363	REDUCE cov: 1106 ft: 3636 corp: 255/73Kb lim: 1749 exec/s: 657 rss: 442Mb L: 978/1255 MS: 3 EraseBytes-ChangeBit-InsertRepeatedBytes-
#74460	NEW    cov: 1106 ft: 3637 corp: 256/74Kb lim: 1769 exec/s: 658 rss: 443Mb L: 1126/1255 MS: 2 CrossOver-CrossOver-
#75812	REDUCE cov: 1106 ft: 3637 corp: 256/74Kb lim: 1779 exec/s: 659 rss: 443Mb L: 605/1255 MS: 2 ChangeBinInt-CrossOver-
#76168	REDUCE cov: 1106 ft: 3637 corp: 256/74Kb lim: 1779 exec/s: 656 rss: 443Mb L: 361/1255 MS: 1 EraseBytes-
#77209	REDUCE cov: 1106 ft: 3637 corp: 256/74Kb lim: 1789 exec/s: 654 rss: 443Mb L: 250/1255 MS: 1 EraseBytes-
#77227	NEW    cov: 1106 ft: 3638 corp: 257/75Kb lim: 1789 exec/s: 654 rss: 443Mb L: 497/1255 MS: 3 CrossOver-CMP-PersAutoDict- DE: "\000\000\000\214"-"\015\000\000\000\000\000\000\000"-
#77974	REDUCE cov: 1106 ft: 3638 corp: 257/75Kb lim: 1789 exec/s: 649 rss: 443Mb L: 68/1255 MS: 2 ChangeBinInt-EraseBytes-
#80097	REDUCE cov: 1108 ft: 3640 corp: 258/76Kb lim: 1809 exec/s: 645 rss: 443Mb L: 692/1255 MS: 3 ChangeBinInt-ShuffleBytes-PersAutoDict- DE: "\000\000\000\000\000\000\000\000\000\000\000\000\000\000\000\016\012\016\016\016\016\016\016\016\016\016\016\016\016\016\016\016"-
#80197	REDUCE cov: 1108 ft: 3640 corp: 258/76Kb lim: 1809 exec/s: 646 rss: 443Mb L: 490/1255 MS: 5 EraseBytes-InsertRepeatedBytes-ShuffleBytes-ChangeBinInt-CopyPart-
#81663	REDUCE cov: 1108 ft: 3640 corp: 258/76Kb lim: 1819 exec/s: 643 rss: 443Mb L: 203/1255 MS: 1 EraseBytes-
#81745	REDUCE cov: 1108 ft: 3640 corp: 258/76Kb lim: 1819 exec/s: 643 rss: 443Mb L: 570/1255 MS: 2 InsertByte-EraseBytes-
#82382	REDUCE cov: 1111 ft: 3643 corp: 259/76Kb lim: 1819 exec/s: 643 rss: 443Mb L: 620/1255 MS: 2 PersAutoDict-ShuffleBytes- DE: "\000\000\000\364"-
#83148	REDUCE cov: 1111 ft: 3643 corp: 259/76Kb lim: 1819 exec/s: 644 rss: 443Mb L: 439/1255 MS: 1 EraseBytes-
#86144	REDUCE cov: 1111 ft: 3643 corp: 259/76Kb lim: 1839 exec/s: 638 rss: 443Mb L: 985/1255 MS: 1 EraseBytes-
#87455	REDUCE cov: 1111 ft: 3643 corp: 259/76Kb lim: 1849 exec/s: 638 rss: 443Mb L: 120/1255 MS: 1 EraseBytes-
#87514	REDUCE cov: 1111 ft: 3643 corp: 259/76Kb lim: 1849 exec/s: 638 rss: 443Mb L: 1233/1233 MS: 4 PersAutoDict-ChangeByte-ChangeBit-EraseBytes- DE: "Qe$\000\000\000\000\000"-
#89290	REDUCE cov: 1111 ft: 3643 corp: 259/76Kb lim: 1859 exec/s: 637 rss: 443Mb L: 27/1233 MS: 1 EraseBytes-
#89417	NEW    cov: 1111 ft: 3644 corp: 260/77Kb lim: 1859 exec/s: 634 rss: 443Mb L: 1403/1403 MS: 2 PersAutoDict-CrossOver- DE: "Qe$\000\000\000\000\000"-
#90519	REDUCE cov: 1111 ft: 3644 corp: 260/77Kb lim: 1869 exec/s: 637 rss: 443Mb L: 1044/1403 MS: 2 ChangeByte-CrossOver-
#90595	REDUCE cov: 1111 ft: 3645 corp: 261/79Kb lim: 1869 exec/s: 637 rss: 443Mb L: 1278/1403 MS: 1 InsertRepeatedBytes-
#90611	REDUCE cov: 1111 ft: 3645 corp: 261/79Kb lim: 1869 exec/s: 638 rss: 443Mb L: 583/1403 MS: 1 EraseBytes-
#90829	REDUCE cov: 1111 ft: 3645 corp: 261/79Kb lim: 1869 exec/s: 635 rss: 443Mb L: 254/1403 MS: 3 PersAutoDict-CopyPart-EraseBytes- DE: "\206\000\000\000"-
#92325	REDUCE cov: 1111 ft: 3645 corp: 261/79Kb lim: 1879 exec/s: 641 rss: 443Mb L: 570/1403 MS: 1 EraseBytes-
#94842	REDUCE cov: 1111 ft: 3645 corp: 261/79Kb lim: 1899 exec/s: 636 rss: 443Mb L: 115/1403 MS: 2 InsertByte-EraseBytes-
#94973	REDUCE cov: 1111 ft: 3645 corp: 261/78Kb lim: 1899 exec/s: 637 rss: 443Mb L: 533/1403 MS: 1 EraseBytes-
#96724	REDUCE cov: 1111 ft: 3645 corp: 261/78Kb lim: 1909 exec/s: 632 rss: 443Mb L: 157/1403 MS: 1 EraseBytes-
#100732	REDUCE cov: 1111 ft: 3645 corp: 261/78Kb lim: 1939 exec/s: 633 rss: 444Mb L: 143/1403 MS: 3 ChangeBit-ShuffleBytes-EraseBytes-
#102548	REDUCE cov: 1111 ft: 3645 corp: 261/78Kb lim: 1949 exec/s: 633 rss: 444Mb L: 81/1403 MS: 1 EraseBytes-
#103003	REDUCE cov: 1111 ft: 3645 corp: 261/78Kb lim: 1949 exec/s: 631 rss: 444Mb L: 982/1403 MS: 5 CrossOver-ShuffleBytes-ChangeByte-ChangeBit-EraseBytes-
#104181	REDUCE cov: 1111 ft: 3645 corp: 261/78Kb lim: 1959 exec/s: 631 rss: 444Mb L: 1046/1403 MS: 3 InsertByte-EraseBytes-InsertRepeatedBytes-
#104294	REDUCE cov: 1111 ft: 3645 corp: 261/78Kb lim: 1959 exec/s: 628 rss: 444Mb L: 44/1403 MS: 3 ShuffleBytes-EraseBytes-CopyPart-
#104595	REDUCE cov: 1111 ft: 3645 corp: 261/78Kb lim: 1959 exec/s: 626 rss: 444Mb L: 114/1403 MS: 1 EraseBytes-
#104982	REDUCE cov: 1111 ft: 3645 corp: 261/78Kb lim: 1959 exec/s: 628 rss: 444Mb L: 433/1403 MS: 2 EraseBytes-PersAutoDict- DE: "\206\000\000\000"-
#107633	REDUCE cov: 1111 ft: 3645 corp: 261/78Kb lim: 1979 exec/s: 633 rss: 446Mb L: 33/1403 MS: 1 EraseBytes-
#111430	REDUCE cov: 1111 ft: 3645 corp: 261/78Kb lim: 2009 exec/s: 629 rss: 446Mb L: 571/1403 MS: 2 EraseBytes-CrossOver-
#114764	REDUCE cov: 1111 ft: 3645 corp: 261/78Kb lim: 2039 exec/s: 627 rss: 446Mb L: 981/1403 MS: 4 InsertByte-ChangeByte-ChangeByte-EraseBytes-
#116373	REDUCE cov: 1111 ft: 3645 corp: 261/78Kb lim: 2049 exec/s: 622 rss: 446Mb L: 276/1403 MS: 4 ShuffleBytes-ChangeBit-InsertByte-EraseBytes-
#116519	REDUCE cov: 1111 ft: 3645 corp: 261/78Kb lim: 2049 exec/s: 623 rss: 446Mb L: 294/1403 MS: 1 EraseBytes-
#117544	REDUCE cov: 1111 ft: 3645 corp: 261/78Kb lim: 2049 exec/s: 621 rss: 446Mb L: 1010/1403 MS: 5 ShuffleBytes-ShuffleBytes-ChangeByte-ShuffleBytes-EraseBytes-
#117977	REDUCE cov: 1111 ft: 3645 corp: 261/78Kb lim: 2049 exec/s: 620 rss: 446Mb L: 252/1403 MS: 3 CMP-ShuffleBytes-EraseBytes- DE: "\006\000\000\000\000\000\000\000"-
#118435	REDUCE cov: 1111 ft: 3645 corp: 261/78Kb lim: 2049 exec/s: 620 rss: 446Mb L: 981/1403 MS: 3 ChangeBinInt-CrossOver-EraseBytes-
#119693	REDUCE cov: 1111 ft: 3645 corp: 261/78Kb lim: 2060 exec/s: 620 rss: 446Mb L: 979/1403 MS: 3 ChangeByte-ChangeByte-EraseBytes-
#119996	REDUCE cov: 1111 ft: 3645 corp: 261/78Kb lim: 2060 exec/s: 618 rss: 446Mb L: 168/1403 MS: 3 ChangeBit-ChangeBit-EraseBytes-
#120022	REDUCE cov: 1111 ft: 3645 corp: 261/78Kb lim: 2060 exec/s: 618 rss: 446Mb L: 246/1403 MS: 1 EraseBytes-
#121355	REDUCE cov: 1111 ft: 3645 corp: 261/78Kb lim: 2071 exec/s: 616 rss: 446Mb L: 567/1403 MS: 3 CopyPart-CMP-EraseBytes- DE: "\001\000\000\000\000\000\000\014"-
#126916	REDUCE cov: 1111 ft: 3645 corp: 261/78Kb lim: 2126 exec/s: 613 rss: 446Mb L: 1158/1278 MS: 1 EraseBytes-
#128573	REDUCE cov: 1111 ft: 3645 corp: 261/78Kb lim: 2137 exec/s: 615 rss: 447Mb L: 113/1278 MS: 2 CMP-EraseBytes- DE: "\000\000\000\000"-
#130589	NEW    cov: 1111 ft: 3656 corp: 262/78Kb lim: 2148 exec/s: 615 rss: 447Mb L: 692/1278 MS: 1 ShuffleBytes-
#131072	pulse  cov: 1111 ft: 3656 corp: 262/78Kb lim: 2148 exec/s: 615 rss: 447Mb
#131217	REDUCE cov: 1111 ft: 3656 corp: 262/78Kb lim: 2148 exec/s: 616 rss: 447Mb L: 505/1278 MS: 3 CrossOver-PersAutoDict-EraseBytes- DE: "ffffffffff\000\000\000\000\000\000\000\000\000\000\001\003\000\004\000\000\000\000\000\000\000\000"-
#136712	REDUCE cov: 1111 ft: 3656 corp: 262/78Kb lim: 2192 exec/s: 621 rss: 448Mb L: 982/1278 MS: 5 ChangeBinInt-PersAutoDict-InsertByte-PersAutoDict-EraseBytes- DE: "\000\000\000\000"-"\015\000\000\000\000\000\000\000"-
#138489	REDUCE cov: 1111 ft: 3656 corp: 262/78Kb lim: 2203 exec/s: 623 rss: 448Mb L: 76/1278 MS: 2 ChangeBit-EraseBytes-
#139162	REDUCE cov: 1111 ft: 3656 corp: 262/78Kb lim: 2203 exec/s: 621 rss: 448Mb L: 603/1278 MS: 3 ChangeByte-ChangeBinInt-EraseBytes-
#139468	REDUCE cov: 1111 ft: 3656 corp: 262/78Kb lim: 2203 exec/s: 619 rss: 448Mb L: 986/1278 MS: 1 EraseBytes-
#140188	NEW    cov: 1111 ft: 3657 corp: 263/80Kb lim: 2203 exec/s: 620 rss: 448Mb L: 2202/2202 MS: 5 EraseBytes-ChangeASCIIInt-CrossOver-PersAutoDict-CrossOver- DE: "ffffffffff\000\000\000\000\000\000\000\000\000\000\001\003\000\004\000\000\000\000\000\000\000\000"-
#141356	REDUCE cov: 1111 ft: 3657 corp: 263/80Kb lim: 2214 exec/s: 619 rss: 448Mb L: 1027/2202 MS: 3 ChangeBinInt-PersAutoDict-EraseBytes- DE: "\371\356\004^\376H\2434\235\2428\255\266d\374\001\000\000\000\000\000\000\000\000\000\000\000\000\000\000\000\000"-
#141360	REDUCE cov: 1111 ft: 3657 corp: 263/80Kb lim: 2214 exec/s: 620 rss: 448Mb L: 996/2202 MS: 4 ChangeBit-ChangeBinInt-EraseBytes-InsertRepeatedBytes-
#142366	REDUCE cov: 1111 ft: 3657 corp: 263/80Kb lim: 2214 exec/s: 618 rss: 448Mb L: 440/2202 MS: 1 EraseBytes-
#146542	REDUCE cov: 1111 ft: 3657 corp: 263/80Kb lim: 2247 exec/s: 620 rss: 448Mb L: 60/2202 MS: 1 EraseBytes-
#146839	REDUCE cov: 1111 ft: 3657 corp: 263/80Kb lim: 2247 exec/s: 619 rss: 448Mb L: 470/2202 MS: 2 CopyPart-EraseBytes-
#147130	REDUCE cov: 1111 ft: 3657 corp: 263/80Kb lim: 2247 exec/s: 620 rss: 448Mb L: 430/2202 MS: 1 CrossOver-
#150892	REDUCE cov: 1111 ft: 3657 corp: 263/80Kb lim: 2280 exec/s: 618 rss: 448Mb L: 387/2202 MS: 2 ChangeBinInt-EraseBytes-
#154048	REDUCE cov: 1111 ft: 3657 corp: 263/80Kb lim: 2302 exec/s: 613 rss: 448Mb L: 112/2202 MS: 1 EraseBytes-
#156599	REDUCE cov: 1111 ft: 3657 corp: 263/80Kb lim: 2324 exec/s: 614 rss: 448Mb L: 57/2202 MS: 1 EraseBytes-
#158355	REDUCE cov: 1111 ft: 3657 corp: 263/80Kb lim: 2335 exec/s: 611 rss: 448Mb L: 58/2202 MS: 1 EraseBytes-
#163231	REDUCE cov: 1111 ft: 3657 corp: 263/80Kb lim: 2379 exec/s: 609 rss: 448Mb L: 358/2202 MS: 1 EraseBytes-
#163529	NEW    cov: 1111 ft: 3659 corp: 264/80Kb lim: 2379 exec/s: 607 rss: 448Mb L: 80/2202 MS: 3 ChangeBinInt-ChangeByte-ChangeBit-
#163677	REDUCE cov: 1111 ft: 3659 corp: 264/80Kb lim: 2379 exec/s: 608 rss: 448Mb L: 1024/2202 MS: 3 EraseBytes-ChangeByte-CrossOver-
#165736	REDUCE cov: 1111 ft: 3659 corp: 264/80Kb lim: 2390 exec/s: 607 rss: 448Mb L: 371/2202 MS: 4 ShuffleBytes-CrossOver-ChangeASCIIInt-EraseBytes-
#167392	REDUCE cov: 1111 ft: 3659 corp: 264/80Kb lim: 2401 exec/s: 606 rss: 449Mb L: 56/2202 MS: 1 EraseBytes-
#168758	REDUCE cov: 1111 ft: 3659 corp: 264/80Kb lim: 2412 exec/s: 607 rss: 449Mb L: 300/2202 MS: 1 EraseBytes-
#169316	REDUCE cov: 1111 ft: 3659 corp: 264/80Kb lim: 2412 exec/s: 606 rss: 449Mb L: 78/2202 MS: 3 ChangeByte-ChangeByte-EraseBytes-
#170126	REDUCE cov: 1111 ft: 3673 corp: 265/81Kb lim: 2412 exec/s: 605 rss: 449Mb L: 818/2202 MS: 5 ShuffleBytes-CMP-CrossOver-CopyPart-InsertRepeatedBytes- DE: "\000\000\000\000\000\000\000\000\000\000\000&\000\"\001=\"\"\001=+\000\001\000\000\000\000\000\000\000\001\003"-
#171842	REDUCE cov: 1111 ft: 3673 corp: 265/81Kb lim: 2423 exec/s: 605 rss: 449Mb L: 357/2202 MS: 1 EraseBytes-
#173106	REDUCE cov: 1111 ft: 3673 corp: 265/81Kb lim: 2434 exec/s: 605 rss: 449Mb L: 49/2202 MS: 4 CopyPart-InsertByte-ChangeBit-EraseBytes-
#175644	REDUCE cov: 1111 ft: 3674 corp: 266/82Kb lim: 2456 exec/s: 605 rss: 449Mb L: 1036/2202 MS: 3 PersAutoDict-InsertByte-InsertRepeatedBytes- DE: "\000\000\000\364"-
#175715	REDUCE cov: 1111 ft: 3674 corp: 266/82Kb lim: 2456 exec/s: 603 rss: 449Mb L: 401/2202 MS: 1 EraseBytes-
#175736	REDUCE cov: 1111 ft: 3674 corp: 266/82Kb lim: 2456 exec/s: 603 rss: 449Mb L: 1076/2202 MS: 1 EraseBytes-
#177053	NEW    cov: 1111 ft: 3691 corp: 267/84Kb lim: 2467 exec/s: 604 rss: 449Mb L: 1684/2202 MS: 2 CopyPart-CopyPart-
#179334	REDUCE cov: 1111 ft: 3691 corp: 267/83Kb lim: 2489 exec/s: 605 rss: 449Mb L: 604/2202 MS: 1 EraseBytes-
#180635	REDUCE cov: 1111 ft: 3691 corp: 267/83Kb lim: 2500 exec/s: 604 rss: 449Mb L: 63/2202 MS: 1 EraseBytes-
#184610	REDUCE cov: 1111 ft: 3691 corp: 267/83Kb lim: 2533 exec/s: 601 rss: 449Mb L: 113/2202 MS: 5 ChangeByte-ChangeBinInt-ChangeByte-CopyPart-EraseBytes-
#185332	REDUCE cov: 1111 ft: 3691 corp: 267/83Kb lim: 2533 exec/s: 601 rss: 449Mb L: 1228/2202 MS: 2 ShuffleBytes-EraseBytes-
#185441	NEW    cov: 1112 ft: 3692 corp: 268/84Kb lim: 2533 exec/s: 602 rss: 449Mb L: 1101/2202 MS: 4 PersAutoDict-ChangeBit-ChangeBit-InsertRepeatedBytes- DE: "\015\000\000\000\000\000\000\000"-
#185537	REDUCE cov: 1112 ft: 3695 corp: 269/85Kb lim: 2533 exec/s: 600 rss: 449Mb L: 660/2202 MS: 1 CopyPart-
#185542	REDUCE cov: 1112 ft: 3695 corp: 269/85Kb lim: 2533 exec/s: 600 rss: 449Mb L: 1058/2202 MS: 5 ChangeBit-CrossOver-ChangeASCIIInt-ChangeBinInt-CrossOver-
#189325	REDUCE cov: 1112 ft: 3695 corp: 269/85Kb lim: 2566 exec/s: 599 rss: 449Mb L: 431/2202 MS: 3 CopyPart-ShuffleBytes-CrossOver-
#189672	REDUCE cov: 1112 ft: 3695 corp: 269/85Kb lim: 2566 exec/s: 598 rss: 449Mb L: 69/2202 MS: 2 ChangeBinInt-EraseBytes-
#190020	REDUCE cov: 1112 ft: 3695 corp: 269/85Kb lim: 2566 exec/s: 599 rss: 449Mb L: 1141/2202 MS: 3 InsertRepeatedBytes-ShuffleBytes-EraseBytes-
#191886	REDUCE cov: 1112 ft: 3695 corp: 269/84Kb lim: 2577 exec/s: 597 rss: 449Mb L: 902/2202 MS: 1 EraseBytes-
#192363	NEW    cov: 1112 ft: 3696 corp: 270/85Kb lim: 2577 exec/s: 599 rss: 449Mb L: 692/2202 MS: 2 ChangeBit-PersAutoDict- DE: "ffffffffff\000\000\000\000\000\000\000\000\000\000\001\003\000\004\000\000\000\000\000\000\000\000"-
#192714	REDUCE cov: 1112 ft: 3696 corp: 270/85Kb lim: 2577 exec/s: 598 rss: 449Mb L: 41/2202 MS: 1 EraseBytes-
#193916	REDUCE cov: 1112 ft: 3696 corp: 270/85Kb lim: 2588 exec/s: 598 rss: 449Mb L: 183/2202 MS: 2 ChangeASCIIInt-EraseBytes-
#197388	NEW    cov: 1112 ft: 3698 corp: 271/85Kb lim: 2621 exec/s: 598 rss: 449Mb L: 186/2202 MS: 2 PersAutoDict-EraseBytes- DE: "\000\000\000\000\000\000\000\000\000\000\000\000\000\000\000\016\012\016\016\016\016\016\016\016\016\016\016\016\016\016\016\016"-
#199044	REDUCE cov: 1112 ft: 3698 corp: 271/85Kb lim: 2632 exec/s: 595 rss: 450Mb L: 54/2202 MS: 1 EraseBytes-
#201197	REDUCE cov: 1112 ft: 3698 corp: 271/85Kb lim: 2643 exec/s: 597 rss: 450Mb L: 977/2202 MS: 3 ShuffleBytes-InsertByte-EraseBytes-
#201288	REDUCE cov: 1112 ft: 3698 corp: 271/85Kb lim: 2643 exec/s: 597 rss: 450Mb L: 563/2202 MS: 1 EraseBytes-
#203601	NEW    cov: 1112 ft: 3700 corp: 272/87Kb lim: 2665 exec/s: 597 rss: 450Mb L: 2122/2202 MS: 3 CrossOver-InsertRepeatedBytes-CopyPart-
#203777	REDUCE cov: 1112 ft: 3700 corp: 272/87Kb lim: 2665 exec/s: 597 rss: 450Mb L: 184/2202 MS: 1 EraseBytes-
#205386	REDUCE cov: 1112 ft: 3700 corp: 272/87Kb lim: 2676 exec/s: 598 rss: 451Mb L: 1030/2202 MS: 4 ChangeBinInt-InsertRepeatedBytes-InsertRepeatedBytes-EraseBytes-
#205940	REDUCE cov: 1112 ft: 3700 corp: 272/87Kb lim: 2676 exec/s: 598 rss: 451Mb L: 1027/2202 MS: 4 ShuffleBytes-InsertRepeatedBytes-PersAutoDict-EraseBytes- DE: "\000\000\000\000\000\000\000\000\000\000\000\000\000\000\000\016\012\016\016\016\016\016\016\016\016\016\016\016\016\016\016\016"-
#206155	REDUCE cov: 1112 ft: 3700 corp: 272/87Kb lim: 2676 exec/s: 597 rss: 451Mb L: 984/2202 MS: 5 ChangeByte-InsertByte-InsertByte-CMP-EraseBytes- DE: "\376\377\377\363"-
#207362	REDUCE cov: 1112 ft: 3700 corp: 272/87Kb lim: 2687 exec/s: 599 rss: 451Mb L: 338/2202 MS: 2 CMP-EraseBytes- DE: "\021\000\000\000\000\000\000\000"-
#207644	REDUCE cov: 1112 ft: 3700 corp: 272/87Kb lim: 2687 exec/s: 598 rss: 451Mb L: 105/2202 MS: 2 CopyPart-EraseBytes-
#207680	REDUCE cov: 1112 ft: 3700 corp: 272/87Kb lim: 2687 exec/s: 598 rss: 451Mb L: 1168/2202 MS: 1 EraseBytes-
#208226	REDUCE cov: 1112 ft: 3700 corp: 272/87Kb lim: 2687 exec/s: 598 rss: 451Mb L: 1237/2202 MS: 1 EraseBytes-
#208897	REDUCE cov: 1112 ft: 3700 corp: 272/87Kb lim: 2687 exec/s: 598 rss: 451Mb L: 1226/2202 MS: 1 CrossOver-
#209267	REDUCE cov: 1112 ft: 3700 corp: 272/87Kb lim: 2687 exec/s: 599 rss: 451Mb L: 569/2202 MS: 5 EraseBytes-ShuffleBytes-CMP-CopyPart-CopyPart- DE: "\377\377\377\377\377\377\377\032"-
#209324	REDUCE cov: 1112 ft: 3700 corp: 272/87Kb lim: 2687 exec/s: 598 rss: 451Mb L: 461/2202 MS: 2 ChangeBit-EraseBytes-
#209338	REDUCE cov: 1112 ft: 3700 corp: 272/87Kb lim: 2687 exec/s: 598 rss: 451Mb L: 53/2202 MS: 4 ChangeBit-CopyPart-ShuffleBytes-EraseBytes-
#209489	REDUCE cov: 1112 ft: 3700 corp: 272/87Kb lim: 2687 exec/s: 598 rss: 451Mb L: 977/2202 MS: 1 EraseBytes-
#210265	REDUCE cov: 1112 ft: 3700 corp: 272/87Kb lim: 2687 exec/s: 599 rss: 451Mb L: 154/2202 MS: 1 EraseBytes-
#210331	REDUCE cov: 1112 ft: 3700 corp: 272/87Kb lim: 2687 exec/s: 599 rss: 451Mb L: 1761/2202 MS: 1 EraseBytes-
#210713	REDUCE cov: 1112 ft: 3700 corp: 272/87Kb lim: 2687 exec/s: 600 rss: 451Mb L: 108/2202 MS: 2 ShuffleBytes-EraseBytes-
#210746	REDUCE cov: 1112 ft: 3700 corp: 272/87Kb lim: 2687 exec/s: 600 rss: 451Mb L: 1073/2202 MS: 3 ShuffleBytes-CMP-EraseBytes- DE: "\002\000\000\002\000\000\000\000\000\000\000\000\000\000\000\000\000\000\000\000\001\002\001\000\000\000\000\000\000\000\004\000"-
#211230	REDUCE cov: 1112 ft: 3700 corp: 272/87Kb lim: 2687 exec/s: 600 rss: 452Mb L: 555/2202 MS: 4 ShuffleBytes-ChangeByte-InsertByte-EraseBytes-
#212005	REDUCE cov: 1112 ft: 3700 corp: 272/87Kb lim: 2687 exec/s: 600 rss: 452Mb L: 90/2202 MS: 5 CrossOver-CopyPart-EraseBytes-EraseBytes-EraseBytes-
#212026	REDUCE cov: 1112 ft: 3701 corp: 273/87Kb lim: 2687 exec/s: 600 rss: 452Mb L: 828/2202 MS: 1 CrossOver-
#213793	NEW    cov: 1114 ft: 3703 corp: 274/88Kb lim: 2698 exec/s: 600 rss: 452Mb L: 660/2202 MS: 2 ChangeASCIIInt-CMP- DE: "\000\000\000\000\000\000\000\244\244\244\244\244\244\000\000\000\004\000\000\007\000\000\000\000\000\000\000\001\000\000\000\000"-
#216271	REDUCE cov: 1114 ft: 3703 corp: 274/88Kb lim: 2720 exec/s: 600 rss: 452Mb L: 978/2202 MS: 3 ShuffleBytes-ShuffleBytes-EraseBytes-
#217688	REDUCE cov: 1114 ft: 3703 corp: 274/88Kb lim: 2731 exec/s: 601 rss: 452Mb L: 1726/2202 MS: 2 InsertByte-EraseBytes-
#219275	REDUCE cov: 1114 ft: 3703 corp: 274/88Kb lim: 2742 exec/s: 600 rss: 452Mb L: 67/2202 MS: 2 CMP-EraseBytes- DE: "\012\000\000\000\000\000\000\000"-
#219556	REDUCE cov: 1114 ft: 3703 corp: 274/88Kb lim: 2742 exec/s: 599 rss: 452Mb L: 979/2202 MS: 1 EraseBytes-
#221330	REDUCE cov: 1114 ft: 3703 corp: 274/88Kb lim: 2753 exec/s: 599 rss: 452Mb L: 571/2202 MS: 4 InsertRepeatedBytes-ShuffleBytes-ChangeBit-EraseBytes-
#221419	REDUCE cov: 1114 ft: 3704 corp: 275/89Kb lim: 2753 exec/s: 600 rss: 452Mb L: 1257/2202 MS: 4 InsertByte-PersAutoDict-CrossOver-CopyPart- DE: "ffffffffff\000\000\000\000\000\000\000\000\000\000\001\003\000\004\000\000\000\000\000\000\000\000"-
#223423	REDUCE cov: 1114 ft: 3704 corp: 275/89Kb lim: 2764 exec/s: 598 rss: 452Mb L: 2186/2186 MS: 4 ChangeByte-ChangeASCIIInt-ShuffleBytes-EraseBytes-
#223444	REDUCE cov: 1114 ft: 3704 corp: 275/89Kb lim: 2764 exec/s: 599 rss: 452Mb L: 383/2186 MS: 1 EraseBytes-
#225894	REDUCE cov: 1114 ft: 3704 corp: 275/89Kb lim: 2786 exec/s: 599 rss: 452Mb L: 890/2186 MS: 5 ChangeASCIIInt-ChangeBinInt-ChangeBit-PersAutoDict-EraseBytes- DE: "\001\000\000\000\000\000\000\014"-
#226069	REDUCE cov: 1114 ft: 3704 corp: 275/89Kb lim: 2786 exec/s: 599 rss: 452Mb L: 89/2186 MS: 5 ChangeBinInt-InsertByte-InsertByte-ShuffleBytes-EraseBytes-
#226236	REDUCE cov: 1114 ft: 3704 corp: 275/89Kb lim: 2786 exec/s: 598 rss: 452Mb L: 1018/2186 MS: 2 CMP-EraseBytes- DE: "\235\377\377\377"-
#229010	REDUCE cov: 1114 ft: 3704 corp: 275/89Kb lim: 2808 exec/s: 599 rss: 452Mb L: 828/2186 MS: 4 PersAutoDict-CopyPart-ChangeBinInt-EraseBytes- DE: "\235\377\377\377"-
#229036	REDUCE cov: 1114 ft: 3704 corp: 275/89Kb lim: 2808 exec/s: 599 rss: 452Mb L: 306/2186 MS: 1 EraseBytes-
#229940	REDUCE cov: 1114 ft: 3704 corp: 275/89Kb lim: 2808 exec/s: 600 rss: 452Mb L: 627/2186 MS: 4 ChangeBit-ChangeBinInt-ChangeBit-EraseBytes-
#230022	REDUCE cov: 1114 ft: 3704 corp: 275/89Kb lim: 2808 exec/s: 600 rss: 452Mb L: 140/2186 MS: 2 ShuffleBytes-EraseBytes-
#233322	REDUCE cov: 1114 ft: 3704 corp: 275/89Kb lim: 2830 exec/s: 602 rss: 452Mb L: 85/2186 MS: 5 ShuffleBytes-CMP-ChangeByte-EraseBytes-InsertRepeatedBytes- DE: "\000\000\000\000\000\000\000\000\000\000\001\000\000\000\004\000\000\000\000\000\200\000\310\000\000\001\003\000\000\377\000\000"-
#233564	REDUCE cov: 1114 ft: 3704 corp: 275/88Kb lim: 2830 exec/s: 603 rss: 452Mb L: 1446/2186 MS: 2 EraseBytes-CopyPart-
#235038	REDUCE cov: 1114 ft: 3704 corp: 275/88Kb lim: 2841 exec/s: 602 rss: 452Mb L: 979/2186 MS: 4 ShuffleBytes-ChangeByte-InsertByte-EraseBytes-
#236325	REDUCE cov: 1114 ft: 3705 corp: 276/90Kb lim: 2852 exec/s: 602 rss: 453Mb L: 1528/2186 MS: 2 ShuffleBytes-CopyPart-
#237060	NEW    cov: 1114 ft: 3706 corp: 277/91Kb lim: 2852 exec/s: 603 rss: 453Mb L: 1266/2186 MS: 5 ChangeBinInt-ChangeBit-CMP-CopyPart-InsertByte- DE: "\000\000\000\000\000\000\011\342"-
#237061	REDUCE cov: 1114 ft: 3706 corp: 277/91Kb lim: 2852 exec/s: 603 rss: 453Mb L: 213/2186 MS: 1 EraseBytes-
#237564	REDUCE cov: 1114 ft: 3706 corp: 277/91Kb lim: 2852 exec/s: 602 rss: 453Mb L: 654/2186 MS: 3 ShuffleBytes-ChangeBinInt-EraseBytes-
#242255	REDUCE cov: 1114 ft: 3706 corp: 277/91Kb lim: 2896 exec/s: 601 rss: 453Mb L: 939/2186 MS: 1 EraseBytes-
#243200	REDUCE cov: 1114 ft: 3706 corp: 277/91Kb lim: 2896 exec/s: 600 rss: 453Mb L: 979/2186 MS: 5 CrossOver-ChangeBit-ChangeBinInt-ChangeByte-EraseBytes-
#243219	REDUCE cov: 1114 ft: 3706 corp: 277/91Kb lim: 2896 exec/s: 600 rss: 453Mb L: 1512/2186 MS: 4 ChangeASCIIInt-InsertByte-CrossOver-EraseBytes-
#243245	NEW    cov: 1116 ft: 3708 corp: 278/91Kb lim: 2896 exec/s: 600 rss: 453Mb L: 695/2186 MS: 1 InsertRepeatedBytes-
#243721	REDUCE cov: 1116 ft: 3708 corp: 278/91Kb lim: 2896 exec/s: 600 rss: 453Mb L: 1126/2186 MS: 1 EraseBytes-
#245633	REDUCE cov: 1116 ft: 3708 corp: 278/91Kb lim: 2907 exec/s: 599 rss: 453Mb L: 1205/2186 MS: 2 ShuffleBytes-EraseBytes-
#246031	NEW    cov: 1116 ft: 3709 corp: 279/92Kb lim: 2907 exec/s: 600 rss: 453Mb L: 1267/2186 MS: 3 ChangeBit-InsertByte-CMP- DE: "\016\016\016\016\016\012\016\016\016\016\016\016\016\016\016\016\016\016\016\016\016\016\016\016\016(\016\016\016\000\000\000"-
#246592	REDUCE cov: 1116 ft: 3709 corp: 279/92Kb lim: 2907 exec/s: 599 rss: 453Mb L: 352/2186 MS: 1 EraseBytes-
#246779	REDUCE cov: 1116 ft: 3709 corp: 279/92Kb lim: 2907 exec/s: 600 rss: 453Mb L: 338/2186 MS: 2 CopyPart-EraseBytes-
#247584	REDUCE cov: 1116 ft: 3709 corp: 279/92Kb lim: 2907 exec/s: 600 rss: 453Mb L: 569/2186 MS: 5 CMP-InsertByte-CMP-CrossOver-EraseBytes- DE: "\000\000\000\000\000\000\004\000\000\000\000\000\000\000\000\000\000\000\000\001\002\001\000\016\016\016\016\016\016\016\016\016"-"n\377\377\377"-
#247696	REDUCE cov: 1116 ft: 3709 corp: 279/92Kb lim: 2907 exec/s: 601 rss: 453Mb L: 1258/2186 MS: 2 CopyPart-EraseBytes-
#247837	REDUCE cov: 1116 ft: 3709 corp: 279/92Kb lim: 2907 exec/s: 601 rss: 453Mb L: 946/2186 MS: 1 EraseBytes-
#252316	REDUCE cov: 1116 ft: 3709 corp: 279/92Kb lim: 2951 exec/s: 599 rss: 453Mb L: 1105/2186 MS: 4 ChangeByte-ChangeBit-ChangeASCIIInt-EraseBytes-
#255562	REDUCE cov: 1116 ft: 3709 corp: 279/92Kb lim: 2973 exec/s: 597 rss: 453Mb L: 1019/2186 MS: 1 EraseBytes-
#256170	REDUCE cov: 1116 ft: 3709 corp: 279/92Kb lim: 2973 exec/s: 598 rss: 453Mb L: 39/2186 MS: 3 ShuffleBytes-ShuffleBytes-EraseBytes-
#256591	REDUCE cov: 1116 ft: 3709 corp: 279/92Kb lim: 2973 exec/s: 596 rss: 453Mb L: 880/2186 MS: 1 EraseBytes-
#262144	pulse  cov: 1116 ft: 3709 corp: 279/92Kb lim: 3028 exec/s: 594 rss: 453Mb
#262528	REDUCE cov: 1116 ft: 3709 corp: 279/92Kb lim: 3028 exec/s: 593 rss: 453Mb L: 811/2186 MS: 2 CopyPart-EraseBytes-
#263677	REDUCE cov: 1116 ft: 3709 corp: 279/91Kb lim: 3039 exec/s: 592 rss: 453Mb L: 687/2186 MS: 4 CrossOver-ChangeByte-ChangeBinInt-EraseBytes-
#264274	REDUCE cov: 1116 ft: 3709 corp: 279/91Kb lim: 3039 exec/s: 592 rss: 453Mb L: 787/2186 MS: 2 ShuffleBytes-EraseBytes-
#265356	REDUCE cov: 1116 ft: 3710 corp: 280/93Kb lim: 3039 exec/s: 592 rss: 453Mb L: 1378/2186 MS: 2 CMP-CrossOver- DE: "rrrrrrrrrrrrrrrrrrrrrrrrrrrr\214p\005\231"-
#266119	REDUCE cov: 1116 ft: 3710 corp: 280/93Kb lim: 3039 exec/s: 592 rss: 453Mb L: 58/2186 MS: 3 CopyPart-ChangeBinInt-EraseBytes-
#266670	REDUCE cov: 1116 ft: 3710 corp: 280/93Kb lim: 3039 exec/s: 592 rss: 453Mb L: 720/2186 MS: 1 EraseBytes-
#267301	REDUCE cov: 1116 ft: 3710 corp: 280/92Kb lim: 3039 exec/s: 594 rss: 453Mb L: 546/2186 MS: 1 EraseBytes-
#268116	REDUCE cov: 1116 ft: 3710 corp: 280/92Kb lim: 3039 exec/s: 593 rss: 453Mb L: 585/2186 MS: 5 ChangeBit-ChangeBinInt-ShuffleBytes-ChangeBit-EraseBytes-
#268608	REDUCE cov: 1116 ft: 3710 corp: 280/92Kb lim: 3039 exec/s: 594 rss: 453Mb L: 640/2186 MS: 2 ChangeBinInt-EraseBytes-
#270565	REDUCE cov: 1116 ft: 3710 corp: 280/92Kb lim: 3050 exec/s: 593 rss: 453Mb L: 979/2186 MS: 2 ChangeByte-EraseBytes-
#270911	REDUCE cov: 1116 ft: 3710 corp: 280/92Kb lim: 3050 exec/s: 592 rss: 453Mb L: 1078/2186 MS: 1 EraseBytes-
#271143	REDUCE cov: 1116 ft: 3710 corp: 280/92Kb lim: 3050 exec/s: 592 rss: 453Mb L: 2171/2171 MS: 2 InsertByte-EraseBytes-
#272067	REDUCE cov: 1116 ft: 3710 corp: 280/92Kb lim: 3050 exec/s: 592 rss: 453Mb L: 1035/2171 MS: 4 CopyPart-ChangeBit-PersAutoDict-EraseBytes- DE: "n\377\377\377"-
#272125	REDUCE cov: 1116 ft: 3710 corp: 280/92Kb lim: 3050 exec/s: 592 rss: 453Mb L: 671/2171 MS: 3 ChangeBinInt-InsertByte-EraseBytes-
#275491	REDUCE cov: 1116 ft: 3710 corp: 280/92Kb lim: 3083 exec/s: 591 rss: 453Mb L: 49/2171 MS: 1 EraseBytes-
#278502	REDUCE cov: 1116 ft: 3710 corp: 280/92Kb lim: 3105 exec/s: 591 rss: 453Mb L: 142/2171 MS: 1 EraseBytes-
#278528	REDUCE cov: 1116 ft: 3710 corp: 280/92Kb lim: 3105 exec/s: 591 rss: 453Mb L: 116/2171 MS: 1 EraseBytes-
#278746	REDUCE cov: 1116 ft: 3710 corp: 280/92Kb lim: 3105 exec/s: 591 rss: 453Mb L: 113/2171 MS: 3 CMP-CrossOver-EraseBytes- DE: "\377\377\377\374"-
#278880	REDUCE cov: 1116 ft: 3710 corp: 280/91Kb lim: 3105 exec/s: 592 rss: 453Mb L: 766/2171 MS: 4 ChangeBit-ChangeByte-ChangeASCIIInt-EraseBytes-
#279554	REDUCE cov: 1123 ft: 3727 corp: 281/93Kb lim: 3105 exec/s: 592 rss: 453Mb L: 1552/2171 MS: 4 ShuffleBytes-CopyPart-CrossOver-CrossOver-
#279765	REDUCE cov: 1123 ft: 3730 corp: 282/94Kb lim: 3105 exec/s: 591 rss: 453Mb L: 1408/2171 MS: 1 CopyPart-
#281862	REDUCE cov: 1123 ft: 3730 corp: 282/94Kb lim: 3116 exec/s: 592 rss: 453Mb L: 337/2171 MS: 2 InsertByte-EraseBytes-
#282545	NEW    cov: 1123 ft: 3741 corp: 283/96Kb lim: 3116 exec/s: 591 rss: 454Mb L: 1584/2171 MS: 3 ChangeByte-CopyPart-PersAutoDict- DE: "\016\016\016\016\016\012\016\016\016\016\016\016\016\016\016\016\016\016\016\016\016\016\016\016\016(\016\016\016\000\000\000"-
#283762	REDUCE cov: 1123 ft: 3741 corp: 283/96Kb lim: 3127 exec/s: 591 rss: 454Mb L: 311/2171 MS: 2 ChangeBinInt-CrossOver-
#283845	REDUCE cov: 1123 ft: 3741 corp: 283/96Kb lim: 3127 exec/s: 591 rss: 454Mb L: 540/2171 MS: 3 ChangeBit-ChangeBinInt-EraseBytes-
#284738	REDUCE cov: 1123 ft: 3741 corp: 283/96Kb lim: 3127 exec/s: 590 rss: 454Mb L: 531/2171 MS: 3 CMP-ChangeByte-EraseBytes- DE: "\013\000\000\000\000\000\000\000"-
#284887	NEW    cov: 1123 ft: 3742 corp: 284/97Kb lim: 3127 exec/s: 591 rss: 454Mb L: 1584/2171 MS: 4 ChangeBit-ChangeBinInt-CopyPart-ChangeByte-
#284986	NEW    cov: 1126 ft: 3746 corp: 285/99Kb lim: 3127 exec/s: 591 rss: 454Mb L: 1373/2171 MS: 4 ChangeBit-EraseBytes-ChangeASCIIInt-InsertRepeatedBytes-
#285050	NEW    cov: 1127 ft: 3747 corp: 286/100Kb lim: 3127 exec/s: 591 rss: 454Mb L: 1576/2171 MS: 4 CrossOver-ChangeByte-InsertRepeatedBytes-PersAutoDict- DE: "\001\000\000\000\000\000\000\014"-
#285439	REDUCE cov: 1127 ft: 3747 corp: 286/100Kb lim: 3127 exec/s: 590 rss: 454Mb L: 1328/2171 MS: 4 ShuffleBytes-ChangeByte-ChangeBit-EraseBytes-
#287525	REDUCE cov: 1127 ft: 3747 corp: 286/100Kb lim: 3138 exec/s: 591 rss: 456Mb L: 156/2171 MS: 1 EraseBytes-
#287991	NEW    cov: 1128 ft: 3748 corp: 287/102Kb lim: 3138 exec/s: 592 rss: 456Mb L: 1588/2171 MS: 1 CMP- DE: "\234\377\377\377"-
#288223	NEW    cov: 1128 ft: 3749 corp: 288/103Kb lim: 3138 exec/s: 591 rss: 456Mb L: 1374/2171 MS: 2 ChangeBinInt-InsertByte-
#288508	REDUCE cov: 1128 ft: 3749 corp: 288/103Kb lim: 3138 exec/s: 592 rss: 456Mb L: 1234/2171 MS: 5 EraseBytes-EraseBytes-CMP-PersAutoDict-CopyPart- DE: "\376\377\377\206"-"\206\000\000\000"-
#288688	NEW    cov: 1128 ft: 3750 corp: 289/104Kb lim: 3138 exec/s: 592 rss: 456Mb L: 1992/2171 MS: 5 ChangeASCIIInt-PersAutoDict-ChangeASCIIInt-ChangeASCIIInt-CrossOver- DE: "\002\000\000\002\000\000\000\000\000\000\000\000\000\000\000\000\000\000\000\000\001\002\001\000\000\000\000\000\000\000\004\000"-
#288815	NEW    cov: 1128 ft: 3751 corp: 290/106Kb lim: 3138 exec/s: 593 rss: 456Mb L: 1164/2171 MS: 2 InsertByte-EraseBytes-
#288986	REDUCE cov: 1128 ft: 3751 corp: 290/105Kb lim: 3138 exec/s: 592 rss: 456Mb L: 1177/2171 MS: 1 EraseBytes-
#290184	REDUCE cov: 1128 ft: 3751 corp: 290/105Kb lim: 3149 exec/s: 593 rss: 457Mb L: 1802/2171 MS: 3 ChangeByte-ShuffleBytes-EraseBytes-
#292332	REDUCE cov: 1128 ft: 3751 corp: 290/105Kb lim: 3160 exec/s: 592 rss: 457Mb L: 1222/2171 MS: 3 InsertByte-ShuffleBytes-EraseBytes-
#293871	REDUCE cov: 1128 ft: 3751 corp: 290/105Kb lim: 3171 exec/s: 591 rss: 457Mb L: 1173/2171 MS: 4 InsertByte-ChangeASCIIInt-ChangeASCIIInt-EraseBytes-
#294028	REDUCE cov: 1128 ft: 3751 corp: 290/105Kb lim: 3171 exec/s: 590 rss: 457Mb L: 804/2171 MS: 2 ChangeASCIIInt-EraseBytes-
#295146	REDUCE cov: 1128 ft: 3751 corp: 290/105Kb lim: 3182 exec/s: 590 rss: 457Mb L: 1151/2171 MS: 3 PersAutoDict-EraseBytes-InsertRepeatedBytes- DE: "\021\000\000\000\000\000\000\000"-
#295544	REDUCE cov: 1128 ft: 3751 corp: 290/105Kb lim: 3182 exec/s: 591 rss: 457Mb L: 51/2171 MS: 3 CMP-InsertByte-EraseBytes- DE: "\004\000\000\000"-
#295765	REDUCE cov: 1128 ft: 3751 corp: 290/104Kb lim: 3182 exec/s: 590 rss: 457Mb L: 520/2171 MS: 1 EraseBytes-
#295802	REDUCE cov: 1128 ft: 3751 corp: 290/104Kb lim: 3182 exec/s: 590 rss: 457Mb L: 1145/2171 MS: 2 CopyPart-CrossOver-
#296030	REDUCE cov: 1128 ft: 3751 corp: 290/104Kb lim: 3182 exec/s: 590 rss: 457Mb L: 1173/2171 MS: 3 ChangeBinInt-ShuffleBytes-EraseBytes-
#296221	REDUCE cov: 1128 ft: 3752 corp: 291/106Kb lim: 3182 exec/s: 591 rss: 457Mb L: 1863/2171 MS: 1 CrossOver-
#296362	REDUCE cov: 1128 ft: 3752 corp: 291/106Kb lim: 3182 exec/s: 590 rss: 457Mb L: 1387/2171 MS: 1 EraseBytes-
#296765	REDUCE cov: 1128 ft: 3754 corp: 292/107Kb lim: 3182 exec/s: 591 rss: 457Mb L: 1159/2171 MS: 3 CrossOver-PersAutoDict-CMP- DE: "\377\377\377\374"-"\012\000\000\000\000\000\000\000"-
#297529	REDUCE cov: 1128 ft: 3754 corp: 292/107Kb lim: 3182 exec/s: 590 rss: 457Mb L: 73/2171 MS: 4 ShuffleBytes-CrossOver-ChangeByte-EraseBytes-
#298540	REDUCE cov: 1128 ft: 3754 corp: 292/107Kb lim: 3182 exec/s: 590 rss: 457Mb L: 59/2171 MS: 1 EraseBytes-
#300439	REDUCE cov: 1128 ft: 3754 corp: 292/107Kb lim: 3193 exec/s: 587 rss: 457Mb L: 1327/2171 MS: 4 ShuffleBytes-PersAutoDict-CopyPart-EraseBytes- DE: "rrrrrrrrrrrrrrrrrrrrrrrrrrrr\214p\005\231"-
#302145	REDUCE cov: 1128 ft: 3754 corp: 292/107Kb lim: 3204 exec/s: 586 rss: 457Mb L: 290/2171 MS: 1 EraseBytes-
#302767	REDUCE cov: 1128 ft: 3754 corp: 292/107Kb lim: 3204 exec/s: 585 rss: 457Mb L: 538/2171 MS: 2 ChangeBit-EraseBytes-
#302997	REDUCE cov: 1128 ft: 3754 corp: 292/107Kb lim: 3204 exec/s: 586 rss: 457Mb L: 1281/2171 MS: 5 ChangeByte-ShuffleBytes-ChangeBit-InsertByte-EraseBytes-
#303039	REDUCE cov: 1128 ft: 3754 corp: 292/107Kb lim: 3204 exec/s: 586 rss: 457Mb L: 441/2171 MS: 2 InsertByte-EraseBytes-
#303285	REDUCE cov: 1128 ft: 3754 corp: 292/107Kb lim: 3204 exec/s: 585 rss: 457Mb L: 1797/2171 MS: 1 EraseBytes-
#303357	REDUCE cov: 1128 ft: 3755 corp: 293/109Kb lim: 3204 exec/s: 585 rss: 457Mb L: 1798/2171 MS: 2 ChangeBinInt-InsertByte-
#303388	REDUCE cov: 1128 ft: 3755 corp: 293/109Kb lim: 3204 exec/s: 585 rss: 457Mb L: 1176/2171 MS: 1 EraseBytes-
#304364	REDUCE cov: 1128 ft: 3755 corp: 293/108Kb lim: 3204 exec/s: 585 rss: 457Mb L: 978/2171 MS: 1 EraseBytes-
#306395	REDUCE cov: 1128 ft: 3755 corp: 293/108Kb lim: 3215 exec/s: 583 rss: 457Mb L: 314/2171 MS: 1 EraseBytes-
#306716	REDUCE cov: 1128 ft: 3755 corp: 293/108Kb lim: 3215 exec/s: 583 rss: 457Mb L: 1022/2171 MS: 1 EraseBytes-
#309124	REDUCE cov: 1128 ft: 3756 corp: 294/110Kb lim: 3237 exec/s: 582 rss: 457Mb L: 1797/2171 MS: 3 CMP-ChangeByte-ChangeByte- DE: "\001\000\000\000\000\000\000\020"-
#309570	REDUCE cov: 1128 ft: 3756 corp: 294/110Kb lim: 3237 exec/s: 581 rss: 457Mb L: 1464/2171 MS: 1 EraseBytes-
#309887	REDUCE cov: 1128 ft: 3756 corp: 294/110Kb lim: 3237 exec/s: 581 rss: 457Mb L: 35/2171 MS: 2 CopyPart-EraseBytes-
#310141	REDUCE cov: 1128 ft: 3756 corp: 294/110Kb lim: 3237 exec/s: 580 rss: 458Mb L: 548/2171 MS: 4 ChangeBit-ChangeByte-ChangeBinInt-EraseBytes-
#310888	NEW    cov: 1128 ft: 3757 corp: 295/112Kb lim: 3237 exec/s: 581 rss: 458Mb L: 1897/2171 MS: 2 ChangeASCIIInt-InsertRepeatedBytes-
#312569	REDUCE cov: 1128 ft: 3757 corp: 295/112Kb lim: 3248 exec/s: 580 rss: 458Mb L: 49/2171 MS: 1 EraseBytes-
#312975	REDUCE cov: 1128 ft: 3757 corp: 295/112Kb lim: 3248 exec/s: 580 rss: 459Mb L: 1863/2171 MS: 1 EraseBytes-
#313167	REDUCE cov: 1128 ft: 3757 corp: 295/111Kb lim: 3248 exec/s: 581 rss: 459Mb L: 1653/2171 MS: 2 InsertRepeatedBytes-EraseBytes-
#313413	REDUCE cov: 1128 ft: 3758 corp: 296/113Kb lim: 3248 exec/s: 581 rss: 459Mb L: 1863/2171 MS: 1 ChangeBit-
#316046	REDUCE cov: 1128 ft: 3758 corp: 296/113Kb lim: 3270 exec/s: 580 rss: 459Mb L: 715/2171 MS: 3 InsertRepeatedBytes-CrossOver-EraseBytes-
#316522	REDUCE cov: 1128 ft: 3758 corp: 296/113Kb lim: 3270 exec/s: 581 rss: 459Mb L: 98/2171 MS: 1 EraseBytes-
#316788	REDUCE cov: 1128 ft: 3758 corp: 296/113Kb lim: 3270 exec/s: 581 rss: 459Mb L: 1477/2171 MS: 1 EraseBytes-
#317290	REDUCE cov: 1128 ft: 3758 corp: 296/112Kb lim: 3270 exec/s: 581 rss: 459Mb L: 1246/2171 MS: 2 ShuffleBytes-CrossOver-
#317436	REDUCE cov: 1128 ft: 3759 corp: 297/114Kb lim: 3270 exec/s: 581 rss: 459Mb L: 1155/2171 MS: 1 CMP- DE: "\342\000\000\000"-
#318047	REDUCE cov: 1128 ft: 3759 corp: 297/113Kb lim: 3270 exec/s: 581 rss: 459Mb L: 1310/2171 MS: 1 EraseBytes-
#318207	NEW    cov: 1128 ft: 3760 corp: 298/114Kb lim: 3270 exec/s: 581 rss: 459Mb L: 1469/2171 MS: 5 InsertRepeatedBytes-EraseBytes-InsertRepeatedBytes-CopyPart-InsertRepeatedBytes-
#320127	REDUCE cov: 1128 ft: 3760 corp: 298/114Kb lim: 3281 exec/s: 580 rss: 459Mb L: 977/2171 MS: 5 ChangeBit-EraseBytes-ChangeBit-CrossOver-InsertByte-
#320964	REDUCE cov: 1128 ft: 3760 corp: 298/114Kb lim: 3281 exec/s: 581 rss: 459Mb L: 56/2171 MS: 2 ShuffleBytes-EraseBytes-
#321251	REDUCE cov: 1128 ft: 3760 corp: 298/114Kb lim: 3281 exec/s: 581 rss: 459Mb L: 69/2171 MS: 2 ChangeByte-EraseBytes-
#322180	REDUCE cov: 1128 ft: 3760 corp: 298/114Kb lim: 3281 exec/s: 581 rss: 459Mb L: 1799/2171 MS: 4 ChangeBinInt-ChangeASCIIInt-ChangeByte-EraseBytes-
#322407	NEW    cov: 1130 ft: 3764 corp: 299/115Kb lim: 3281 exec/s: 581 rss: 459Mb L: 403/2171 MS: 2 ChangeBinInt-EraseBytes-
#322703	REDUCE cov: 1130 ft: 3764 corp: 299/115Kb lim: 3281 exec/s: 581 rss: 459Mb L: 521/2171 MS: 1 EraseBytes-
#323239	REDUCE cov: 1130 ft: 3764 corp: 299/115Kb lim: 3281 exec/s: 581 rss: 459Mb L: 381/2171 MS: 1 EraseBytes-
#324347	REDUCE cov: 1130 ft: 3767 corp: 300/116Kb lim: 3292 exec/s: 580 rss: 459Mb L: 978/2171 MS: 3 ShuffleBytes-ChangeBinInt-CMP- DE: "\002\001\000\000\000\000\000\000\000\004\000\000\000\000\000\000\000\000\000\000\000\000[\000\000\000\000\000\000\000\000\000"-
#325256	REDUCE cov: 1130 ft: 3767 corp: 300/115Kb lim: 3292 exec/s: 579 rss: 459Mb L: 1475/2171 MS: 4 ChangeBinInt-ChangeASCIIInt-InsertByte-EraseBytes-
#325402	REDUCE cov: 1130 ft: 3767 corp: 300/115Kb lim: 3292 exec/s: 580 rss: 459Mb L: 58/2171 MS: 1 EraseBytes-
#326358	REDUCE cov: 1130 ft: 3767 corp: 300/115Kb lim: 3292 exec/s: 579 rss: 459Mb L: 251/2171 MS: 1 EraseBytes-
#327466	REDUCE cov: 1130 ft: 3767 corp: 300/115Kb lim: 3303 exec/s: 579 rss: 459Mb L: 382/2171 MS: 3 InsertRepeatedBytes-ChangeBinInt-EraseBytes-
#330694	REDUCE cov: 1130 ft: 3767 corp: 300/115Kb lim: 3325 exec/s: 581 rss: 459Mb L: 254/2171 MS: 3 EraseBytes-ShuffleBytes-InsertRepeatedBytes-
#332630	REDUCE cov: 1130 ft: 3767 corp: 300/115Kb lim: 3336 exec/s: 581 rss: 459Mb L: 300/2171 MS: 1 EraseBytes-
#333267	REDUCE cov: 1130 ft: 3767 corp: 300/115Kb lim: 3336 exec/s: 581 rss: 459Mb L: 1321/2171 MS: 2 ChangeBinInt-EraseBytes-
#336914	REDUCE cov: 1130 ft: 3767 corp: 300/115Kb lim: 3369 exec/s: 581 rss: 459Mb L: 556/2171 MS: 2 ChangeByte-EraseBytes-
#337023	REDUCE cov: 1130 ft: 3767 corp: 300/115Kb lim: 3369 exec/s: 582 rss: 459Mb L: 305/2171 MS: 4 ShuffleBytes-ChangeBit-CopyPart-EraseBytes-
#337560	REDUCE cov: 1130 ft: 3767 corp: 300/115Kb lim: 3369 exec/s: 580 rss: 459Mb L: 1242/2171 MS: 2 CMP-EraseBytes- DE: "\000\000\000\000\000\000\000\000\001\003\000\000\000\000\000\000\000\000\000\000\000\000\000\000\000\000\000\004@\000\001\000"-
#338172	REDUCE cov: 1130 ft: 3767 corp: 300/115Kb lim: 3369 exec/s: 581 rss: 459Mb L: 436/2171 MS: 2 CrossOver-PersAutoDict- DE: "\021\000\000\000\000\000\000\000"-
#338478	REDUCE cov: 1130 ft: 3767 corp: 300/115Kb lim: 3369 exec/s: 580 rss: 459Mb L: 54/2171 MS: 1 EraseBytes-
#342845	NEW    cov: 1130 ft: 3768 corp: 301/116Kb lim: 3402 exec/s: 580 rss: 459Mb L: 1155/2171 MS: 2 ChangeBit-CrossOver-
#343527	REDUCE cov: 1130 ft: 3768 corp: 301/116Kb lim: 3402 exec/s: 579 rss: 459Mb L: 1212/2171 MS: 2 ChangeByte-EraseBytes-
#344254	REDUCE cov: 1130 ft: 3769 corp: 302/117Kb lim: 3402 exec/s: 578 rss: 459Mb L: 1158/2171 MS: 2 ShuffleBytes-PersAutoDict- DE: "\002\001\000\000\000\000\000\000\000\004\000\000\000\000\000\000\000\000\000\000\000\000[\000\000\000\000\000\000\000\000\000"-
#346335	REDUCE cov: 1130 ft: 3769 corp: 302/117Kb lim: 3413 exec/s: 578 rss: 459Mb L: 1051/2171 MS: 1 EraseBytes-
#347867	REDUCE cov: 1130 ft: 3769 corp: 302/117Kb lim: 3424 exec/s: 576 rss: 459Mb L: 630/2171 MS: 2 InsertRepeatedBytes-EraseBytes-
#348578	REDUCE cov: 1130 ft: 3769 corp: 302/117Kb lim: 3424 exec/s: 577 rss: 459Mb L: 26/2171 MS: 1 EraseBytes-
#348784	REDUCE cov: 1130 ft: 3772 corp: 303/117Kb lim: 3424 exec/s: 576 rss: 459Mb L: 540/2171 MS: 1 CrossOver-
#348810	REDUCE cov: 1130 ft: 3772 corp: 303/117Kb lim: 3424 exec/s: 576 rss: 459Mb L: 251/2171 MS: 1 EraseBytes-
#349432	REDUCE cov: 1130 ft: 3772 corp: 303/117Kb lim: 3424 exec/s: 576 rss: 459Mb L: 844/2171 MS: 2 ChangeBit-EraseBytes-
#349889	REDUCE cov: 1130 ft: 3772 corp: 303/117Kb lim: 3424 exec/s: 576 rss: 459Mb L: 1026/2171 MS: 2 ChangeBinInt-EraseBytes-
#351175	REDUCE cov: 1130 ft: 3772 corp: 303/117Kb lim: 3435 exec/s: 575 rss: 459Mb L: 1248/2171 MS: 1 EraseBytes-
#353260	NEW    cov: 1130 ft: 3773 corp: 304/119Kb lim: 3446 exec/s: 574 rss: 459Mb L: 1807/2171 MS: 5 ChangeByte-EraseBytes-CopyPart-InsertByte-CMP- DE: "\377\377\377\377\377\377\377\006"-
#354438	NEW    cov: 1131 ft: 3774 corp: 305/119Kb lim: 3457 exec/s: 573 rss: 460Mb L: 278/2171 MS: 3 ChangeASCIIInt-CMP-CMP- DE: "\035\001\000\000\000\000\000\000"-"\001\000\000\000\000\000\000x"-
#354493	NEW    cov: 1131 ft: 3775 corp: 306/121Kb lim: 3457 exec/s: 573 rss: 460Mb L: 1944/2171 MS: 5 InsertRepeatedBytes-InsertRepeatedBytes-PersAutoDict-InsertByte-ChangeByte- DE: "\016\016\016\016\016\012\016\016\016\016\016\016\016\016\016\016\016\016\016\016\016\016\016\016\016(\016\016\016\000\000\000"-
#355041	REDUCE cov: 1131 ft: 3781 corp: 307/121Kb lim: 3457 exec/s: 573 rss: 460Mb L: 439/2171 MS: 3 ChangeBit-InsertRepeatedBytes-ChangeBit-
#355179	REDUCE cov: 1131 ft: 3781 corp: 307/121Kb lim: 3457 exec/s: 573 rss: 460Mb L: 1434/2171 MS: 3 CMP-ChangeBit-EraseBytes- DE: "\033\000\000\000\000\000\000\000"-
#356913	REDUCE cov: 1131 ft: 3781 corp: 307/121Kb lim: 3468 exec/s: 572 rss: 460Mb L: 438/2171 MS: 4 ChangeBit-CopyPart-ShuffleBytes-EraseBytes-
#357094	REDUCE cov: 1131 ft: 3781 corp: 307/121Kb lim: 3468 exec/s: 572 rss: 460Mb L: 155/2171 MS: 1 EraseBytes-
#357780	REDUCE cov: 1131 ft: 3781 corp: 307/120Kb lim: 3468 exec/s: 572 rss: 460Mb L: 1317/2171 MS: 1 EraseBytes-
#358116	REDUCE cov: 1131 ft: 3781 corp: 307/120Kb lim: 3468 exec/s: 572 rss: 460Mb L: 336/2171 MS: 1 EraseBytes-
#358487	REDUCE cov: 1131 ft: 3781 corp: 307/120Kb lim: 3468 exec/s: 572 rss: 460Mb L: 419/2171 MS: 1 EraseBytes-
#359018	REDUCE cov: 1131 ft: 3781 corp: 307/120Kb lim: 3468 exec/s: 572 rss: 460Mb L: 287/2171 MS: 1 EraseBytes-
#359476	REDUCE cov: 1131 ft: 3781 corp: 307/120Kb lim: 3468 exec/s: 572 rss: 460Mb L: 541/2171 MS: 3 ShuffleBytes-CMP-EraseBytes- DE: "\016\016\016\000\000\000\000\000\000\004\000\000\001\000\000\000\000\000\000\000\000\033\223q\340\031_\020\232\300\030\243"-
#361982	REDUCE cov: 1131 ft: 3783 corp: 308/122Kb lim: 3490 exec/s: 570 rss: 460Mb L: 1434/2171 MS: 1 CopyPart-
#362713	REDUCE cov: 1131 ft: 3783 corp: 308/122Kb lim: 3490 exec/s: 570 rss: 460Mb L: 1312/2171 MS: 1 EraseBytes-
#362980	REDUCE cov: 1131 ft: 3783 corp: 308/122Kb lim: 3490 exec/s: 569 rss: 460Mb L: 133/2171 MS: 2 ChangeByte-EraseBytes-
#363788	REDUCE cov: 1131 ft: 3783 corp: 308/121Kb lim: 3490 exec/s: 569 rss: 460Mb L: 1247/2171 MS: 3 ChangeBinInt-ChangeByte-EraseBytes-
#363794	REDUCE cov: 1131 ft: 3790 corp: 309/122Kb lim: 3490 exec/s: 569 rss: 460Mb L: 461/2171 MS: 1 CopyPart-
#363842	REDUCE cov: 1131 ft: 3790 corp: 309/122Kb lim: 3490 exec/s: 569 rss: 460Mb L: 1618/2171 MS: 3 CopyPart-EraseBytes-EraseBytes-
#364732	REDUCE cov: 1131 ft: 3790 corp: 309/122Kb lim: 3490 exec/s: 569 rss: 460Mb L: 1200/2171 MS: 5 ChangeBit-ShuffleBytes-ChangeBit-ChangeASCIIInt-CrossOver-
#365393	REDUCE cov: 1131 ft: 3790 corp: 309/122Kb lim: 3490 exec/s: 569 rss: 460Mb L: 1428/2171 MS: 1 EraseBytes-
#365537	REDUCE cov: 1131 ft: 3790 corp: 309/122Kb lim: 3490 exec/s: 568 rss: 460Mb L: 255/2171 MS: 4 CrossOver-ChangeBinInt-CMP-EraseBytes- DE: "\000\314\000\000\000\000\000\000\000\000\000\000\000\000\000\000\000\000\000\000\000\000\000\000\001\002\000\000\000\000\000\000"-
#368273	REDUCE cov: 1131 ft: 3793 corp: 310/123Kb lim: 3512 exec/s: 567 rss: 460Mb L: 852/2171 MS: 1 PersAutoDict- DE: "\377\377\377\377\377\377\377\006"-
#369465	REDUCE cov: 1131 ft: 3793 corp: 310/123Kb lim: 3523 exec/s: 566 rss: 460Mb L: 141/2171 MS: 2 CopyPart-EraseBytes-
#369976	REDUCE cov: 1131 ft: 3793 corp: 310/122Kb lim: 3523 exec/s: 566 rss: 460Mb L: 1124/2171 MS: 1 EraseBytes-
#370063	REDUCE cov: 1131 ft: 3793 corp: 310/122Kb lim: 3523 exec/s: 566 rss: 460Mb L: 1235/2171 MS: 2 PersAutoDict-EraseBytes- DE: "\377\377\377\377\377\377\377\032"-
#371375	REDUCE cov: 1131 ft: 3793 corp: 310/122Kb lim: 3534 exec/s: 566 rss: 460Mb L: 1306/2171 MS: 2 ShuffleBytes-EraseBytes-
#374226	REDUCE cov: 1131 ft: 3793 corp: 310/122Kb lim: 3556 exec/s: 566 rss: 460Mb L: 1571/2171 MS: 1 EraseBytes-
#375746	REDUCE cov: 1131 ft: 3793 corp: 310/122Kb lim: 3567 exec/s: 566 rss: 460Mb L: 273/2171 MS: 5 ChangeASCIIInt-ChangeBinInt-InsertByte-ChangeASCIIInt-EraseBytes-
#376334	NEW    cov: 1131 ft: 3794 corp: 311/123Kb lim: 3567 exec/s: 566 rss: 460Mb L: 1166/2171 MS: 3 PersAutoDict-ChangeBit-CopyPart- DE: "\377\377\377\377\377\377\377\032"-
#379060	REDUCE cov: 1131 ft: 3794 corp: 311/123Kb lim: 3589 exec/s: 565 rss: 461Mb L: 1125/2171 MS: 1 EraseBytes-
#380969	REDUCE cov: 1131 ft: 3794 corp: 311/123Kb lim: 3600 exec/s: 564 rss: 462Mb L: 1008/2171 MS: 4 CrossOver-EraseBytes-ChangeByte-InsertRepeatedBytes-
#385660	REDUCE cov: 1131 ft: 3794 corp: 311/123Kb lim: 3644 exec/s: 563 rss: 462Mb L: 987/2171 MS: 1 EraseBytes-
#385906	REDUCE cov: 1131 ft: 3794 corp: 311/123Kb lim: 3644 exec/s: 564 rss: 462Mb L: 252/2171 MS: 1 EraseBytes-
#388686	REDUCE cov: 1131 ft: 3794 corp: 311/123Kb lim: 3666 exec/s: 563 rss: 462Mb L: 839/2171 MS: 5 InsertByte-ChangeBit-ChangeBit-InsertRepeatedBytes-CrossOver-
#391877	REDUCE cov: 1131 ft: 3794 corp: 311/123Kb lim: 3688 exec/s: 562 rss: 462Mb L: 1530/2171 MS: 1 EraseBytes-
#395130	REDUCE cov: 1131 ft: 3794 corp: 311/123Kb lim: 3710 exec/s: 559 rss: 462Mb L: 980/2171 MS: 3 ChangeByte-ChangeBit-EraseBytes-
#397123	REDUCE cov: 1131 ft: 3794 corp: 311/123Kb lim: 3721 exec/s: 559 rss: 462Mb L: 1018/2171 MS: 3 ChangeBinInt-ChangeBit-EraseBytes-
#399676	REDUCE cov: 1131 ft: 3794 corp: 311/123Kb lim: 3743 exec/s: 558 rss: 462Mb L: 1015/2171 MS: 3 CopyPart-CMP-EraseBytes- DE: "\012\000\000\000\000\000\000\000"-
#400053	REDUCE cov: 1131 ft: 3794 corp: 311/123Kb lim: 3743 exec/s: 558 rss: 462Mb L: 837/2171 MS: 2 CMP-EraseBytes- DE: "\377\377\377\377\377\377\377\011"-
#401438	REDUCE cov: 1131 ft: 3794 corp: 311/123Kb lim: 3754 exec/s: 559 rss: 462Mb L: 53/2171 MS: 5 ShuffleBytes-CopyPart-ChangeByte-CrossOver-EraseBytes-
#402980	REDUCE cov: 1131 ft: 3795 corp: 312/124Kb lim: 3765 exec/s: 558 rss: 462Mb L: 1531/2171 MS: 2 PersAutoDict-InsertByte- DE: "\000\000\000\000\000\000\000\244\244\244\244\244\244\000\000\000\004\000\000\007\000\000\000\000\000\000\000\001\000\000\000\000"-
#407504	REDUCE cov: 1131 ft: 3796 corp: 313/124Kb lim: 3809 exec/s: 556 rss: 462Mb L: 249/2171 MS: 4 CrossOver-EraseBytes-ChangeASCIIInt-PersAutoDict- DE: "\342\000\000\000"-
#408315	REDUCE cov: 1131 ft: 3796 corp: 313/124Kb lim: 3809 exec/s: 554 rss: 470Mb L: 668/2171 MS: 1 EraseBytes-
#409081	REDUCE cov: 1131 ft: 3796 corp: 313/124Kb lim: 3809 exec/s: 551 rss: 481Mb L: 1459/2171 MS: 1 EraseBytes-
#409127	REDUCE cov: 1131 ft: 3796 corp: 313/124Kb lim: 3809 exec/s: 551 rss: 483Mb L: 1164/2171 MS: 1 EraseBytes-
#411338	REDUCE cov: 1131 ft: 3796 corp: 313/124Kb lim: 3831 exec/s: 543 rss: 487Mb L: 1229/2171 MS: 1 EraseBytes-
#411586	REDUCE cov: 1131 ft: 3796 corp: 313/124Kb lim: 3831 exec/s: 542 rss: 487Mb L: 1327/2171 MS: 3 ChangeBit-InsertRepeatedBytes-EraseBytes-
#411739	REDUCE cov: 1131 ft: 3796 corp: 313/124Kb lim: 3831 exec/s: 542 rss: 487Mb L: 56/2171 MS: 3 CMP-PersAutoDict-EraseBytes- DE: "7\000\000\000"-"\000\000\000\000"-
#417912	REDUCE cov: 1131 ft: 3796 corp: 313/124Kb lim: 3886 exec/s: 525 rss: 487Mb L: 1162/2171 MS: 3 ShuffleBytes-CrossOver-EraseBytes-
#419434	NEW    cov: 1131 ft: 3797 corp: 314/124Kb lim: 3897 exec/s: 522 rss: 487Mb L: 427/2171 MS: 2 CopyPart-CMP- DE: "\353\377\377\377"-
#420637	REDUCE cov: 1131 ft: 3797 corp: 314/124Kb lim: 3908 exec/s: 519 rss: 487Mb L: 924/2171 MS: 3 ChangeBinInt-ChangeBinInt-EraseBytes-
#421318	REDUCE cov: 1131 ft: 3797 corp: 314/124Kb lim: 3908 exec/s: 518 rss: 487Mb L: 363/2171 MS: 1 EraseBytes-
#423370	REDUCE cov: 1133 ft: 3814 corp: 315/126Kb lim: 3919 exec/s: 512 rss: 487Mb L: 1947/2171 MS: 2 ChangeBinInt-CrossOver-
#424707	NEW    cov: 1134 ft: 3823 corp: 316/128Kb lim: 3930 exec/s: 512 rss: 487Mb L: 1947/2171 MS: 2 ShuffleBytes-CrossOver-
#424876	NEW    cov: 1134 ft: 3833 corp: 317/130Kb lim: 3930 exec/s: 511 rss: 487Mb L: 2103/2171 MS: 4 InsertRepeatedBytes-ChangeByte-ShuffleBytes-CrossOver-
#425908	NEW    cov: 1134 ft: 3834 corp: 318/134Kb lim: 3930 exec/s: 511 rss: 493Mb L: 3861/3861 MS: 2 CMP-CopyPart- DE: "\001\000\000\000\000\000\000\006"-
#427638	NEW    cov: 1134 ft: 3836 corp: 319/136Kb lim: 3941 exec/s: 511 rss: 495Mb L: 2189/3861 MS: 5 InsertByte-ChangeBit-CMP-CMP-CrossOver- DE: "\377\377\377\377\377\377\377\377\377\377\377\377\377\377\377\377\377\377\001\003\000\000\000\000\000r\000\001\000\000\000\000"-"\014\000\000\000\000\000\000\000"-
#427971	REDUCE cov: 1134 ft: 3836 corp: 319/134Kb lim: 3941 exec/s: 511 rss: 495Mb L: 2213/2213 MS: 3 ChangeBit-InsertRepeatedBytes-EraseBytes-
#428167	NEW    cov: 1134 ft: 3837 corp: 320/136Kb lim: 3941 exec/s: 510 rss: 495Mb L: 2204/2213 MS: 1 InsertRepeatedBytes-
#428943	REDUCE cov: 1134 ft: 3837 corp: 320/136Kb lim: 3941 exec/s: 511 rss: 495Mb L: 390/2213 MS: 1 EraseBytes-
#429009	NEW    cov: 1134 ft: 3838 corp: 321/138Kb lim: 3941 exec/s: 511 rss: 495Mb L: 2101/2213 MS: 1 EraseBytes-
#429096	REDUCE cov: 1134 ft: 3838 corp: 321/138Kb lim: 3941 exec/s: 511 rss: 495Mb L: 1661/2213 MS: 2 ChangeByte-EraseBytes-
#429904	NEW    cov: 1134 ft: 3839 corp: 322/140Kb lim: 3941 exec/s: 511 rss: 495Mb L: 2191/2213 MS: 3 ChangeByte-InsertByte-InsertByte-
#430495	REDUCE cov: 1134 ft: 3839 corp: 322/140Kb lim: 3941 exec/s: 511 rss: 495Mb L: 1471/2213 MS: 1 EraseBytes-
#430796	REDUCE cov: 1134 ft: 3839 corp: 322/139Kb lim: 3941 exec/s: 511 rss: 495Mb L: 1743/2213 MS: 1 EraseBytes-
#432549	REDUCE cov: 1134 ft: 3839 corp: 322/139Kb lim: 3952 exec/s: 510 rss: 495Mb L: 406/2213 MS: 3 ChangeASCIIInt-CMP-EraseBytes- DE: "\005\000"-
#433240	REDUCE cov: 1134 ft: 3839 corp: 322/139Kb lim: 3952 exec/s: 510 rss: 495Mb L: 1560/2213 MS: 1 EraseBytes-
#434308	REDUCE cov: 1134 ft: 3839 corp: 322/139Kb lim: 3952 exec/s: 510 rss: 495Mb L: 474/2213 MS: 3 ChangeBinInt-ChangeBit-EraseBytes-
#434715	REDUCE cov: 1134 ft: 3839 corp: 322/139Kb lim: 3952 exec/s: 510 rss: 495Mb L: 1529/2213 MS: 2 ChangeBit-EraseBytes-
#434952	REDUCE cov: 1134 ft: 3845 corp: 323/140Kb lim: 3952 exec/s: 510 rss: 495Mb L: 1906/2213 MS: 2 CrossOver-InsertRepeatedBytes-
#435134	REDUCE cov: 1134 ft: 3858 corp: 324/142Kb lim: 3952 exec/s: 510 rss: 495Mb L: 1778/2213 MS: 2 ChangeByte-InsertRepeatedBytes-
#435558	REDUCE cov: 1134 ft: 3858 corp: 324/142Kb lim: 3952 exec/s: 510 rss: 495Mb L: 1527/2213 MS: 4 ChangeByte-ShuffleBytes-ShuffleBytes-EraseBytes-
#435897	REDUCE cov: 1134 ft: 3858 corp: 324/141Kb lim: 3952 exec/s: 510 rss: 495Mb L: 1609/2191 MS: 4 ChangeBit-ChangeASCIIInt-ChangeByte-EraseBytes-
#436389	REDUCE cov: 1134 ft: 3858 corp: 324/141Kb lim: 3952 exec/s: 510 rss: 495Mb L: 251/2191 MS: 2 InsertRepeatedBytes-EraseBytes-
#437207	REDUCE cov: 1134 ft: 3858 corp: 324/141Kb lim: 3952 exec/s: 510 rss: 495Mb L: 535/2191 MS: 3 ShuffleBytes-ChangeBit-EraseBytes-
#437451	REDUCE cov: 1134 ft: 3858 corp: 324/141Kb lim: 3952 exec/s: 509 rss: 495Mb L: 2138/2189 MS: 4 ShuffleBytes-ChangeBinInt-ShuffleBytes-EraseBytes-
#437907	REDUCE cov: 1134 ft: 3858 corp: 324/141Kb lim: 3952 exec/s: 509 rss: 495Mb L: 357/2189 MS: 1 EraseBytes-
#438059	REDUCE cov: 1134 ft: 3858 corp: 324/141Kb lim: 3952 exec/s: 509 rss: 495Mb L: 1169/2189 MS: 2 ChangeBinInt-EraseBytes-
#438236	NEW    cov: 1134 ft: 3859 corp: 325/143Kb lim: 3952 exec/s: 510 rss: 495Mb L: 2189/2189 MS: 2 ChangeBinInt-CopyPart-
#438487	REDUCE cov: 1134 ft: 3861 corp: 326/145Kb lim: 3952 exec/s: 509 rss: 495Mb L: 1621/2189 MS: 1 InsertRepeatedBytes-
#438830	REDUCE cov: 1134 ft: 3861 corp: 326/145Kb lim: 3952 exec/s: 509 rss: 495Mb L: 1262/2189 MS: 3 InsertByte-ChangeBit-EraseBytes-
#439447	NEW    cov: 1134 ft: 3862 corp: 327/147Kb lim: 3952 exec/s: 509 rss: 495Mb L: 1778/2189 MS: 2 ChangeASCIIInt-ChangeBit-
#439838	REDUCE cov: 1134 ft: 3862 corp: 327/147Kb lim: 3952 exec/s: 509 rss: 495Mb L: 2024/2189 MS: 1 CrossOver-
#441401	REDUCE cov: 1134 ft: 3862 corp: 327/146Kb lim: 3963 exec/s: 509 rss: 495Mb L: 1416/2171 MS: 3 CMP-ChangeByte-EraseBytes- DE: "\001\000\000\000\000\000\000\000"-
#441437	REDUCE cov: 1134 ft: 3862 corp: 327/146Kb lim: 3963 exec/s: 509 rss: 495Mb L: 1988/2171 MS: 1 EraseBytes-
#443723	REDUCE cov: 1134 ft: 3862 corp: 327/146Kb lim: 3985 exec/s: 508 rss: 495Mb L: 1893/2171 MS: 1 EraseBytes-
#443987	REDUCE cov: 1134 ft: 3862 corp: 327/146Kb lim: 3985 exec/s: 509 rss: 495Mb L: 1020/2171 MS: 4 EraseBytes-ChangeBinInt-PersAutoDict-InsertRepeatedBytes- DE: "\012\000\000\000\000\000\000\000"-
#444189	REDUCE cov: 1134 ft: 3862 corp: 327/146Kb lim: 3985 exec/s: 509 rss: 495Mb L: 54/2171 MS: 2 CopyPart-EraseBytes-
#445300	REDUCE cov: 1134 ft: 3864 corp: 328/147Kb lim: 3996 exec/s: 509 rss: 495Mb L: 1517/2171 MS: 1 CrossOver-
#445631	REDUCE cov: 1134 ft: 3864 corp: 328/147Kb lim: 3996 exec/s: 509 rss: 495Mb L: 359/2171 MS: 1 EraseBytes-
#445829	REDUCE cov: 1134 ft: 3864 corp: 328/147Kb lim: 3996 exec/s: 509 rss: 495Mb L: 1324/2171 MS: 3 ShuffleBytes-InsertRepeatedBytes-EraseBytes-
#446866	REDUCE cov: 1134 ft: 3864 corp: 328/147Kb lim: 3996 exec/s: 509 rss: 495Mb L: 1442/2171 MS: 2 CMP-EraseBytes- DE: "\375\377\377\377"-
#447782	REDUCE cov: 1134 ft: 3864 corp: 328/146Kb lim: 3996 exec/s: 510 rss: 495Mb L: 664/2171 MS: 1 EraseBytes-
#448478	REDUCE cov: 1134 ft: 3864 corp: 328/146Kb lim: 3996 exec/s: 510 rss: 495Mb L: 1175/2171 MS: 1 EraseBytes-
#450275	REDUCE cov: 1134 ft: 3864 corp: 328/146Kb lim: 4007 exec/s: 510 rss: 495Mb L: 236/2171 MS: 2 ChangeByte-EraseBytes-
#451875	NEW    cov: 1134 ft: 3865 corp: 329/148Kb lim: 4018 exec/s: 510 rss: 495Mb L: 1622/2171 MS: 5 ShuffleBytes-CrossOver-ChangeByte-ChangeBit-InsertByte-
#453047	REDUCE cov: 1134 ft: 3865 corp: 329/148Kb lim: 4029 exec/s: 510 rss: 496Mb L: 409/2171 MS: 2 EraseBytes-PersAutoDict- DE: "\000\314\000\000\000\000\000\000\000\000\000\000\000\000\000\000\000\000\000\000\000\000\000\000\001\002\000\000\000\000\000\000"-
#453622	REDUCE cov: 1134 ft: 3865 corp: 329/148Kb lim: 4029 exec/s: 509 rss: 497Mb L: 1759/2171 MS: 5 InsertRepeatedBytes-InsertRepeatedBytes-CopyPart-ChangeBit-EraseBytes-
#453828	REDUCE cov: 1134 ft: 3865 corp: 329/148Kb lim: 4029 exec/s: 509 rss: 498Mb L: 1938/2171 MS: 1 EraseBytes-
#454894	NEW    cov: 1134 ft: 3866 corp: 330/149Kb lim: 4029 exec/s: 507 rss: 498Mb L: 1701/2171 MS: 1 InsertRepeatedBytes-
#454987	REDUCE cov: 1134 ft: 3866 corp: 330/149Kb lim: 4029 exec/s: 507 rss: 498Mb L: 1483/2171 MS: 3 ChangeByte-CopyPart-EraseBytes-
#455169	REDUCE cov: 1134 ft: 3866 corp: 330/149Kb lim: 4029 exec/s: 507 rss: 498Mb L: 67/2171 MS: 2 ChangeBit-EraseBytes-
#456038	REDUCE cov: 1134 ft: 3866 corp: 330/149Kb lim: 4029 exec/s: 505 rss: 498Mb L: 1537/2171 MS: 4 ChangeByte-ChangeByte-ShuffleBytes-EraseBytes-
#456529	REDUCE cov: 1134 ft: 3866 corp: 330/149Kb lim: 4029 exec/s: 505 rss: 498Mb L: 640/2171 MS: 1 EraseBytes-
#458296	REDUCE cov: 1134 ft: 3866 corp: 330/149Kb lim: 4040 exec/s: 503 rss: 498Mb L: 1442/2171 MS: 2 ChangeByte-EraseBytes-
#458973	REDUCE cov: 1134 ft: 3866 corp: 330/149Kb lim: 4040 exec/s: 502 rss: 498Mb L: 227/2171 MS: 2 InsertRepeatedBytes-EraseBytes-
#460055	REDUCE cov: 1134 ft: 3874 corp: 331/151Kb lim: 4040 exec/s: 501 rss: 498Mb L: 1938/2171 MS: 2 ChangeASCIIInt-ChangeBit-
#461907	REDUCE cov: 1134 ft: 3874 corp: 331/151Kb lim: 4051 exec/s: 500 rss: 498Mb L: 558/2171 MS: 2 ChangeBinInt-EraseBytes-
#462113	NEW    cov: 1134 ft: 3878 corp: 332/152Kb lim: 4051 exec/s: 500 rss: 498Mb L: 1621/2171 MS: 1 ChangeBinInt-
#462739	REDUCE cov: 1134 ft: 3878 corp: 332/152Kb lim: 4051 exec/s: 500 rss: 498Mb L: 53/2171 MS: 1 EraseBytes-
#462770	REDUCE cov: 1134 ft: 3880 corp: 333/153Kb lim: 4051 exec/s: 500 rss: 498Mb L: 290/2171 MS: 1 CrossOver-
#463476	REDUCE cov: 1134 ft: 3880 corp: 333/152Kb lim: 4051 exec/s: 500 rss: 498Mb L: 1567/2171 MS: 1 EraseBytes-
#463615	REDUCE cov: 1134 ft: 3880 corp: 333/152Kb lim: 4051 exec/s: 500 rss: 498Mb L: 1596/2171 MS: 4 ChangeBit-EraseBytes-ChangeASCIIInt-CopyPart-
#463811	REDUCE cov: 1134 ft: 3880 corp: 333/152Kb lim: 4051 exec/s: 500 rss: 498Mb L: 1646/2171 MS: 1 EraseBytes-
#464746	REDUCE cov: 1134 ft: 3944 corp: 334/154Kb lim: 4051 exec/s: 500 rss: 498Mb L: 2365/2365 MS: 5 ChangeBinInt-CMP-ShuffleBytes-CopyPart-EraseBytes- DE: "\021\000\000\000\000\000\000\000"-
#465318	NEW    cov: 1134 ft: 3945 corp: 335/158Kb lim: 4051 exec/s: 500 rss: 498Mb L: 3787/3787 MS: 2 ChangeBinInt-CopyPart-
#465691	NEW    cov: 1134 ft: 3946 corp: 336/161Kb lim: 4051 exec/s: 500 rss: 499Mb L: 2875/3787 MS: 3 ChangeBit-ChangeBit-EraseBytes-
#465975	REDUCE cov: 1134 ft: 3946 corp: 336/161Kb lim: 4051 exec/s: 499 rss: 499Mb L: 1237/3787 MS: 4 ShuffleBytes-ShuffleBytes-ChangeBit-EraseBytes-
#466058	NEW    cov: 1134 ft: 3947 corp: 337/164Kb lim: 4051 exec/s: 499 rss: 499Mb L: 3819/3819 MS: 3 InsertByte-InsertRepeatedBytes-EraseBytes-
#466285	REDUCE cov: 1134 ft: 3947 corp: 337/164Kb lim: 4051 exec/s: 499 rss: 500Mb L: 1744/3819 MS: 2 ShuffleBytes-EraseBytes-
#466772	REDUCE cov: 1134 ft: 3947 corp: 337/164Kb lim: 4051 exec/s: 499 rss: 500Mb L: 219/3819 MS: 2 ChangeBinInt-EraseBytes-
#466971	REDUCE cov: 1134 ft: 3947 corp: 337/164Kb lim: 4051 exec/s: 499 rss: 500Mb L: 1238/3819 MS: 4 ChangeASCIIInt-CopyPart-CrossOver-EraseBytes-
#468526	NEW    cov: 1134 ft: 3949 corp: 338/167Kb lim: 4062 exec/s: 499 rss: 500Mb L: 2907/3819 MS: 5 ChangeBinInt-ChangeBinInt-ChangeBit-ChangeBinInt-CMP- DE: "\000b\000\000\000\000\000\000\000\003\000\000\000\000\000\000\000\002\000\000\000\000\000\000\000\001\000\000\000\000\000\000"-
#469052	REDUCE cov: 1134 ft: 3949 corp: 338/167Kb lim: 4062 exec/s: 498 rss: 500Mb L: 1607/3819 MS: 1 EraseBytes-
#469244	REDUCE cov: 1134 ft: 3949 corp: 338/167Kb lim: 4062 exec/s: 499 rss: 500Mb L: 1581/3819 MS: 2 ShuffleBytes-EraseBytes-
#469462	REDUCE cov: 1134 ft: 3951 corp: 339/168Kb lim: 4062 exec/s: 499 rss: 500Mb L: 977/3819 MS: 3 ShuffleBytes-CopyPart-ChangeBit-
#469748	REDUCE cov: 1134 ft: 3951 corp: 339/167Kb lim: 4062 exec/s: 499 rss: 500Mb L: 674/3819 MS: 1 EraseBytes-
#470574	NEW    cov: 1134 ft: 3952 corp: 340/170Kb lim: 4062 exec/s: 499 rss: 500Mb L: 2865/3819 MS: 1 EraseBytes-
#470879	REDUCE cov: 1134 ft: 3952 corp: 340/169Kb lim: 4062 exec/s: 498 rss: 500Mb L: 2771/3819 MS: 5 EraseBytes-ChangeByte-ChangeByte-InsertRepeatedBytes-CrossOver-
#471463	REDUCE cov: 1134 ft: 3952 corp: 340/169Kb lim: 4062 exec/s: 498 rss: 500Mb L: 1142/3819 MS: 4 InsertRepeatedBytes-InsertRepeatedBytes-ChangeBinInt-EraseBytes-
#472714	REDUCE cov: 1134 ft: 3952 corp: 340/169Kb lim: 4073 exec/s: 498 rss: 500Mb L: 2831/3819 MS: 1 EraseBytes-
#473867	REDUCE cov: 1134 ft: 3953 corp: 341/172Kb lim: 4084 exec/s: 498 rss: 500Mb L: 2771/3819 MS: 3 ShuffleBytes-ChangeBit-CrossOver-
#473954	REDUCE cov: 1134 ft: 3953 corp: 341/172Kb lim: 4084 exec/s: 498 rss: 500Mb L: 617/3819 MS: 2 CrossOver-EraseBytes-
#474410	REDUCE cov: 1134 ft: 3953 corp: 341/171Kb lim: 4084 exec/s: 498 rss: 500Mb L: 1627/3819 MS: 1 EraseBytes-
#474715	REDUCE cov: 1134 ft: 3953 corp: 341/171Kb lim: 4084 exec/s: 498 rss: 500Mb L: 1629/3819 MS: 5 ChangeBit-InsertByte-ChangeASCIIInt-EraseBytes-InsertByte-
#474863	NEW    cov: 1134 ft: 3962 corp: 342/175Kb lim: 4084 exec/s: 498 rss: 500Mb L: 3873/3873 MS: 3 CMP-ChangeASCIIInt-CopyPart- DE: "\255\000"-
#475364	REDUCE cov: 1137 ft: 3967 corp: 343/176Kb lim: 4084 exec/s: 498 rss: 500Mb L: 1026/3873 MS: 1 ChangeBit-
#475597	REDUCE cov: 1137 ft: 3967 corp: 343/176Kb lim: 4084 exec/s: 498 rss: 500Mb L: 2642/3873 MS: 3 ShuffleBytes-ChangeByte-EraseBytes-
#476798	REDUCE cov: 1137 ft: 3967 corp: 343/175Kb lim: 4095 exec/s: 498 rss: 500Mb L: 2364/3873 MS: 1 EraseBytes-
#477660	REDUCE cov: 1137 ft: 3967 corp: 343/175Kb lim: 4095 exec/s: 498 rss: 500Mb L: 636/3873 MS: 2 CMP-EraseBytes- DE: "\000\000\000\000\000\000\000\000\000\000\000\000\200\000\000\000\000\000\001\003\000\000\000\000\000\000\000\000b\000\000\000"-
#477993	REDUCE cov: 1137 ft: 3967 corp: 343/175Kb lim: 4095 exec/s: 497 rss: 500Mb L: 3117/3873 MS: 3 InsertRepeatedBytes-ChangeASCIIInt-EraseBytes-
#480510	REDUCE cov: 1137 ft: 3967 corp: 343/174Kb lim: 4096 exec/s: 497 rss: 500Mb L: 3183/3183 MS: 2 ChangeASCIIInt-EraseBytes-
#481022	REDUCE cov: 1137 ft: 3968 corp: 344/176Kb lim: 4096 exec/s: 497 rss: 500Mb L: 2364/3183 MS: 2 ChangeASCIIInt-PersAutoDict- DE: "\377\377\377\377\377\377\377\006"-
#481901	REDUCE cov: 1137 ft: 3968 corp: 344/176Kb lim: 4096 exec/s: 497 rss: 500Mb L: 2695/3117 MS: 4 PersAutoDict-ChangeBit-CopyPart-EraseBytes- DE: "\015\000\000\000\000\000\000\000"-
#482442	REDUCE cov: 1137 ft: 3968 corp: 344/176Kb lim: 4096 exec/s: 497 rss: 500Mb L: 2236/3117 MS: 1 EraseBytes-
#482660	REDUCE cov: 1137 ft: 3969 corp: 345/178Kb lim: 4096 exec/s: 498 rss: 500Mb L: 2457/3117 MS: 3 ChangeBit-EraseBytes-CopyPart-
#484405	REDUCE cov: 1137 ft: 3969 corp: 345/178Kb lim: 4096 exec/s: 497 rss: 500Mb L: 1767/3117 MS: 5 PersAutoDict-ChangeBit-ChangeBinInt-ShuffleBytes-EraseBytes- DE: "\012\000\000\000\000\000\000\000"-
#485651	REDUCE cov: 1137 ft: 3969 corp: 345/178Kb lim: 4096 exec/s: 497 rss: 500Mb L: 2583/3117 MS: 1 EraseBytes-
#485672	NEW    cov: 1137 ft: 3972 corp: 346/180Kb lim: 4096 exec/s: 497 rss: 500Mb L: 2549/3117 MS: 1 CrossOver-
#486222	REDUCE cov: 1137 ft: 3982 corp: 347/182Kb lim: 4096 exec/s: 497 rss: 500Mb L: 2236/3117 MS: 5 ChangeBit-ChangeByte-ChangeASCIIInt-CopyPart-CrossOver-
#486823	REDUCE cov: 1137 ft: 3982 corp: 347/182Kb lim: 4096 exec/s: 497 rss: 500Mb L: 2817/2907 MS: 1 EraseBytes-
#487696	REDUCE cov: 1137 ft: 3982 corp: 347/182Kb lim: 4096 exec/s: 497 rss: 500Mb L: 1480/2907 MS: 3 InsertByte-PersAutoDict-EraseBytes- DE: "\014\000\000\000\000\000\000\000"-
#488718	REDUCE cov: 1137 ft: 3982 corp: 347/182Kb lim: 4096 exec/s: 497 rss: 500Mb L: 2262/2907 MS: 2 ShuffleBytes-CrossOver-
#489870	REDUCE cov: 1137 ft: 3982 corp: 347/182Kb lim: 4096 exec/s: 497 rss: 500Mb L: 468/2907 MS: 2 ChangeBinInt-EraseBytes-
#490366	REDUCE cov: 1137 ft: 3982 corp: 347/182Kb lim: 4096 exec/s: 497 rss: 500Mb L: 1550/2907 MS: 1 EraseBytes-
#493074	REDUCE cov: 1137 ft: 3983 corp: 348/183Kb lim: 4096 exec/s: 497 rss: 500Mb L: 1633/2907 MS: 3 PersAutoDict-ChangeASCIIInt-CMP- DE: "\021\000\000\000\000\000\000\000"-"\377\377\377\244"-
#494805	REDUCE cov: 1137 ft: 3983 corp: 348/183Kb lim: 4096 exec/s: 498 rss: 500Mb L: 880/2907 MS: 1 EraseBytes-
#496363	REDUCE cov: 1137 ft: 3983 corp: 348/183Kb lim: 4096 exec/s: 498 rss: 500Mb L: 1005/2907 MS: 3 CMP-ShuffleBytes-EraseBytes- DE: "\000\000\000\000\000\000\200\000\000\000\000\007\000\000\000\003\000\000\000\000\000\000\000\001\016\016\000\000\000\000\000\000"-
#496771	REDUCE cov: 1137 ft: 3983 corp: 348/183Kb lim: 4096 exec/s: 498 rss: 500Mb L: 2669/2831 MS: 3 ChangeBinInt-InsertRepeatedBytes-EraseBytes-
#497233	REDUCE cov: 1137 ft: 3983 corp: 348/183Kb lim: 4096 exec/s: 498 rss: 500Mb L: 563/2831 MS: 2 CMP-EraseBytes- DE: "\000\000\000\000\000?\000\000\000\000\000\000\000\000\000\000\000\000\000\000\000\000\001\000\000\000\000\010\215\215+\215"-
#497603	REDUCE cov: 1137 ft: 3984 corp: 349/183Kb lim: 4096 exec/s: 498 rss: 500Mb L: 575/2831 MS: 5 CopyPart-CMP-CMP-PersAutoDict-CopyPart- DE: "\377\377\377\377"-"\000\000\000\000\000\000\000\000\000\000\000\000\000\000\000\000\000\000\000\000\000\000\000\000\000\000\000\000\000\000\000\000"-"\015\000\000\000\000\000\000\000"-
#497725	REDUCE cov: 1137 ft: 3984 corp: 349/183Kb lim: 4096 exec/s: 498 rss: 500Mb L: 1215/2831 MS: 2 PersAutoDict-EraseBytes- DE: "\014\000\000\000\000\000\000\000"-
#498011	REDUCE cov: 1137 ft: 3984 corp: 349/183Kb lim: 4096 exec/s: 499 rss: 500Mb L: 2255/2831 MS: 1 EraseBytes-
#500240	REDUCE cov: 1137 ft: 3984 corp: 349/183Kb lim: 4096 exec/s: 498 rss: 500Mb L: 467/2831 MS: 4 CrossOver-EraseBytes-ChangeBinInt-PersAutoDict- DE: "\021\000\000\000\000\000\000\000"-
#500594	REDUCE cov: 1137 ft: 3984 corp: 349/183Kb lim: 4096 exec/s: 498 rss: 500Mb L: 970/2831 MS: 4 InsertByte-ChangeASCIIInt-PersAutoDict-EraseBytes- DE: "\342\000\000\000"-
#500650	REDUCE cov: 1137 ft: 3984 corp: 349/183Kb lim: 4096 exec/s: 498 rss: 500Mb L: 486/2831 MS: 1 CrossOver-
#503252	REDUCE cov: 1137 ft: 3984 corp: 349/183Kb lim: 4096 exec/s: 497 rss: 500Mb L: 2637/2831 MS: 2 CMP-EraseBytes- DE: "\377\377\377\377\377\377\377\377"-
#505264	REDUCE cov: 1137 ft: 3984 corp: 349/183Kb lim: 4096 exec/s: 497 rss: 500Mb L: 2731/2817 MS: 2 ChangeBit-EraseBytes-
#506320	REDUCE cov: 1137 ft: 3984 corp: 349/183Kb lim: 4096 exec/s: 497 rss: 500Mb L: 59/2817 MS: 1 EraseBytes-
#506997	REDUCE cov: 1137 ft: 3984 corp: 349/183Kb lim: 4096 exec/s: 497 rss: 500Mb L: 354/2817 MS: 2 CMP-EraseBytes- DE: "\221\377\377\377"-
#507241	REDUCE cov: 1137 ft: 3984 corp: 349/183Kb lim: 4096 exec/s: 497 rss: 500Mb L: 1427/2817 MS: 4 ChangeBinInt-EraseBytes-ChangeASCIIInt-CMP- DE: "\000\000\000\000\000\000\000\000\000\000\000\000\000\001\003\000\000\000\000\000\000\000\000\000\000\000\000\000\000\000\000\000"-
#509477	REDUCE cov: 1137 ft: 3984 corp: 349/183Kb lim: 4096 exec/s: 496 rss: 500Mb L: 545/2817 MS: 1 EraseBytes-
#509629	REDUCE cov: 1137 ft: 3984 corp: 349/183Kb lim: 4096 exec/s: 496 rss: 500Mb L: 1440/2817 MS: 2 EraseBytes-InsertRepeatedBytes-
#511231	REDUCE cov: 1137 ft: 3984 corp: 349/183Kb lim: 4096 exec/s: 496 rss: 500Mb L: 206/2817 MS: 2 CrossOver-EraseBytes-
#513163	REDUCE cov: 1137 ft: 3984 corp: 349/183Kb lim: 4096 exec/s: 496 rss: 500Mb L: 2564/2817 MS: 2 ChangeBinInt-EraseBytes-
#513419	REDUCE cov: 1137 ft: 3984 corp: 349/183Kb lim: 4096 exec/s: 496 rss: 500Mb L: 2587/2817 MS: 1 CrossOver-
#513760	REDUCE cov: 1137 ft: 3985 corp: 350/185Kb lim: 4096 exec/s: 496 rss: 500Mb L: 2396/2817 MS: 1 PersAutoDict- DE: "\016\016\016\016\016\012\016\016\016\016\016\016\016\016\016\016\016\016\016\016\016\016\016\016\016(\016\016\016\000\000\000"-
#514140	REDUCE cov: 1137 ft: 3985 corp: 350/185Kb lim: 4096 exec/s: 496 rss: 500Mb L: 982/2817 MS: 5 CrossOver-CMP-ChangeByte-PersAutoDict-EraseBytes- DE: "\377\377\377\375"-"\000\000\000\000\000\000\000\000\000\000\000\000\200\000\000\000\000\000\001\003\000\000\000\000\000\000\000\000b\000\000\000"-
#518576	NEW    cov: 1137 ft: 3990 corp: 351/185Kb lim: 4096 exec/s: 493 rss: 506Mb L: 41/2817 MS: 1 ChangeBit-
#521777	REDUCE cov: 1137 ft: 3990 corp: 351/185Kb lim: 4096 exec/s: 493 rss: 506Mb L: 475/2817 MS: 1 EraseBytes-
#522078	REDUCE cov: 1137 ft: 3990 corp: 351/185Kb lim: 4096 exec/s: 492 rss: 506Mb L: 1475/2817 MS: 1 EraseBytes-
#523854	REDUCE cov: 1137 ft: 3990 corp: 351/185Kb lim: 4096 exec/s: 492 rss: 507Mb L: 336/2817 MS: 1 EraseBytes-
#523982	REDUCE cov: 1137 ft: 3990 corp: 351/185Kb lim: 4096 exec/s: 492 rss: 507Mb L: 879/2817 MS: 3 ChangeBit-ChangeBinInt-EraseBytes-
#524288	pulse  cov: 1137 ft: 3990 corp: 351/185Kb lim: 4096 exec/s: 493 rss: 507Mb
#524738	REDUCE cov: 1137 ft: 3990 corp: 351/185Kb lim: 4096 exec/s: 493 rss: 507Mb L: 528/2817 MS: 1 EraseBytes-
#525427	REDUCE cov: 1137 ft: 3990 corp: 351/185Kb lim: 4096 exec/s: 493 rss: 507Mb L: 2480/2817 MS: 4 ChangeASCIIInt-CMP-ChangeBit-EraseBytes- DE: "\001\000\000\000\000\000\000\023"-
#525518	REDUCE cov: 1137 ft: 3990 corp: 351/185Kb lim: 4096 exec/s: 492 rss: 507Mb L: 53/2817 MS: 1 EraseBytes-
#526058	NEW    cov: 1137 ft: 3991 corp: 352/186Kb lim: 4096 exec/s: 493 rss: 507Mb L: 1222/2817 MS: 5 ChangeBit-InsertRepeatedBytes-ChangeBinInt-CMP-InsertRepeatedBytes- DE: "\021\000\000\000\000\000\000\000"-
#526059	REDUCE cov: 1137 ft: 3991 corp: 352/186Kb lim: 4096 exec/s: 493 rss: 507Mb L: 461/2817 MS: 1 EraseBytes-
#531908	REDUCE cov: 1137 ft: 3991 corp: 352/186Kb lim: 4096 exec/s: 488 rss: 507Mb L: 1565/2817 MS: 4 ChangeBinInt-ChangeBinInt-ChangeBinInt-EraseBytes-
#534048	REDUCE cov: 1137 ft: 3991 corp: 352/186Kb lim: 4096 exec/s: 487 rss: 507Mb L: 228/2817 MS: 5 ChangeBit-ChangeByte-CrossOver-ChangeBit-EraseBytes-
#534279	REDUCE cov: 1137 ft: 3991 corp: 352/186Kb lim: 4096 exec/s: 487 rss: 507Mb L: 795/2817 MS: 1 EraseBytes-
#535436	REDUCE cov: 1137 ft: 3991 corp: 352/186Kb lim: 4096 exec/s: 485 rss: 507Mb L: 149/2817 MS: 2 EraseBytes-PersAutoDict- DE: "\000\000\000\000\000\000\000\000\000\000\000\000\000\000\000\016\012\016\016\016\016\016\016\016\016\016\016\016\016\016\016\016"-
#535767	REDUCE cov: 1137 ft: 3991 corp: 352/186Kb lim: 4096 exec/s: 485 rss: 507Mb L: 1437/2817 MS: 1 EraseBytes-
#535793	REDUCE cov: 1137 ft: 3991 corp: 352/186Kb lim: 4096 exec/s: 485 rss: 507Mb L: 1193/2817 MS: 1 EraseBytes-
#537706	REDUCE cov: 1137 ft: 3991 corp: 352/185Kb lim: 4096 exec/s: 483 rss: 507Mb L: 2236/2817 MS: 3 ChangeBit-CopyPart-EraseBytes-
#538597	REDUCE cov: 1137 ft: 3991 corp: 352/185Kb lim: 4096 exec/s: 483 rss: 507Mb L: 1166/2817 MS: 1 EraseBytes-
#538698	REDUCE cov: 1137 ft: 3991 corp: 352/185Kb lim: 4096 exec/s: 483 rss: 507Mb L: 1457/2817 MS: 1 EraseBytes-
#541559	REDUCE cov: 1137 ft: 3991 corp: 352/185Kb lim: 4096 exec/s: 481 rss: 507Mb L: 53/2817 MS: 1 EraseBytes-
#543199	NEW    cov: 1137 ft: 3992 corp: 353/185Kb lim: 4096 exec/s: 481 rss: 507Mb L: 410/2817 MS: 5 CrossOver-ChangeBit-InsertRepeatedBytes-ChangeBinInt-CMP- DE: "\377\377\377\377\377\377\377\012"-
#544470	REDUCE cov: 1137 ft: 3992 corp: 353/185Kb lim: 4096 exec/s: 479 rss: 507Mb L: 633/2817 MS: 1 EraseBytes-
#546239	REDUCE cov: 1137 ft: 3994 corp: 354/188Kb lim: 4096 exec/s: 475 rss: 507Mb L: 2698/2817 MS: 4 ChangeBit-ShuffleBytes-InsertByte-CrossOver-
#546325	REDUCE cov: 1137 ft: 3994 corp: 354/187Kb lim: 4096 exec/s: 475 rss: 507Mb L: 1425/2817 MS: 1 EraseBytes-
#546982	REDUCE cov: 1137 ft: 3994 corp: 354/187Kb lim: 4096 exec/s: 474 rss: 507Mb L: 543/2817 MS: 2 ChangeByte-EraseBytes-
#549663	REDUCE cov: 1137 ft: 3994 corp: 354/187Kb lim: 4096 exec/s: 469 rss: 507Mb L: 979/2817 MS: 1 CrossOver-
#551185	REDUCE cov: 1137 ft: 3994 corp: 354/186Kb lim: 4096 exec/s: 467 rss: 507Mb L: 1225/2817 MS: 2 ChangeBinInt-EraseBytes-
#553446	REDUCE cov: 1137 ft: 3994 corp: 354/186Kb lim: 4096 exec/s: 462 rss: 507Mb L: 2232/2817 MS: 1 EraseBytes-
#554335	REDUCE cov: 1137 ft: 3994 corp: 354/186Kb lim: 4096 exec/s: 461 rss: 507Mb L: 441/2817 MS: 4 PersAutoDict-CopyPart-ChangeBinInt-EraseBytes- DE: "\377\377\377\377\377\377\377\011"-
#556931	REDUCE cov: 1137 ft: 3994 corp: 354/186Kb lim: 4096 exec/s: 457 rss: 507Mb L: 278/2817 MS: 1 EraseBytes-
#557224	REDUCE cov: 1137 ft: 3994 corp: 354/186Kb lim: 4096 exec/s: 457 rss: 507Mb L: 1218/2817 MS: 3 ChangeByte-ShuffleBytes-EraseBytes-
#564490	REDUCE cov: 1137 ft: 3994 corp: 354/186Kb lim: 4096 exec/s: 445 rss: 507Mb L: 545/2817 MS: 1 EraseBytes-
#566481	REDUCE cov: 1137 ft: 3994 corp: 354/186Kb lim: 4096 exec/s: 443 rss: 507Mb L: 1178/2817 MS: 1 EraseBytes-
#566867	REDUCE cov: 1137 ft: 3994 corp: 354/186Kb lim: 4096 exec/s: 442 rss: 507Mb L: 1474/2817 MS: 1 EraseBytes-
#569430	REDUCE cov: 1137 ft: 3994 corp: 354/186Kb lim: 4096 exec/s: 439 rss: 507Mb L: 460/2817 MS: 3 ChangeByte-PersAutoDict-EraseBytes- DE: "\015\000\000\000\000\000\000\000"-
#569801	REDUCE cov: 1137 ft: 3994 corp: 354/186Kb lim: 4096 exec/s: 438 rss: 507Mb L: 825/2817 MS: 1 EraseBytes-
#574228	REDUCE cov: 1137 ft: 3994 corp: 354/186Kb lim: 4096 exec/s: 430 rss: 507Mb L: 687/2817 MS: 2 ShuffleBytes-EraseBytes-
#575869	REDUCE cov: 1137 ft: 3994 corp: 354/186Kb lim: 4096 exec/s: 428 rss: 507Mb L: 1228/2817 MS: 1 EraseBytes-
#576080	REDUCE cov: 1137 ft: 3994 corp: 354/186Kb lim: 4096 exec/s: 428 rss: 507Mb L: 1044/2817 MS: 1 EraseBytes-
#576251	REDUCE cov: 1137 ft: 3994 corp: 354/186Kb lim: 4096 exec/s: 428 rss: 507Mb L: 1530/2817 MS: 1 EraseBytes-
#576679	REDUCE cov: 1137 ft: 3994 corp: 354/186Kb lim: 4096 exec/s: 427 rss: 507Mb L: 2449/2817 MS: 3 ChangeBit-ChangeBit-EraseBytes-
#579585	REDUCE cov: 1137 ft: 3994 corp: 354/186Kb lim: 4096 exec/s: 423 rss: 507Mb L: 429/2817 MS: 1 EraseBytes-
#580537	REDUCE cov: 1137 ft: 3994 corp: 354/186Kb lim: 4096 exec/s: 422 rss: 507Mb L: 1125/2817 MS: 2 CopyPart-EraseBytes-
#580773	REDUCE cov: 1137 ft: 3994 corp: 354/186Kb lim: 4096 exec/s: 422 rss: 507Mb L: 993/2817 MS: 1 EraseBytes-
#582195	REDUCE cov: 1137 ft: 3995 corp: 355/186Kb lim: 4096 exec/s: 420 rss: 507Mb L: 467/2817 MS: 2 ShuffleBytes-ShuffleBytes-
#582485	REDUCE cov: 1137 ft: 3996 corp: 356/187Kb lim: 4096 exec/s: 419 rss: 507Mb L: 576/2817 MS: 5 ChangeBinInt-CMP-ChangeByte-ChangeBit-CrossOver- DE: "\005\000\000\000\000\000\000\000"-
#583572	REDUCE cov: 1137 ft: 3996 corp: 356/187Kb lim: 4096 exec/s: 418 rss: 507Mb L: 348/2817 MS: 2 ChangeBit-EraseBytes-
#594123	REDUCE cov: 1137 ft: 3996 corp: 356/187Kb lim: 4096 exec/s: 406 rss: 507Mb L: 518/2817 MS: 1 EraseBytes-
#602144	REDUCE cov: 1137 ft: 3996 corp: 356/187Kb lim: 4096 exec/s: 396 rss: 507Mb L: 110/2817 MS: 1 EraseBytes-
#603572	REDUCE cov: 1137 ft: 3996 corp: 356/187Kb lim: 4096 exec/s: 395 rss: 507Mb L: 433/2817 MS: 3 ChangeBinInt-ShuffleBytes-EraseBytes-
#604078	REDUCE cov: 1137 ft: 3996 corp: 356/187Kb lim: 4096 exec/s: 394 rss: 507Mb L: 328/2817 MS: 1 EraseBytes-
#614585	REDUCE cov: 1137 ft: 3996 corp: 356/187Kb lim: 4096 exec/s: 383 rss: 507Mb L: 1439/2817 MS: 2 ChangeBinInt-EraseBytes-
#615946	REDUCE cov: 1137 ft: 3996 corp: 356/187Kb lim: 4096 exec/s: 382 rss: 507Mb L: 1161/2817 MS: 1 EraseBytes-
#616381	REDUCE cov: 1137 ft: 3997 corp: 357/188Kb lim: 4096 exec/s: 382 rss: 507Mb L: 1608/2817 MS: 5 ChangeBit-ChangeASCIIInt-ChangeBinInt-InsertByte-CMP- DE: "\000\000\000\000\000\000\000\000\000\000\000\000\000\000\000\000\000\000\000\000\000\000\000\000\000\000\000\000\000\000\000\000"-
#621207	REDUCE cov: 1137 ft: 3997 corp: 357/188Kb lim: 4096 exec/s: 376 rss: 507Mb L: 2342/2817 MS: 1 EraseBytes-
#621864	REDUCE cov: 1137 ft: 3997 corp: 357/188Kb lim: 4096 exec/s: 375 rss: 507Mb L: 2443/2817 MS: 2 PersAutoDict-EraseBytes- DE: "\016\016\016\000\000\000\000\000\000\004\000\000\001\000\000\000\000\000\000\000\000\033\223q\340\031_\020\232\300\030\243"-
#624545	REDUCE cov: 1137 ft: 3997 corp: 357/188Kb lim: 4096 exec/s: 372 rss: 507Mb L: 283/2817 MS: 1 EraseBytes-
#624913	REDUCE cov: 1137 ft: 3997 corp: 357/188Kb lim: 4096 exec/s: 372 rss: 507Mb L: 2373/2817 MS: 3 ShuffleBytes-CopyPart-CrossOver-
#624915	REDUCE cov: 1137 ft: 3997 corp: 357/188Kb lim: 4096 exec/s: 372 rss: 507Mb L: 1194/2817 MS: 2 ShuffleBytes-EraseBytes-
#630662	REDUCE cov: 1137 ft: 3997 corp: 357/188Kb lim: 4096 exec/s: 366 rss: 507Mb L: 799/2817 MS: 2 ChangeASCIIInt-EraseBytes-
#631915	REDUCE cov: 1138 ft: 3998 corp: 358/190Kb lim: 4096 exec/s: 365 rss: 507Mb L: 2133/2817 MS: 3 ChangeByte-CMP-EraseBytes- DE: "\005\000\000\000\000\000\000\000"-
#633244	REDUCE cov: 1138 ft: 3998 corp: 358/189Kb lim: 4096 exec/s: 363 rss: 507Mb L: 1412/2817 MS: 4 CMP-ChangeByte-CrossOver-EraseBytes- DE: "\000\000\000\000\000\001\000\000\000\000\010\215\215+\215\016\000\000\000\000\000\000\000\000\000\000\000\000\000\000\000\000"-
#634708	REDUCE cov: 1138 ft: 3998 corp: 358/189Kb lim: 4096 exec/s: 362 rss: 507Mb L: 992/2817 MS: 4 ChangeBinInt-ChangeBit-CrossOver-EraseBytes-
#635584	REDUCE cov: 1138 ft: 3998 corp: 358/189Kb lim: 4096 exec/s: 362 rss: 507Mb L: 1447/2817 MS: 1 EraseBytes-
#639709	REDUCE cov: 1138 ft: 3998 corp: 358/189Kb lim: 4096 exec/s: 358 rss: 507Mb L: 1765/2817 MS: 5 ChangeByte-ChangeByte-ChangeByte-ChangeBinInt-EraseBytes-
#642000	REDUCE cov: 1138 ft: 3998 corp: 358/189Kb lim: 4096 exec/s: 357 rss: 507Mb L: 1149/2817 MS: 1 EraseBytes-
#649886	REDUCE cov: 1138 ft: 3998 corp: 358/189Kb lim: 4096 exec/s: 350 rss: 507Mb L: 289/2817 MS: 1 EraseBytes-
#651203	REDUCE cov: 1138 ft: 3998 corp: 358/189Kb lim: 4096 exec/s: 349 rss: 507Mb L: 1583/2817 MS: 2 ChangeByte-EraseBytes-
#651400	REDUCE cov: 1138 ft: 3998 corp: 358/189Kb lim: 4096 exec/s: 349 rss: 507Mb L: 561/2817 MS: 2 ChangeBinInt-EraseBytes-
#655632	REDUCE cov: 1138 ft: 3998 corp: 358/189Kb lim: 4096 exec/s: 346 rss: 507Mb L: 1045/2817 MS: 2 CopyPart-EraseBytes-
#659333	REDUCE cov: 1138 ft: 4000 corp: 359/189Kb lim: 4096 exec/s: 343 rss: 507Mb L: 462/2817 MS: 1 PersAutoDict- DE: "\005\000"-
#663527	REDUCE cov: 1138 ft: 4000 corp: 359/189Kb lim: 4096 exec/s: 340 rss: 507Mb L: 1732/2817 MS: 4 ChangeBit-CopyPart-ChangeBit-EraseBytes-
#668593	REDUCE cov: 1138 ft: 4000 corp: 359/189Kb lim: 4096 exec/s: 337 rss: 507Mb L: 1424/2817 MS: 1 EraseBytes-
#671575	REDUCE cov: 1138 ft: 4000 corp: 359/189Kb lim: 4096 exec/s: 335 rss: 507Mb L: 1421/2817 MS: 2 CopyPart-EraseBytes-
#671881	REDUCE cov: 1138 ft: 4000 corp: 359/189Kb lim: 4096 exec/s: 335 rss: 507Mb L: 988/2817 MS: 1 EraseBytes-
#677004	REDUCE cov: 1138 ft: 4000 corp: 359/189Kb lim: 4096 exec/s: 333 rss: 507Mb L: 402/2817 MS: 3 CopyPart-EraseBytes-ChangeBinInt-
#684466	REDUCE cov: 1138 ft: 4000 corp: 359/189Kb lim: 4096 exec/s: 328 rss: 507Mb L: 338/2817 MS: 2 EraseBytes-CopyPart-
#690490	REDUCE cov: 1138 ft: 4000 corp: 359/189Kb lim: 4096 exec/s: 326 rss: 507Mb L: 978/2817 MS: 4 CMP-ShuffleBytes-ShuffleBytes-EraseBytes- DE: "\017\000\000\000\000\000\000\000"-
#691651	REDUCE cov: 1138 ft: 4000 corp: 359/189Kb lim: 4096 exec/s: 325 rss: 507Mb L: 103/2817 MS: 1 EraseBytes-
#698637	REDUCE cov: 1138 ft: 4000 corp: 359/189Kb lim: 4096 exec/s: 322 rss: 507Mb L: 1217/2817 MS: 1 EraseBytes-
#699627	REDUCE cov: 1138 ft: 4000 corp: 359/189Kb lim: 4096 exec/s: 321 rss: 507Mb L: 1012/2817 MS: 5 PersAutoDict-EraseBytes-ChangeByte-ShuffleBytes-CopyPart- DE: "\000\000\000\000\000\000\000\000\000\000\000\000\000\000\000\016\012\016\016\016\016\016\016\016\016\016\016\016\016\016\016\016"-
#700488	REDUCE cov: 1138 ft: 4000 corp: 359/189Kb lim: 4096 exec/s: 320 rss: 507Mb L: 2383/2817 MS: 1 EraseBytes-
#702799	REDUCE cov: 1138 ft: 4000 corp: 359/189Kb lim: 4096 exec/s: 319 rss: 507Mb L: 1579/2817 MS: 1 EraseBytes-
#703140	REDUCE cov: 1138 ft: 4000 corp: 359/189Kb lim: 4096 exec/s: 319 rss: 507Mb L: 2361/2817 MS: 1 EraseBytes-
#703201	REDUCE cov: 1138 ft: 4000 corp: 359/189Kb lim: 4096 exec/s: 319 rss: 507Mb L: 459/2817 MS: 1 EraseBytes-
#703472	REDUCE cov: 1138 ft: 4000 corp: 359/189Kb lim: 4096 exec/s: 319 rss: 507Mb L: 340/2817 MS: 1 EraseBytes-
#705880	REDUCE cov: 1138 ft: 4000 corp: 359/189Kb lim: 4096 exec/s: 317 rss: 507Mb L: 992/2817 MS: 3 ChangeASCIIInt-ChangeByte-EraseBytes-
#712456	REDUCE cov: 1138 ft: 4000 corp: 359/189Kb lim: 4096 exec/s: 314 rss: 507Mb L: 1516/2817 MS: 1 EraseBytes-
#718892	REDUCE cov: 1138 ft: 4000 corp: 359/189Kb lim: 4096 exec/s: 312 rss: 507Mb L: 1050/2817 MS: 1 EraseBytes-
#720658	REDUCE cov: 1138 ft: 4000 corp: 359/188Kb lim: 4096 exec/s: 311 rss: 507Mb L: 2230/2817 MS: 1 EraseBytes-
#721611	REDUCE cov: 1138 ft: 4000 corp: 359/188Kb lim: 4096 exec/s: 311 rss: 507Mb L: 67/2817 MS: 3 EraseBytes-ShuffleBytes-InsertByte-
#721903	REDUCE cov: 1138 ft: 4000 corp: 359/188Kb lim: 4096 exec/s: 311 rss: 507Mb L: 541/2817 MS: 2 ChangeByte-EraseBytes-
#723059	REDUCE cov: 1138 ft: 4000 corp: 359/188Kb lim: 4096 exec/s: 310 rss: 507Mb L: 185/2817 MS: 1 EraseBytes-
#726046	NEW    cov: 1138 ft: 4002 corp: 360/189Kb lim: 4096 exec/s: 309 rss: 507Mb L: 403/2817 MS: 2 ChangeBit-ChangeBit-
#732637	REDUCE cov: 1138 ft: 4002 corp: 360/189Kb lim: 4096 exec/s: 306 rss: 507Mb L: 1252/2817 MS: 1 CrossOver-
#732893	REDUCE cov: 1138 ft: 4003 corp: 361/190Kb lim: 4096 exec/s: 306 rss: 507Mb L: 1026/2817 MS: 1 CopyPart-
#735730	REDUCE cov: 1138 ft: 4003 corp: 361/190Kb lim: 4096 exec/s: 304 rss: 507Mb L: 250/2817 MS: 2 EraseBytes-PersAutoDict- DE: "\000\000\000\000\000\001\000\000\000\000\010\215\215+\215\016\000\000\000\000\000\000\000\000\000\000\000\000\000\000\000\000"-
#735948	REDUCE cov: 1138 ft: 4005 corp: 362/190Kb lim: 4096 exec/s: 304 rss: 507Mb L: 260/2817 MS: 3 InsertByte-CMP-CMP- DE: "\000\000\000\000\000\000\000\000\000\000\001(\001\001\000\000\000\004\000\000\000\000\000\000\000\000\004\000\000\000\000\000"-"\003\000\000\000\000\000\000\000"-
#736641	REDUCE cov: 1138 ft: 4005 corp: 362/190Kb lim: 4096 exec/s: 304 rss: 507Mb L: 1146/2817 MS: 3 PersAutoDict-InsertRepeatedBytes-EraseBytes- DE: "\016\016\016\000\000\000\000\000\000\004\000\000\001\000\000\000\000\000\000\000\000\033\223q\340\031_\020\232\300\030\243"-
#736885	REDUCE cov: 1138 ft: 4005 corp: 362/190Kb lim: 4096 exec/s: 304 rss: 507Mb L: 158/2817 MS: 4 ChangeByte-ChangeBinInt-InsertRepeatedBytes-EraseBytes-
#738642	REDUCE cov: 1138 ft: 4005 corp: 362/190Kb lim: 4096 exec/s: 303 rss: 507Mb L: 117/2817 MS: 2 ChangeByte-EraseBytes-
#748285	REDUCE cov: 1138 ft: 4005 corp: 362/190Kb lim: 4096 exec/s: 299 rss: 507Mb L: 295/2817 MS: 3 CopyPart-ChangeBinInt-EraseBytes-
#755006	REDUCE cov: 1138 ft: 4005 corp: 362/190Kb lim: 4096 exec/s: 296 rss: 507Mb L: 633/2817 MS: 1 EraseBytes-
#761568	REDUCE cov: 1138 ft: 4005 corp: 362/190Kb lim: 4096 exec/s: 293 rss: 507Mb L: 981/2817 MS: 2 EraseBytes-CopyPart-
#763278	REDUCE cov: 1138 ft: 4005 corp: 362/190Kb lim: 4096 exec/s: 293 rss: 507Mb L: 1443/2817 MS: 5 ChangeBit-ChangeByte-ShuffleBytes-ChangeASCIIInt-EraseBytes-
#765785	REDUCE cov: 1138 ft: 4005 corp: 362/190Kb lim: 4096 exec/s: 292 rss: 507Mb L: 979/2817 MS: 2 InsertByte-EraseBytes-
#768696	REDUCE cov: 1138 ft: 4005 corp: 362/190Kb lim: 4096 exec/s: 291 rss: 507Mb L: 281/2817 MS: 1 EraseBytes-
#772997	REDUCE cov: 1138 ft: 4005 corp: 362/190Kb lim: 4096 exec/s: 289 rss: 507Mb L: 1019/2817 MS: 1 EraseBytes-
#776958	REDUCE cov: 1138 ft: 4005 corp: 362/190Kb lim: 4096 exec/s: 287 rss: 507Mb L: 1160/2817 MS: 1 EraseBytes-
#779986	REDUCE cov: 1138 ft: 4005 corp: 362/189Kb lim: 4096 exec/s: 286 rss: 507Mb L: 308/2817 MS: 3 CrossOver-PersAutoDict-EraseBytes- DE: "\003\000\000\000\000\000\000\000"-
#781182	REDUCE cov: 1138 ft: 4005 corp: 362/189Kb lim: 4096 exec/s: 286 rss: 507Mb L: 229/2817 MS: 1 EraseBytes-
#782353	REDUCE cov: 1138 ft: 4005 corp: 362/189Kb lim: 4096 exec/s: 286 rss: 507Mb L: 1124/2817 MS: 1 EraseBytes-
#785217	REDUCE cov: 1138 ft: 4005 corp: 362/189Kb lim: 4096 exec/s: 284 rss: 507Mb L: 214/2817 MS: 4 PersAutoDict-InsertRepeatedBytes-ChangeBit-EraseBytes- DE: "\001\000\000\000\000\000\000\023"-
#787250	REDUCE cov: 1138 ft: 4005 corp: 362/189Kb lim: 4096 exec/s: 283 rss: 507Mb L: 401/2817 MS: 3 ChangeBinInt-EraseBytes-CopyPart-
#788766	REDUCE cov: 1138 ft: 4005 corp: 362/189Kb lim: 4096 exec/s: 283 rss: 507Mb L: 1148/2817 MS: 1 EraseBytes-
#789822	REDUCE cov: 1138 ft: 4005 corp: 362/189Kb lim: 4096 exec/s: 283 rss: 507Mb L: 206/2817 MS: 1 EraseBytes-
#790478	REDUCE cov: 1138 ft: 4005 corp: 362/189Kb lim: 4096 exec/s: 283 rss: 507Mb L: 161/2817 MS: 1 EraseBytes-
#793465	REDUCE cov: 1138 ft: 4005 corp: 362/189Kb lim: 4096 exec/s: 282 rss: 507Mb L: 137/2817 MS: 2 PersAutoDict-EraseBytes- DE: "\000b\000\000\000\000\000\000\000\003\000\000\000\000\000\000\000\002\000\000\000\000\000\000\000\001\000\000\000\000\000\000"-
#800922	REDUCE cov: 1138 ft: 4005 corp: 362/189Kb lim: 4096 exec/s: 279 rss: 507Mb L: 1581/2817 MS: 2 ChangeBit-CrossOver-
#804571	REDUCE cov: 1138 ft: 4006 corp: 363/193Kb lim: 4096 exec/s: 279 rss: 507Mb L: 3552/3552 MS: 4 CrossOver-CopyPart-ChangeByte-ChangeBit-
#809662	REDUCE cov: 1138 ft: 4006 corp: 363/193Kb lim: 4096 exec/s: 277 rss: 507Mb L: 3534/3534 MS: 1 EraseBytes-
#811303	REDUCE cov: 1138 ft: 4006 corp: 363/192Kb lim: 4096 exec/s: 276 rss: 507Mb L: 2754/2817 MS: 1 EraseBytes-
#813915	REDUCE cov: 1138 ft: 4006 corp: 363/192Kb lim: 4096 exec/s: 275 rss: 507Mb L: 1018/2817 MS: 2 ShuffleBytes-EraseBytes-
#821431	REDUCE cov: 1138 ft: 4006 corp: 363/192Kb lim: 4096 exec/s: 273 rss: 507Mb L: 935/2817 MS: 1 EraseBytes-
#822208	REDUCE cov: 1138 ft: 4006 corp: 363/192Kb lim: 4096 exec/s: 273 rss: 507Mb L: 129/2817 MS: 2 PersAutoDict-EraseBytes- DE: "\000\000\000\364"-
#823175	NEW    cov: 1138 ft: 4011 corp: 364/192Kb lim: 4096 exec/s: 272 rss: 507Mb L: 403/2817 MS: 2 ChangeByte-CrossOver-
#824410	REDUCE cov: 1138 ft: 4011 corp: 364/192Kb lim: 4096 exec/s: 272 rss: 507Mb L: 1152/2817 MS: 5 InsertByte-PersAutoDict-ChangeASCIIInt-ChangeBinInt-EraseBytes- DE: "\000\000\000\000\000\000\011\342"-
#824574	REDUCE cov: 1138 ft: 4011 corp: 364/192Kb lim: 4096 exec/s: 272 rss: 507Mb L: 811/2817 MS: 4 ChangeBit-EraseBytes-ChangeBit-InsertRepeatedBytes-
#833502	REDUCE cov: 1138 ft: 4011 corp: 364/192Kb lim: 4096 exec/s: 270 rss: 507Mb L: 1009/2817 MS: 3 CMP-CopyPart-EraseBytes- DE: "\206\377\377\377"-
#838409	REDUCE cov: 1138 ft: 4011 corp: 364/192Kb lim: 4096 exec/s: 268 rss: 507Mb L: 533/2817 MS: 2 ChangeByte-EraseBytes-
#842622	REDUCE cov: 1138 ft: 4011 corp: 364/192Kb lim: 4096 exec/s: 266 rss: 507Mb L: 55/2817 MS: 3 CopyPart-CopyPart-EraseBytes-
#855889	NEW    cov: 1138 ft: 4019 corp: 365/192Kb lim: 4096 exec/s: 263 rss: 507Mb L: 403/2817 MS: 2 CMP-ChangeByte- DE: "\377\377\377\377\377\377\377\024"-
#856731	REDUCE cov: 1138 ft: 4019 corp: 365/192Kb lim: 4096 exec/s: 263 rss: 507Mb L: 466/2817 MS: 2 EraseBytes-CMP- DE: "\012\000\000\000\000\000\000\000"-
#858048	REDUCE cov: 1138 ft: 4019 corp: 365/192Kb lim: 4096 exec/s: 263 rss: 507Mb L: 1605/2817 MS: 2 PersAutoDict-EraseBytes- DE: "\375\377\377\377"-
#858750	REDUCE cov: 1138 ft: 4019 corp: 365/192Kb lim: 4096 exec/s: 262 rss: 507Mb L: 2542/2817 MS: 2 InsertByte-EraseBytes-
#861856	REDUCE cov: 1138 ft: 4019 corp: 365/192Kb lim: 4096 exec/s: 262 rss: 507Mb L: 335/2817 MS: 1 EraseBytes-
#866004	REDUCE cov: 1138 ft: 4019 corp: 365/192Kb lim: 4096 exec/s: 261 rss: 507Mb L: 2367/2817 MS: 3 ChangeByte-ChangeBinInt-EraseBytes-
#883576	REDUCE cov: 1138 ft: 4019 corp: 365/192Kb lim: 4096 exec/s: 256 rss: 507Mb L: 115/2817 MS: 2 ChangeBinInt-EraseBytes-
#884938	REDUCE cov: 1138 ft: 4019 corp: 365/192Kb lim: 4096 exec/s: 256 rss: 507Mb L: 1566/2817 MS: 2 InsertRepeatedBytes-EraseBytes-
#886030	NEW    cov: 1138 ft: 4020 corp: 366/192Kb lim: 4096 exec/s: 256 rss: 507Mb L: 281/2817 MS: 2 CrossOver-EraseBytes-
#888498	REDUCE cov: 1138 ft: 4020 corp: 366/192Kb lim: 4096 exec/s: 255 rss: 507Mb L: 207/2817 MS: 3 ChangeBit-CopyPart-EraseBytes-
#888649	REDUCE cov: 1138 ft: 4020 corp: 366/192Kb lim: 4096 exec/s: 255 rss: 507Mb L: 191/2817 MS: 1 EraseBytes-
#889330	REDUCE cov: 1138 ft: 4020 corp: 366/192Kb lim: 4096 exec/s: 255 rss: 507Mb L: 103/2817 MS: 1 EraseBytes-
#890373	REDUCE cov: 1138 ft: 4020 corp: 366/192Kb lim: 4096 exec/s: 255 rss: 507Mb L: 114/2817 MS: 3 InsertRepeatedBytes-ShuffleBytes-EraseBytes-
#890549	REDUCE cov: 1138 ft: 4020 corp: 366/192Kb lim: 4096 exec/s: 255 rss: 507Mb L: 61/2817 MS: 1 EraseBytes-
#890755	REDUCE cov: 1138 ft: 4020 corp: 366/192Kb lim: 4096 exec/s: 255 rss: 507Mb L: 50/2817 MS: 1 EraseBytes-
#901515	REDUCE cov: 1138 ft: 4020 corp: 366/192Kb lim: 4096 exec/s: 252 rss: 507Mb L: 1638/2817 MS: 5 InsertRepeatedBytes-CopyPart-CrossOver-EraseBytes-InsertByte-
#902907	REDUCE cov: 1138 ft: 4020 corp: 366/192Kb lim: 4096 exec/s: 252 rss: 507Mb L: 154/2817 MS: 2 ChangeBinInt-EraseBytes-
#911138	REDUCE cov: 1138 ft: 4020 corp: 366/192Kb lim: 4096 exec/s: 250 rss: 507Mb L: 2318/2817 MS: 1 EraseBytes-
#919465	REDUCE cov: 1138 ft: 4020 corp: 366/192Kb lim: 4096 exec/s: 249 rss: 507Mb L: 531/2817 MS: 2 ChangeBit-EraseBytes-
#925806	REDUCE cov: 1138 ft: 4020 corp: 366/192Kb lim: 4096 exec/s: 248 rss: 507Mb L: 1565/2817 MS: 1 EraseBytes-
#928678	REDUCE cov: 1138 ft: 4020 corp: 366/192Kb lim: 4096 exec/s: 247 rss: 507Mb L: 551/2817 MS: 2 EraseBytes-InsertRepeatedBytes-
#930831	REDUCE cov: 1138 ft: 4020 corp: 366/192Kb lim: 4096 exec/s: 247 rss: 507Mb L: 1437/2817 MS: 3 ChangeBinInt-ChangeBit-EraseBytes-
#931879	REDUCE cov: 1138 ft: 4020 corp: 366/192Kb lim: 4096 exec/s: 247 rss: 507Mb L: 425/2817 MS: 3 ChangeBit-ChangeBit-EraseBytes-
#933235	REDUCE cov: 1138 ft: 4020 corp: 366/192Kb lim: 4096 exec/s: 247 rss: 507Mb L: 49/2817 MS: 1 EraseBytes-
#935356	REDUCE cov: 1138 ft: 4020 corp: 366/192Kb lim: 4096 exec/s: 246 rss: 507Mb L: 530/2817 MS: 1 EraseBytes-
#937649	REDUCE cov: 1138 ft: 4020 corp: 366/192Kb lim: 4096 exec/s: 246 rss: 507Mb L: 558/2817 MS: 3 ShuffleBytes-CMP-EraseBytes- DE: "\001\000\000\000\000\000\000\036"-
#945362	REDUCE cov: 1138 ft: 4020 corp: 366/191Kb lim: 4096 exec/s: 245 rss: 507Mb L: 2255/2817 MS: 3 ChangeBit-ChangeBit-EraseBytes-
#950326	REDUCE cov: 1138 ft: 4026 corp: 367/195Kb lim: 4096 exec/s: 244 rss: 507Mb L: 3747/3747 MS: 4 InsertByte-CMP-ChangeBinInt-CopyPart- DE: "\377\377\377\370"-
#951204	NEW    cov: 1138 ft: 4069 corp: 368/199Kb lim: 4096 exec/s: 244 rss: 507Mb L: 3749/3749 MS: 3 InsertByte-ShuffleBytes-InsertByte-
#951340	NEW    cov: 1138 ft: 4070 corp: 369/202Kb lim: 4096 exec/s: 244 rss: 507Mb L: 3747/3749 MS: 1 ShuffleBytes-
#952458	NEW    cov: 1138 ft: 4073 corp: 370/206Kb lim: 4096 exec/s: 244 rss: 507Mb L: 3830/3830 MS: 3 ChangeBinInt-InsertByte-InsertRepeatedBytes-
#953789	NEW    cov: 1138 ft: 4074 corp: 371/210Kb lim: 4096 exec/s: 244 rss: 508Mb L: 3749/3830 MS: 1 ChangeByte-
#955205	NEW    cov: 1138 ft: 4075 corp: 372/213Kb lim: 4096 exec/s: 244 rss: 508Mb L: 3749/3830 MS: 1 PersAutoDict- DE: "\001\000\000\000\000\000\000x"-
#955537	NEW    cov: 1138 ft: 4083 corp: 373/217Kb lim: 4096 exec/s: 244 rss: 508Mb L: 3749/3830 MS: 2 ChangeBinInt-ChangeByte-
#957849	NEW    cov: 1138 ft: 4084 corp: 374/221Kb lim: 4096 exec/s: 244 rss: 508Mb L: 3946/3946 MS: 2 CrossOver-PersAutoDict- DE: "\000\000\000\000\000\000\000\244\244\244\244\244\244\000\000\000\004\000\000\007\000\000\000\000\000\000\000\001\000\000\000\000"-
#965917	REDUCE cov: 1138 ft: 4084 corp: 374/221Kb lim: 4096 exec/s: 243 rss: 510Mb L: 3366/3946 MS: 3 ChangeByte-ShuffleBytes-EraseBytes-
#967505	REDUCE cov: 1138 ft: 4084 corp: 374/220Kb lim: 4096 exec/s: 243 rss: 510Mb L: 3586/3946 MS: 3 ChangeBit-ShuffleBytes-EraseBytes-
#969706	REDUCE cov: 1138 ft: 4084 corp: 374/220Kb lim: 4096 exec/s: 243 rss: 510Mb L: 1007/3946 MS: 1 EraseBytes-
#970861	REDUCE cov: 1138 ft: 4084 corp: 374/220Kb lim: 4096 exec/s: 243 rss: 510Mb L: 3284/3946 MS: 5 ChangeBinInt-ShuffleBytes-ChangeASCIIInt-ShuffleBytes-EraseBytes-
#971042	REDUCE cov: 1138 ft: 4084 corp: 374/220Kb lim: 4096 exec/s: 243 rss: 510Mb L: 1037/3946 MS: 1 EraseBytes-
#971770	REDUCE cov: 1138 ft: 4084 corp: 374/220Kb lim: 4096 exec/s: 243 rss: 511Mb L: 3701/3946 MS: 3 ChangeBit-ChangeBinInt-EraseBytes-
#971831	REDUCE cov: 1138 ft: 4084 corp: 374/220Kb lim: 4096 exec/s: 243 rss: 511Mb L: 68/3946 MS: 1 EraseBytes-
#971943	REDUCE cov: 1138 ft: 4084 corp: 374/220Kb lim: 4096 exec/s: 243 rss: 511Mb L: 2480/3946 MS: 2 ChangeBinInt-EraseBytes-
#972305	REDUCE cov: 1138 ft: 4086 corp: 375/223Kb lim: 4096 exec/s: 243 rss: 511Mb L: 3701/3946 MS: 2 ChangeBit-ChangeByte-
#972406	REDUCE cov: 1138 ft: 4086 corp: 375/223Kb lim: 4096 exec/s: 243 rss: 511Mb L: 114/3946 MS: 1 EraseBytes-
#975073	REDUCE cov: 1138 ft: 4086 corp: 375/223Kb lim: 4096 exec/s: 243 rss: 515Mb L: 3404/3946 MS: 2 ChangeBinInt-EraseBytes-
#979784	REDUCE cov: 1138 ft: 4088 corp: 376/223Kb lim: 4096 exec/s: 243 rss: 516Mb L: 284/3946 MS: 1 InsertByte-
#981408	REDUCE cov: 1138 ft: 4088 corp: 376/223Kb lim: 4096 exec/s: 243 rss: 520Mb L: 864/3946 MS: 4 ShuffleBytes-ChangeBinInt-InsertByte-EraseBytes-
#981510	NEW    cov: 1138 ft: 4095 corp: 377/223Kb lim: 4096 exec/s: 243 rss: 521Mb L: 75/3946 MS: 2 CrossOver-ChangeBinInt-
#982596	REDUCE cov: 1138 ft: 4095 corp: 377/223Kb lim: 4096 exec/s: 243 rss: 529Mb L: 3299/3749 MS: 1 CrossOver-
#985031	REDUCE cov: 1138 ft: 4095 corp: 377/222Kb lim: 4096 exec/s: 243 rss: 548Mb L: 1414/3749 MS: 5 CopyPart-ChangeByte-ChangeASCIIInt-ChangeByte-EraseBytes-
#992853	NEW    cov: 1138 ft: 4096 corp: 378/226Kb lim: 4096 exec/s: 243 rss: 551Mb L: 3701/3749 MS: 2 ShuffleBytes-ChangeBinInt-
#993959	REDUCE cov: 1138 ft: 4096 corp: 378/226Kb lim: 4096 exec/s: 243 rss: 551Mb L: 1171/3749 MS: 1 EraseBytes-
#994311	REDUCE cov: 1138 ft: 4096 corp: 378/226Kb lim: 4096 exec/s: 243 rss: 551Mb L: 3624/3749 MS: 2 InsertRepeatedBytes-CrossOver-
#995113	REDUCE cov: 1138 ft: 4096 corp: 378/226Kb lim: 4096 exec/s: 243 rss: 551Mb L: 1159/3749 MS: 2 ChangeASCIIInt-EraseBytes-
#996124	NEW    cov: 1138 ft: 4097 corp: 379/230Kb lim: 4096 exec/s: 243 rss: 552Mb L: 3749/3749 MS: 1 CopyPart-
#997190	NEW    cov: 1138 ft: 4102 corp: 380/233Kb lim: 4096 exec/s: 244 rss: 552Mb L: 3749/3749 MS: 1 ChangeBit-
#997642	REDUCE cov: 1138 ft: 4102 corp: 380/233Kb lim: 4096 exec/s: 244 rss: 552Mb L: 517/3749 MS: 2 ChangeBinInt-EraseBytes-
#998100	REDUCE cov: 1138 ft: 4102 corp: 380/233Kb lim: 4096 exec/s: 244 rss: 552Mb L: 3519/3749 MS: 3 ChangeASCIIInt-ChangeASCIIInt-EraseBytes-
#1000666	NEW    cov: 1138 ft: 4106 corp: 381/237Kb lim: 4096 exec/s: 244 rss: 552Mb L: 3860/3860 MS: 1 CrossOver-
#1001872	REDUCE cov: 1138 ft: 4106 corp: 381/236Kb lim: 4096 exec/s: 244 rss: 552Mb L: 3409/3749 MS: 1 EraseBytes-
#1002914	REDUCE cov: 1138 ft: 4106 corp: 381/236Kb lim: 4096 exec/s: 244 rss: 552Mb L: 3618/3749 MS: 2 InsertRepeatedBytes-CrossOver-
#1004750	REDUCE cov: 1138 ft: 4106 corp: 381/236Kb lim: 4096 exec/s: 244 rss: 552Mb L: 3427/3749 MS: 1 EraseBytes-
#1006571	REDUCE cov: 1138 ft: 4106 corp: 381/235Kb lim: 4096 exec/s: 244 rss: 555Mb L: 2383/3749 MS: 1 EraseBytes-
#1009667	REDUCE cov: 1138 ft: 4106 corp: 381/235Kb lim: 4096 exec/s: 244 rss: 555Mb L: 3594/3749 MS: 1 EraseBytes-
#1013945	REDUCE cov: 1138 ft: 4106 corp: 381/235Kb lim: 4096 exec/s: 244 rss: 555Mb L: 2344/3749 MS: 3 ChangeASCIIInt-ChangeByte-EraseBytes-
#1020313	REDUCE cov: 1138 ft: 4106 corp: 381/235Kb lim: 4096 exec/s: 244 rss: 555Mb L: 2318/3749 MS: 3 ChangeByte-InsertRepeatedBytes-EraseBytes-
#1022409	REDUCE cov: 1138 ft: 4106 corp: 381/235Kb lim: 4096 exec/s: 244 rss: 555Mb L: 59/3749 MS: 1 EraseBytes-
#1024735	REDUCE cov: 1138 ft: 4106 corp: 381/235Kb lim: 4096 exec/s: 244 rss: 555Mb L: 501/3749 MS: 1 EraseBytes-
#1025939	REDUCE cov: 1138 ft: 4106 corp: 381/235Kb lim: 4096 exec/s: 244 rss: 555Mb L: 3617/3701 MS: 4 PersAutoDict-CMP-CMP-EraseBytes- DE: "\005\000\000\000\000\000\000\000"-"\000\000\000\000\000\000\001\003\000\000\000\000\000\000\0002\000\000\000\000\000\000\000\000\000\000\000\000\000\000\000\000"-"\000\000\000\000\000\000\000\000\000\000\000\000\001\002\000\000\000\000\000\000\000\000\000\000\000\000\000\000\000\000\000\000"-
#1028593	REDUCE cov: 1138 ft: 4106 corp: 381/235Kb lim: 4096 exec/s: 244 rss: 555Mb L: 197/3701 MS: 4 CopyPart-ChangeBinInt-InsertByte-EraseBytes-
#1033114	REDUCE cov: 1138 ft: 4106 corp: 381/234Kb lim: 4096 exec/s: 244 rss: 555Mb L: 3369/3701 MS: 1 EraseBytes-
#1036325	REDUCE cov: 1138 ft: 4124 corp: 382/235Kb lim: 4096 exec/s: 244 rss: 555Mb L: 294/3701 MS: 1 ChangeBinInt-
#1036997	REDUCE cov: 1138 ft: 4124 corp: 382/235Kb lim: 4096 exec/s: 244 rss: 555Mb L: 149/3701 MS: 2 CrossOver-EraseBytes-
#1037168	REDUCE cov: 1138 ft: 4124 corp: 382/235Kb lim: 4096 exec/s: 244 rss: 555Mb L: 290/3701 MS: 1 EraseBytes-
#1037794	REDUCE cov: 1138 ft: 4124 corp: 382/235Kb lim: 4096 exec/s: 244 rss: 555Mb L: 420/3701 MS: 1 EraseBytes-
#1044937	REDUCE cov: 1138 ft: 4125 corp: 383/238Kb lim: 4096 exec/s: 244 rss: 555Mb L: 3617/3701 MS: 3 ChangeByte-CopyPart-CMP- DE: "\001\003\000\000\000\000\000\000\000\000\000\000\000\000\000\000\000\000\000\000\000\000\000\000\000\000\000\000\000\000\000\000"-
#1047248	REDUCE cov: 1138 ft: 4125 corp: 383/238Kb lim: 4096 exec/s: 244 rss: 555Mb L: 128/3701 MS: 1 EraseBytes-
#1047350	REDUCE cov: 1138 ft: 4125 corp: 383/238Kb lim: 4096 exec/s: 244 rss: 555Mb L: 1004/3701 MS: 2 PersAutoDict-EraseBytes- DE: "\377\377\377\377\377\377\377\006"-
#1048360	REDUCE cov: 1138 ft: 4126 corp: 384/242Kb lim: 4096 exec/s: 244 rss: 555Mb L: 3813/3813 MS: 5 CopyPart-CMP-ShuffleBytes-ShuffleBytes-CrossOver- DE: "\007\000\000\000\000\000\000\000"-
#1048576	pulse  cov: 1138 ft: 4126 corp: 384/242Kb lim: 4096 exec/s: 244 rss: 555Mb
#1049337	REDUCE cov: 1138 ft: 4126 corp: 384/242Kb lim: 4096 exec/s: 244 rss: 555Mb L: 2361/3813 MS: 2 ChangeBit-EraseBytes-
#1050694	REDUCE cov: 1138 ft: 4126 corp: 384/241Kb lim: 4096 exec/s: 244 rss: 555Mb L: 3374/3813 MS: 2 ChangeASCIIInt-EraseBytes-
#1052510	REDUCE cov: 1138 ft: 4126 corp: 384/241Kb lim: 4096 exec/s: 244 rss: 555Mb L: 140/3813 MS: 1 EraseBytes-
#1054369	REDUCE cov: 1138 ft: 4126 corp: 384/241Kb lim: 4096 exec/s: 244 rss: 555Mb L: 2313/3813 MS: 4 ChangeByte-ChangeBinInt-ChangeBinInt-CrossOver-
#1056290	REDUCE cov: 1138 ft: 4126 corp: 384/241Kb lim: 4096 exec/s: 244 rss: 555Mb L: 205/3813 MS: 1 EraseBytes-
#1057774	REDUCE cov: 1138 ft: 4126 corp: 384/241Kb lim: 4096 exec/s: 244 rss: 555Mb L: 273/3813 MS: 4 EraseBytes-EraseBytes-PersAutoDict-InsertRepeatedBytes- DE: "\377\377\377\377\377\377\377\377\377\377\377\377\377\377\377\377\377\377\001\003\000\000\000\000\000r\000\001\000\000\000\000"-
#1062765	REDUCE cov: 1138 ft: 4126 corp: 384/241Kb lim: 4096 exec/s: 244 rss: 555Mb L: 1140/3813 MS: 1 EraseBytes-
	NEW_FUNC[1/1]: 0x64832f2c18d0  (/home/blocknodes/ztreexo/fuzz/target/x86_64-unknown-linux-gnu/release/snapshot_decode+0x17c8d0) (BuildId: 059fcb69280b638123f53832a23ba55cf94c284e)
#1063200	REDUCE cov: 1144 ft: 4132 corp: 385/245Kb lim: 4096 exec/s: 244 rss: 555Mb L: 3436/3813 MS: 5 ShuffleBytes-CMP-ChangeBit-ChangeByte-CrossOver- DE: "\000\000b\000\000\000\000\000\000\000\003\000\000\000\000\000\000\000\002\000\000\000\000\000\000\000\001\000\000\000\000\000"-
#1065508	REDUCE cov: 1144 ft: 4133 corp: 386/248Kb lim: 4096 exec/s: 245 rss: 555Mb L: 3701/3813 MS: 3 ChangeBit-ChangeByte-CopyPart-
#1066240	REDUCE cov: 1144 ft: 4133 corp: 386/248Kb lim: 4096 exec/s: 245 rss: 555Mb L: 481/3813 MS: 2 ChangeBit-EraseBytes-
#1067057	REDUCE cov: 1144 ft: 4133 corp: 386/248Kb lim: 4096 exec/s: 245 rss: 555Mb L: 527/3813 MS: 2 PersAutoDict-EraseBytes- DE: "\000\000\000\000\000\000\000\000\000\000\000\000\000\001\003\000\000\000\000\000\000\000\000\000\000\000\000\000\000\000\000\000"-
#1067331	NEW    cov: 1144 ft: 4135 corp: 387/252Kb lim: 4096 exec/s: 245 rss: 555Mb L: 3437/3813 MS: 4 ChangeBinInt-PersAutoDict-ChangeBinInt-InsertByte- DE: "\235\377\377\377"-
#1067677	NEW    cov: 1144 ft: 4137 corp: 388/255Kb lim: 4096 exec/s: 245 rss: 555Mb L: 3438/3813 MS: 1 PersAutoDict- DE: "\005\000"-
#1067941	REDUCE cov: 1144 ft: 4137 corp: 388/255Kb lim: 4096 exec/s: 245 rss: 555Mb L: 3594/3813 MS: 4 ChangeBinInt-ChangeBit-CMP-EraseBytes- DE: "\036\000\000\000\000\000\000\000"-
#1068447	NEW    cov: 1144 ft: 4138 corp: 389/258Kb lim: 4096 exec/s: 245 rss: 555Mb L: 3546/3813 MS: 1 InsertRepeatedBytes-
#1070011	REDUCE cov: 1144 ft: 4138 corp: 389/258Kb lim: 4096 exec/s: 245 rss: 555Mb L: 113/3813 MS: 4 ShuffleBytes-CMP-EraseBytes-CMP- DE: "\000\000\000\000\001L\003\000\000\000\000\000\000\000\001\000\000\000\000\000\000\000\000\000\000\000\000\000\000\000\000\000"-"\000\000\000\000\000\000\000\013"-
#1071813	REDUCE cov: 1144 ft: 4138 corp: 389/257Kb lim: 4096 exec/s: 245 rss: 556Mb L: 2430/3813 MS: 2 InsertByte-CrossOver-
#1072816	REDUCE cov: 1144 ft: 4138 corp: 389/257Kb lim: 4096 exec/s: 245 rss: 556Mb L: 1545/3813 MS: 3 ChangeByte-ChangeByte-EraseBytes-
#1073059	NEW    cov: 1144 ft: 4139 corp: 390/261Kb lim: 4096 exec/s: 245 rss: 556Mb L: 3529/3813 MS: 3 ChangeASCIIInt-InsertRepeatedBytes-InsertByte-
#1075212	REDUCE cov: 1144 ft: 4139 corp: 390/261Kb lim: 4096 exec/s: 245 rss: 556Mb L: 3589/3813 MS: 3 ChangeByte-ChangeBit-EraseBytes-
#1075963	REDUCE cov: 1144 ft: 4139 corp: 390/261Kb lim: 4096 exec/s: 246 rss: 556Mb L: 295/3813 MS: 1 EraseBytes-
#1076298	REDUCE cov: 1144 ft: 4139 corp: 390/261Kb lim: 4096 exec/s: 246 rss: 556Mb L: 2360/3813 MS: 5 ChangeBinInt-ChangeBinInt-ChangeBit-EraseBytes-InsertRepeatedBytes-
#1077639	REDUCE cov: 1144 ft: 4139 corp: 390/260Kb lim: 4096 exec/s: 246 rss: 557Mb L: 2851/3813 MS: 1 EraseBytes-
#1077913	REDUCE cov: 1144 ft: 4139 corp: 390/260Kb lim: 4096 exec/s: 246 rss: 557Mb L: 991/3813 MS: 4 EraseBytes-InsertByte-PersAutoDict-InsertRepeatedBytes- DE: "\000\000\000\000\000\000\000\013"-
#1079270	REDUCE cov: 1144 ft: 4139 corp: 390/260Kb lim: 4096 exec/s: 246 rss: 557Mb L: 3423/3813 MS: 2 ShuffleBytes-CrossOver-
#1079531	REDUCE cov: 1144 ft: 4139 corp: 390/259Kb lim: 4096 exec/s: 246 rss: 557Mb L: 2879/3813 MS: 1 CrossOver-
#1079770	REDUCE cov: 1144 ft: 4139 corp: 390/259Kb lim: 4096 exec/s: 246 rss: 557Mb L: 3679/3701 MS: 4 ChangeBinInt-ChangeByte-PersAutoDict-EraseBytes- DE: "\005\000"-
#1079823	REDUCE cov: 1144 ft: 4139 corp: 390/258Kb lim: 4096 exec/s: 246 rss: 557Mb L: 2671/3701 MS: 3 ChangeByte-ChangeByte-EraseBytes-
#1080759	REDUCE cov: 1144 ft: 4140 corp: 391/262Kb lim: 4096 exec/s: 246 rss: 558Mb L: 3679/3701 MS: 1 CopyPart-
#1084690	REDUCE cov: 1144 ft: 4140 corp: 391/262Kb lim: 4096 exec/s: 246 rss: 558Mb L: 3309/3701 MS: 1 EraseBytes-
#1084981	REDUCE cov: 1144 ft: 4145 corp: 392/264Kb lim: 4096 exec/s: 246 rss: 558Mb L: 2676/3701 MS: 1 InsertRepeatedBytes-
#1085163	REDUCE cov: 1144 ft: 4145 corp: 392/264Kb lim: 4096 exec/s: 246 rss: 558Mb L: 2712/3701 MS: 2 CopyPart-EraseBytes-
#1087989	NEW    cov: 1144 ft: 4147 corp: 393/267Kb lim: 4096 exec/s: 246 rss: 558Mb L: 3679/3701 MS: 1 ShuffleBytes-
#1088270	REDUCE cov: 1144 ft: 4147 corp: 393/267Kb lim: 4096 exec/s: 246 rss: 558Mb L: 3462/3701 MS: 1 EraseBytes-
#1089684	REDUCE cov: 1144 ft: 4147 corp: 393/267Kb lim: 4096 exec/s: 247 rss: 559Mb L: 2590/3701 MS: 4 ShuffleBytes-ChangeBit-ChangeByte-EraseBytes-
#1089946	REDUCE cov: 1144 ft: 4147 corp: 393/267Kb lim: 4096 exec/s: 247 rss: 560Mb L: 2227/3701 MS: 2 ChangeByte-EraseBytes-
#1092372	REDUCE cov: 1144 ft: 4148 corp: 394/269Kb lim: 4096 exec/s: 247 rss: 562Mb L: 2458/3701 MS: 1 CrossOver-
#1092473	NEW    cov: 1144 ft: 4154 corp: 395/272Kb lim: 4096 exec/s: 247 rss: 562Mb L: 2517/3701 MS: 1 EraseBytes-
#1092680	REDUCE cov: 1144 ft: 4155 corp: 396/275Kb lim: 4096 exec/s: 247 rss: 562Mb L: 3309/3701 MS: 2 ChangeByte-CopyPart-
#1093167	REDUCE cov: 1144 ft: 4155 corp: 396/275Kb lim: 4096 exec/s: 247 rss: 562Mb L: 2540/3701 MS: 2 InsertByte-EraseBytes-
#1095294	REDUCE cov: 1144 ft: 4155 corp: 396/275Kb lim: 4096 exec/s: 247 rss: 562Mb L: 986/3701 MS: 2 ShuffleBytes-CrossOver-
#1095956	REDUCE cov: 1144 ft: 4155 corp: 396/275Kb lim: 4096 exec/s: 247 rss: 562Mb L: 988/3701 MS: 2 ShuffleBytes-EraseBytes-
#1096048	REDUCE cov: 1144 ft: 4155 corp: 396/275Kb lim: 4096 exec/s: 247 rss: 562Mb L: 284/3701 MS: 2 ChangeASCIIInt-EraseBytes-
#1099814	REDUCE cov: 1144 ft: 4155 corp: 396/275Kb lim: 4096 exec/s: 247 rss: 563Mb L: 2594/3701 MS: 1 CrossOver-
#1100225	REDUCE cov: 1144 ft: 4156 corp: 397/278Kb lim: 4096 exec/s: 247 rss: 563Mb L: 3374/3701 MS: 1 CopyPart-
#1101647	REDUCE cov: 1144 ft: 4156 corp: 397/278Kb lim: 4096 exec/s: 248 rss: 563Mb L: 530/3701 MS: 2 ChangeBinInt-EraseBytes-
#1106413	REDUCE cov: 1144 ft: 4156 corp: 397/277Kb lim: 4096 exec/s: 248 rss: 563Mb L: 2323/3701 MS: 1 EraseBytes-
#1106995	REDUCE cov: 1144 ft: 4156 corp: 397/277Kb lim: 4096 exec/s: 248 rss: 563Mb L: 3463/3701 MS: 2 ChangeBinInt-EraseBytes-
#1111043	REDUCE cov: 1144 ft: 4156 corp: 397/277Kb lim: 4096 exec/s: 248 rss: 563Mb L: 2294/3701 MS: 3 ShuffleBytes-CrossOver-EraseBytes-
#1112344	NEW    cov: 1144 ft: 4158 corp: 398/277Kb lim: 4096 exec/s: 248 rss: 563Mb L: 75/3701 MS: 1 ChangeBit-
#1113807	REDUCE cov: 1144 ft: 4158 corp: 398/277Kb lim: 4096 exec/s: 248 rss: 563Mb L: 2344/3701 MS: 3 ChangeByte-ChangeBit-EraseBytes-
#1119914	REDUCE cov: 1144 ft: 4158 corp: 398/277Kb lim: 4096 exec/s: 248 rss: 563Mb L: 1030/3701 MS: 2 InsertRepeatedBytes-EraseBytes-
#1124676	REDUCE cov: 1144 ft: 4158 corp: 398/277Kb lim: 4096 exec/s: 248 rss: 563Mb L: 2261/3701 MS: 2 ChangeByte-CrossOver-
#1125777	REDUCE cov: 1144 ft: 4158 corp: 398/277Kb lim: 4096 exec/s: 248 rss: 563Mb L: 1002/3701 MS: 1 EraseBytes-
#1127218	REDUCE cov: 1144 ft: 4158 corp: 398/276Kb lim: 4096 exec/s: 248 rss: 563Mb L: 2370/3701 MS: 1 EraseBytes-
#1131466	REDUCE cov: 1144 ft: 4158 corp: 398/276Kb lim: 4096 exec/s: 248 rss: 563Mb L: 3339/3701 MS: 3 ChangeByte-CopyPart-EraseBytes-
#1132422	REDUCE cov: 1144 ft: 4158 corp: 398/276Kb lim: 4096 exec/s: 248 rss: 563Mb L: 2320/3701 MS: 1 EraseBytes-
#1134368	REDUCE cov: 1144 ft: 4158 corp: 398/276Kb lim: 4096 exec/s: 248 rss: 563Mb L: 778/3701 MS: 1 EraseBytes-
#1135124	REDUCE cov: 1144 ft: 4158 corp: 398/276Kb lim: 4096 exec/s: 248 rss: 563Mb L: 1168/3701 MS: 1 EraseBytes-
#1144820	REDUCE cov: 1144 ft: 4158 corp: 398/276Kb lim: 4096 exec/s: 248 rss: 563Mb L: 285/3701 MS: 1 EraseBytes-
#1145899	REDUCE cov: 1144 ft: 4158 corp: 398/276Kb lim: 4096 exec/s: 247 rss: 563Mb L: 2317/3701 MS: 4 EraseBytes-ChangeBinInt-CopyPart-InsertRepeatedBytes-
#1151047	REDUCE cov: 1145 ft: 4159 corp: 399/278Kb lim: 4096 exec/s: 247 rss: 563Mb L: 2346/3701 MS: 3 InsertByte-InsertRepeatedBytes-ChangeBit-
#1151133	REDUCE cov: 1145 ft: 4159 corp: 399/278Kb lim: 4096 exec/s: 247 rss: 563Mb L: 3264/3701 MS: 1 EraseBytes-
#1155704	REDUCE cov: 1145 ft: 4159 corp: 399/278Kb lim: 4096 exec/s: 248 rss: 563Mb L: 3659/3701 MS: 1 EraseBytes-
#1157973	REDUCE cov: 1145 ft: 4161 corp: 400/281Kb lim: 4096 exec/s: 247 rss: 563Mb L: 2797/3701 MS: 4 CrossOver-CrossOver-EraseBytes-CopyPart-
#1161311	REDUCE cov: 1145 ft: 4161 corp: 400/281Kb lim: 4096 exec/s: 248 rss: 563Mb L: 3534/3701 MS: 3 ChangeASCIIInt-ShuffleBytes-CrossOver-
#1162903	REDUCE cov: 1145 ft: 4161 corp: 400/280Kb lim: 4096 exec/s: 248 rss: 563Mb L: 2606/3701 MS: 2 CopyPart-EraseBytes-
#1165288	NEW    cov: 1145 ft: 4162 corp: 401/283Kb lim: 4096 exec/s: 248 rss: 563Mb L: 2798/3701 MS: 5 ChangeByte-ChangeByte-ShuffleBytes-ChangeASCIIInt-InsertByte-
#1167074	NEW    cov: 1145 ft: 4163 corp: 402/285Kb lim: 4096 exec/s: 248 rss: 563Mb L: 2798/3701 MS: 1 ChangeByte-
#1170219	NEW    cov: 1145 ft: 4164 corp: 403/289Kb lim: 4096 exec/s: 248 rss: 565Mb L: 3583/3701 MS: 5 ChangeASCIIInt-ChangeASCIIInt-ChangeBinInt-ChangeBit-CopyPart-
#1170271	NEW    cov: 1145 ft: 4165 corp: 404/292Kb lim: 4096 exec/s: 248 rss: 565Mb L: 3583/3701 MS: 2 ChangeBinInt-PersAutoDict- DE: "\255\000"-
#1171352	NEW    cov: 1145 ft: 4169 corp: 405/295Kb lim: 4096 exec/s: 248 rss: 565Mb L: 2799/3701 MS: 1 InsertByte-
#1171680	NEW    cov: 1145 ft: 4170 corp: 406/298Kb lim: 4096 exec/s: 248 rss: 565Mb L: 2803/3701 MS: 3 ChangeByte-ChangeBit-PersAutoDict- DE: "\376\377\377\206"-
#1174856	NEW    cov: 1145 ft: 4171 corp: 407/301Kb lim: 4096 exec/s: 249 rss: 565Mb L: 2803/3701 MS: 1 CMP- DE: "\000\000\000\000\000\000\000\000\000\000\000\000\000\000\000\000\000\000\000\001\003\000\000\000\001\010\213@\000\000\215!"-
#1175167	NEW    cov: 1145 ft: 4172 corp: 408/304Kb lim: 4096 exec/s: 249 rss: 565Mb L: 3583/3701 MS: 1 CopyPart-
#1175641	REDUCE cov: 1145 ft: 4172 corp: 408/304Kb lim: 4096 exec/s: 249 rss: 565Mb L: 2571/3701 MS: 4 PersAutoDict-ChangeBinInt-CrossOver-EraseBytes- DE: "\001\000\000\000\000\000\000\023"-
#1175887	REDUCE cov: 1145 ft: 4172 corp: 408/304Kb lim: 4096 exec/s: 249 rss: 565Mb L: 2559/3701 MS: 1 CrossOver-
#1176329	REDUCE cov: 1145 ft: 4172 corp: 408/303Kb lim: 4096 exec/s: 249 rss: 565Mb L: 3418/3679 MS: 2 ShuffleBytes-EraseBytes-
#1176461	REDUCE cov: 1145 ft: 4172 corp: 408/303Kb lim: 4096 exec/s: 249 rss: 565Mb L: 2786/3679 MS: 2 ChangeBinInt-EraseBytes-
#1176478	REDUCE cov: 1145 ft: 4172 corp: 408/303Kb lim: 4096 exec/s: 249 rss: 565Mb L: 250/3679 MS: 2 CMP-EraseBytes- DE: "\177\301-\335\326y\000\000"-
#1177164	REDUCE cov: 1145 ft: 4172 corp: 408/303Kb lim: 4096 exec/s: 249 rss: 565Mb L: 2602/3679 MS: 1 EraseBytes-
#1180371	REDUCE cov: 1145 ft: 4172 corp: 408/303Kb lim: 4096 exec/s: 249 rss: 565Mb L: 2316/3679 MS: 2 CopyPart-EraseBytes-
#1180994	REDUCE cov: 1145 ft: 4172 corp: 408/303Kb lim: 4096 exec/s: 249 rss: 565Mb L: 528/3679 MS: 3 ShuffleBytes-ChangeByte-EraseBytes-
#1181320	REDUCE cov: 1145 ft: 4173 corp: 409/305Kb lim: 4096 exec/s: 249 rss: 565Mb L: 2571/3679 MS: 1 ChangeBit-
#1183802	REDUCE cov: 1145 ft: 4173 corp: 409/305Kb lim: 4096 exec/s: 250 rss: 566Mb L: 2310/3679 MS: 2 ShuffleBytes-EraseBytes-
#1184953	REDUCE cov: 1145 ft: 4173 corp: 409/305Kb lim: 4096 exec/s: 250 rss: 566Mb L: 280/3679 MS: 1 EraseBytes-
#1185962	REDUCE cov: 1145 ft: 4173 corp: 409/305Kb lim: 4096 exec/s: 250 rss: 566Mb L: 2680/3679 MS: 4 ChangeBinInt-ChangeBit-ChangeASCIIInt-EraseBytes-
#1186278	NEW    cov: 1145 ft: 4174 corp: 410/308Kb lim: 4096 exec/s: 250 rss: 566Mb L: 2603/3679 MS: 1 PersAutoDict- DE: "\000\000\000\000\000\000\200\000\000\000\000\007\000\000\000\003\000\000\000\000\000\000\000\001\016\016\000\000\000\000\000\000"-
#1186809	REDUCE cov: 1145 ft: 4175 corp: 411/310Kb lim: 4096 exec/s: 250 rss: 566Mb L: 2603/3679 MS: 1 InsertByte-
#1187925	REDUCE cov: 1145 ft: 4175 corp: 411/310Kb lim: 4096 exec/s: 250 rss: 566Mb L: 2256/3679 MS: 1 EraseBytes-
#1188851	REDUCE cov: 1145 ft: 4175 corp: 411/310Kb lim: 4096 exec/s: 250 rss: 566Mb L: 2227/3679 MS: 1 EraseBytes-
#1189687	REDUCE cov: 1145 ft: 4175 corp: 411/310Kb lim: 4096 exec/s: 250 rss: 566Mb L: 3076/3679 MS: 1 EraseBytes-
#1189929	NEW    cov: 1145 ft: 4176 corp: 412/312Kb lim: 4096 exec/s: 250 rss: 566Mb L: 2611/3679 MS: 2 ChangeBit-CMP- DE: "\001\000\000\000\000\000\000\035"-
#1192262	REDUCE cov: 1145 ft: 4176 corp: 412/312Kb lim: 4096 exec/s: 251 rss: 566Mb L: 631/3679 MS: 3 ChangeASCIIInt-ChangeASCIIInt-EraseBytes-
#1194938	REDUCE cov: 1145 ft: 4176 corp: 412/312Kb lim: 4096 exec/s: 251 rss: 566Mb L: 1434/3679 MS: 1 EraseBytes-
#1196601	REDUCE cov: 1145 ft: 4176 corp: 412/312Kb lim: 4096 exec/s: 251 rss: 566Mb L: 2366/3679 MS: 3 ChangeASCIIInt-ChangeBit-EraseBytes-
#1197310	REDUCE cov: 1145 ft: 4176 corp: 412/311Kb lim: 4096 exec/s: 251 rss: 566Mb L: 2376/3679 MS: 4 EraseBytes-ChangeBit-ChangeBinInt-PersAutoDict- DE: "\000\000\000\000\000\000\000\000\000\000\000&\000\"\001=\"\"\001=+\000\001\000\000\000\000\000\000\000\001\003"-
#1199321	REDUCE cov: 1145 ft: 4176 corp: 412/311Kb lim: 4096 exec/s: 251 rss: 566Mb L: 3292/3679 MS: 1 EraseBytes-
#1200484	REDUCE cov: 1145 ft: 4177 corp: 413/314Kb lim: 4096 exec/s: 251 rss: 566Mb L: 2682/3679 MS: 3 InsertByte-CopyPart-InsertByte-
#1202518	REDUCE cov: 1145 ft: 4177 corp: 413/314Kb lim: 4096 exec/s: 251 rss: 566Mb L: 2313/3679 MS: 4 PersAutoDict-CrossOver-ChangeASCIIInt-EraseBytes- DE: "\035\001\000\000\000\000\000\000"-
#1202844	REDUCE cov: 1145 ft: 4177 corp: 413/314Kb lim: 4096 exec/s: 251 rss: 566Mb L: 673/3679 MS: 1 EraseBytes-
#1203500	REDUCE cov: 1145 ft: 4177 corp: 413/314Kb lim: 4096 exec/s: 251 rss: 566Mb L: 1106/3679 MS: 1 EraseBytes-
#1203873	REDUCE cov: 1145 ft: 4177 corp: 413/313Kb lim: 4096 exec/s: 251 rss: 566Mb L: 3115/3679 MS: 3 ChangeBit-PersAutoDict-EraseBytes- DE: "\234\377\377\377"-
#1203994	REDUCE cov: 1145 ft: 4177 corp: 413/313Kb lim: 4096 exec/s: 251 rss: 566Mb L: 1615/3679 MS: 1 EraseBytes-
#1205600	REDUCE cov: 1145 ft: 4177 corp: 413/313Kb lim: 4096 exec/s: 252 rss: 566Mb L: 550/3679 MS: 1 EraseBytes-
#1218387	REDUCE cov: 1145 ft: 4177 corp: 413/313Kb lim: 4096 exec/s: 251 rss: 566Mb L: 1558/3679 MS: 2 ChangeASCIIInt-EraseBytes-
#1219603	REDUCE cov: 1145 ft: 4177 corp: 413/313Kb lim: 4096 exec/s: 251 rss: 566Mb L: 2550/3679 MS: 1 EraseBytes-
#1220789	REDUCE cov: 1145 ft: 4178 corp: 414/316Kb lim: 4096 exec/s: 251 rss: 566Mb L: 3076/3679 MS: 1 CMP- DE: "\013\000\000\000\000\000\000\000"-
#1223201	REDUCE cov: 1145 ft: 4178 corp: 414/316Kb lim: 4096 exec/s: 251 rss: 566Mb L: 2504/3679 MS: 2 ShuffleBytes-EraseBytes-
#1224265	REDUCE cov: 1145 ft: 4178 corp: 414/316Kb lim: 4096 exec/s: 251 rss: 566Mb L: 2490/3679 MS: 4 CMP-ChangeBit-ChangeBit-EraseBytes- DE: "\001\000\000\000\000\000\000\036"-
#1225551	REDUCE cov: 1145 ft: 4178 corp: 414/316Kb lim: 4096 exec/s: 251 rss: 566Mb L: 2470/3679 MS: 1 EraseBytes-
#1225989	REDUCE cov: 1145 ft: 4178 corp: 414/316Kb lim: 4096 exec/s: 251 rss: 566Mb L: 2343/3679 MS: 3 EraseBytes-ChangeByte-PersAutoDict- DE: "\234\377\377\377"-
#1228205	NEW    cov: 1145 ft: 4179 corp: 415/316Kb lim: 4096 exec/s: 251 rss: 566Mb L: 75/3679 MS: 1 ChangeByte-
#1228742	REDUCE cov: 1145 ft: 4179 corp: 415/316Kb lim: 4096 exec/s: 251 rss: 566Mb L: 1415/3679 MS: 2 ChangeBit-EraseBytes-
#1230960	REDUCE cov: 1145 ft: 4179 corp: 415/316Kb lim: 4096 exec/s: 252 rss: 566Mb L: 3548/3679 MS: 3 InsertByte-ShuffleBytes-EraseBytes-
#1233802	REDUCE cov: 1145 ft: 4179 corp: 415/316Kb lim: 4096 exec/s: 252 rss: 566Mb L: 53/3679 MS: 2 EraseBytes-CopyPart-
#1235630	REDUCE cov: 1145 ft: 4179 corp: 415/316Kb lim: 4096 exec/s: 251 rss: 566Mb L: 2552/3679 MS: 3 ShuffleBytes-ShuffleBytes-CrossOver-
#1236229	REDUCE cov: 1145 ft: 4180 corp: 416/318Kb lim: 4096 exec/s: 251 rss: 566Mb L: 2551/3679 MS: 4 ChangeBit-InsertByte-ShuffleBytes-ChangeBit-
#1238822	NEW    cov: 1145 ft: 4182 corp: 417/318Kb lim: 4096 exec/s: 252 rss: 566Mb L: 403/3679 MS: 3 ChangeByte-ChangeBit-CMP- DE: "t\336\327V\324\022\215@\0209\265\374\242\002\021\373\241\376H\2434\235\2421\255\266d\374\001\000\000\000"-
#1242088	REDUCE cov: 1145 ft: 4182 corp: 417/318Kb lim: 4096 exec/s: 252 rss: 569Mb L: 359/3679 MS: 1 EraseBytes-
#1242174	REDUCE cov: 1145 ft: 4182 corp: 417/318Kb lim: 4096 exec/s: 252 rss: 569Mb L: 187/3679 MS: 1 EraseBytes-
#1243746	REDUCE cov: 1145 ft: 4182 corp: 417/318Kb lim: 4096 exec/s: 252 rss: 571Mb L: 3403/3679 MS: 2 ChangeBit-EraseBytes-
#1245177	REDUCE cov: 1145 ft: 4182 corp: 417/318Kb lim: 4096 exec/s: 252 rss: 571Mb L: 525/3679 MS: 1 EraseBytes-
#1246267	REDUCE cov: 1145 ft: 4183 corp: 418/321Kb lim: 4096 exec/s: 252 rss: 571Mb L: 2462/3679 MS: 5 ChangeBit-InsertRepeatedBytes-ChangeBinInt-EraseBytes-PersAutoDict- DE: "\016\016\016\016\016\012\016\016\016\016\016\016\016\016\016\016\016\016\016\016\016\016\016\016\016(\016\016\016\000\000\000"-
#1247306	REDUCE cov: 1145 ft: 4183 corp: 418/321Kb lim: 4096 exec/s: 252 rss: 571Mb L: 2311/3679 MS: 4 EraseBytes-ShuffleBytes-ShuffleBytes-PersAutoDict- DE: "\000\000\000\364"-
#1250412	REDUCE cov: 1145 ft: 4183 corp: 418/321Kb lim: 4096 exec/s: 252 rss: 571Mb L: 3447/3679 MS: 1 EraseBytes-
#1256704	REDUCE cov: 1145 ft: 4183 corp: 418/320Kb lim: 4096 exec/s: 252 rss: 571Mb L: 2828/3679 MS: 2 ChangeASCIIInt-EraseBytes-
#1258234	REDUCE cov: 1145 ft: 4183 corp: 418/320Kb lim: 4096 exec/s: 252 rss: 571Mb L: 2518/3679 MS: 5 ChangeBit-ShuffleBytes-ChangeASCIIInt-ChangeBit-CrossOver-
#1258462	REDUCE cov: 1145 ft: 4183 corp: 418/320Kb lim: 4096 exec/s: 252 rss: 571Mb L: 2324/3679 MS: 3 InsertByte-ShuffleBytes-CrossOver-
#1260314	REDUCE cov: 1145 ft: 4183 corp: 418/320Kb lim: 4096 exec/s: 252 rss: 571Mb L: 2804/3679 MS: 2 ChangeByte-EraseBytes-
#1261131	REDUCE cov: 1145 ft: 4183 corp: 418/320Kb lim: 4096 exec/s: 252 rss: 571Mb L: 2732/3679 MS: 2 ShuffleBytes-EraseBytes-
#1261302	REDUCE cov: 1145 ft: 4183 corp: 418/319Kb lim: 4096 exec/s: 252 rss: 571Mb L: 2875/3679 MS: 1 EraseBytes-
#1261573	REDUCE cov: 1145 ft: 4183 corp: 418/319Kb lim: 4096 exec/s: 252 rss: 571Mb L: 1140/3679 MS: 1 EraseBytes-
#1262234	REDUCE cov: 1145 ft: 4183 corp: 418/319Kb lim: 4096 exec/s: 252 rss: 571Mb L: 284/3679 MS: 1 EraseBytes-
#1266782	REDUCE cov: 1145 ft: 4183 corp: 418/319Kb lim: 4096 exec/s: 252 rss: 571Mb L: 3440/3679 MS: 3 ChangeBinInt-ShuffleBytes-EraseBytes-
#1267097	REDUCE cov: 1145 ft: 4183 corp: 418/319Kb lim: 4096 exec/s: 252 rss: 571Mb L: 42/3679 MS: 5 ShuffleBytes-PersAutoDict-EraseBytes-ChangeByte-CrossOver- DE: "\000b\000\000\000\000\000\000\000\003\000\000\000\000\000\000\000\002\000\000\000\000\000\000\000\001\000\000\000\000\000\000"-
#1269524	REDUCE cov: 1145 ft: 4183 corp: 418/319Kb lim: 4096 exec/s: 252 rss: 571Mb L: 303/3679 MS: 2 ShuffleBytes-EraseBytes-
#1275875	REDUCE cov: 1145 ft: 4183 corp: 418/319Kb lim: 4096 exec/s: 252 rss: 571Mb L: 3065/3679 MS: 1 EraseBytes-
#1282446	REDUCE cov: 1145 ft: 4183 corp: 418/319Kb lim: 4096 exec/s: 252 rss: 571Mb L: 2456/3679 MS: 1 EraseBytes-
#1283577	REDUCE cov: 1145 ft: 4183 corp: 418/319Kb lim: 4096 exec/s: 252 rss: 571Mb L: 334/3679 MS: 1 EraseBytes-
#1283638	REDUCE cov: 1145 ft: 4183 corp: 418/319Kb lim: 4096 exec/s: 252 rss: 571Mb L: 982/3679 MS: 1 EraseBytes-
#1284069	REDUCE cov: 1145 ft: 4183 corp: 418/319Kb lim: 4096 exec/s: 252 rss: 571Mb L: 2372/3679 MS: 1 EraseBytes-
#1285135	REDUCE cov: 1145 ft: 4188 corp: 419/319Kb lim: 4096 exec/s: 252 rss: 571Mb L: 525/3679 MS: 1 CrossOver-
#1286488	REDUCE cov: 1145 ft: 4188 corp: 419/319Kb lim: 4096 exec/s: 252 rss: 571Mb L: 917/3679 MS: 3 ChangeBinInt-CMP-CrossOver- DE: "\351\000\000\000"-
#1290444	REDUCE cov: 1145 ft: 4188 corp: 419/319Kb lim: 4096 exec/s: 252 rss: 571Mb L: 361/3679 MS: 1 EraseBytes-
#1293590	REDUCE cov: 1145 ft: 4188 corp: 419/319Kb lim: 4096 exec/s: 253 rss: 571Mb L: 335/3679 MS: 1 EraseBytes-
#1302531	REDUCE cov: 1145 ft: 4188 corp: 419/319Kb lim: 4096 exec/s: 252 rss: 571Mb L: 1528/3679 MS: 1 EraseBytes-
#1305008	REDUCE cov: 1145 ft: 4188 corp: 419/319Kb lim: 4096 exec/s: 252 rss: 571Mb L: 980/3679 MS: 2 CrossOver-EraseBytes-
#1305865	REDUCE cov: 1145 ft: 4188 corp: 419/319Kb lim: 4096 exec/s: 252 rss: 571Mb L: 2296/3679 MS: 2 InsertRepeatedBytes-EraseBytes-
#1309141	REDUCE cov: 1145 ft: 4188 corp: 419/319Kb lim: 4096 exec/s: 253 rss: 571Mb L: 2434/3679 MS: 1 CrossOver-
#1315107	REDUCE cov: 1145 ft: 4188 corp: 419/319Kb lim: 4096 exec/s: 253 rss: 571Mb L: 2888/3679 MS: 1 EraseBytes-
#1317288	REDUCE cov: 1145 ft: 4188 corp: 419/319Kb lim: 4096 exec/s: 252 rss: 571Mb L: 1136/3679 MS: 1 EraseBytes-
#1317444	REDUCE cov: 1145 ft: 4188 corp: 419/319Kb lim: 4096 exec/s: 252 rss: 571Mb L: 278/3679 MS: 1 EraseBytes-
#1323764	REDUCE cov: 1145 ft: 4188 corp: 419/319Kb lim: 4096 exec/s: 252 rss: 571Mb L: 2384/3679 MS: 5 ShuffleBytes-ChangeASCIIInt-ShuffleBytes-ChangeBinInt-CrossOver-
#1324993	REDUCE cov: 1145 ft: 4188 corp: 419/318Kb lim: 4096 exec/s: 252 rss: 571Mb L: 784/3679 MS: 4 ChangeByte-EraseBytes-InsertByte-InsertRepeatedBytes-
#1328214	REDUCE cov: 1145 ft: 4188 corp: 419/318Kb lim: 4096 exec/s: 252 rss: 571Mb L: 1368/3679 MS: 1 EraseBytes-
#1331650	REDUCE cov: 1145 ft: 4188 corp: 419/318Kb lim: 4096 exec/s: 252 rss: 571Mb L: 2530/3679 MS: 1 EraseBytes-
#1333002	REDUCE cov: 1145 ft: 4188 corp: 419/318Kb lim: 4096 exec/s: 252 rss: 571Mb L: 206/3679 MS: 2 ShuffleBytes-EraseBytes-
#1334063	REDUCE cov: 1145 ft: 4188 corp: 419/318Kb lim: 4096 exec/s: 252 rss: 571Mb L: 3444/3679 MS: 1 EraseBytes-
#1335254	REDUCE cov: 1145 ft: 4188 corp: 419/318Kb lim: 4096 exec/s: 252 rss: 571Mb L: 3288/3679 MS: 1 EraseBytes-
#1335445	REDUCE cov: 1145 ft: 4188 corp: 419/318Kb lim: 4096 exec/s: 252 rss: 571Mb L: 2433/3679 MS: 1 EraseBytes-
#1342091	REDUCE cov: 1145 ft: 4188 corp: 419/318Kb lim: 4096 exec/s: 252 rss: 571Mb L: 183/3679 MS: 1 EraseBytes-
#1342713	REDUCE cov: 1145 ft: 4188 corp: 419/318Kb lim: 4096 exec/s: 252 rss: 571Mb L: 2462/3679 MS: 2 CopyPart-EraseBytes-
#1343944	REDUCE cov: 1145 ft: 4188 corp: 419/318Kb lim: 4096 exec/s: 252 rss: 571Mb L: 2722/3679 MS: 1 EraseBytes-
#1344357	REDUCE cov: 1145 ft: 4188 corp: 419/318Kb lim: 4096 exec/s: 252 rss: 571Mb L: 985/3679 MS: 3 CopyPart-CopyPart-EraseBytes-
#1360248	REDUCE cov: 1145 ft: 4188 corp: 419/318Kb lim: 4096 exec/s: 252 rss: 571Mb L: 359/3679 MS: 1 EraseBytes-
#1364299	REDUCE cov: 1145 ft: 4188 corp: 419/318Kb lim: 4096 exec/s: 252 rss: 571Mb L: 3332/3679 MS: 1 EraseBytes-
#1366375	REDUCE cov: 1145 ft: 4188 corp: 419/318Kb lim: 4096 exec/s: 252 rss: 571Mb L: 761/3679 MS: 1 EraseBytes-
#1370621	REDUCE cov: 1145 ft: 4188 corp: 419/318Kb lim: 4096 exec/s: 252 rss: 571Mb L: 286/3679 MS: 1 EraseBytes-
#1371482	REDUCE cov: 1145 ft: 4188 corp: 419/318Kb lim: 4096 exec/s: 252 rss: 571Mb L: 853/3679 MS: 1 EraseBytes-
#1372217	REDUCE cov: 1145 ft: 4188 corp: 419/318Kb lim: 4096 exec/s: 252 rss: 571Mb L: 1421/3679 MS: 5 InsertByte-EraseBytes-ChangeByte-ChangeByte-InsertRepeatedBytes-
#1374799	REDUCE cov: 1145 ft: 4188 corp: 419/318Kb lim: 4096 exec/s: 252 rss: 571Mb L: 1533/3679 MS: 2 ShuffleBytes-EraseBytes-
#1379495	REDUCE cov: 1145 ft: 4188 corp: 419/317Kb lim: 4096 exec/s: 251 rss: 571Mb L: 3405/3679 MS: 1 EraseBytes-
#1382291	REDUCE cov: 1145 ft: 4188 corp: 419/317Kb lim: 4096 exec/s: 251 rss: 571Mb L: 281/3679 MS: 1 EraseBytes-
#1388782	REDUCE cov: 1145 ft: 4188 corp: 419/317Kb lim: 4096 exec/s: 251 rss: 571Mb L: 490/3679 MS: 1 EraseBytes-
#1391809	REDUCE cov: 1145 ft: 4188 corp: 419/317Kb lim: 4096 exec/s: 251 rss: 571Mb L: 293/3679 MS: 2 InsertByte-EraseBytes-
#1406996	REDUCE cov: 1145 ft: 4188 corp: 419/317Kb lim: 4096 exec/s: 251 rss: 571Mb L: 1221/3679 MS: 2 ChangeBit-EraseBytes-
#1410286	REDUCE cov: 1145 ft: 4188 corp: 419/317Kb lim: 4096 exec/s: 251 rss: 571Mb L: 253/3679 MS: 5 EraseBytes-EraseBytes-ShuffleBytes-ChangeByte-InsertByte-
#1411303	REDUCE cov: 1145 ft: 4188 corp: 419/317Kb lim: 4096 exec/s: 251 rss: 571Mb L: 909/3679 MS: 2 ChangeBinInt-EraseBytes-
#1413066	NEW    cov: 1145 ft: 4192 corp: 420/318Kb lim: 4096 exec/s: 251 rss: 571Mb L: 403/3679 MS: 3 ChangeBit-ChangeBinInt-ShuffleBytes-
#1413913	REDUCE cov: 1145 ft: 4192 corp: 420/318Kb lim: 4096 exec/s: 251 rss: 571Mb L: 3308/3679 MS: 2 PersAutoDict-EraseBytes- DE: "\000\000\000\364"-
#1417879	REDUCE cov: 1145 ft: 4192 corp: 420/318Kb lim: 4096 exec/s: 252 rss: 571Mb L: 2221/3679 MS: 1 EraseBytes-
#1426430	REDUCE cov: 1145 ft: 4192 corp: 420/318Kb lim: 4096 exec/s: 251 rss: 571Mb L: 282/3679 MS: 1 EraseBytes-
#1428026	REDUCE cov: 1145 ft: 4192 corp: 420/317Kb lim: 4096 exec/s: 251 rss: 571Mb L: 2341/3679 MS: 1 EraseBytes-
#1429297	REDUCE cov: 1145 ft: 4192 corp: 420/317Kb lim: 4096 exec/s: 251 rss: 571Mb L: 113/3679 MS: 1 EraseBytes-
#1430384	REDUCE cov: 1145 ft: 4192 corp: 420/317Kb lim: 4096 exec/s: 251 rss: 571Mb L: 2752/3679 MS: 2 ShuffleBytes-CrossOver-
#1433470	REDUCE cov: 1145 ft: 4192 corp: 420/317Kb lim: 4096 exec/s: 251 rss: 571Mb L: 2358/3679 MS: 1 EraseBytes-
#1434936	REDUCE cov: 1145 ft: 4192 corp: 420/317Kb lim: 4096 exec/s: 251 rss: 571Mb L: 3304/3679 MS: 1 CrossOver-
#1444051	REDUCE cov: 1145 ft: 4192 corp: 420/317Kb lim: 4096 exec/s: 251 rss: 571Mb L: 2513/3679 MS: 5 CopyPart-ShuffleBytes-ShuffleBytes-ChangeASCIIInt-EraseBytes-
#1445949	REDUCE cov: 1145 ft: 4192 corp: 420/317Kb lim: 4096 exec/s: 251 rss: 571Mb L: 2266/3679 MS: 3 ChangeBinInt-PersAutoDict-EraseBytes- DE: "\206\377\377\377"-
#1458855	REDUCE cov: 1145 ft: 4197 corp: 421/320Kb lim: 4096 exec/s: 251 rss: 571Mb L: 2483/3679 MS: 1 CrossOver-
#1459327	REDUCE cov: 1145 ft: 4197 corp: 421/319Kb lim: 4096 exec/s: 251 rss: 571Mb L: 2289/3679 MS: 2 CMP-EraseBytes- DE: "\031\000\000\000\000\000\000\000"-
#1460369	REDUCE cov: 1145 ft: 4197 corp: 421/319Kb lim: 4096 exec/s: 251 rss: 571Mb L: 2268/3679 MS: 2 ChangeBit-EraseBytes-
#1460480	REDUCE cov: 1145 ft: 4197 corp: 421/319Kb lim: 4096 exec/s: 251 rss: 571Mb L: 1460/3679 MS: 1 EraseBytes-
#1479428	REDUCE cov: 1145 ft: 4197 corp: 421/319Kb lim: 4096 exec/s: 251 rss: 571Mb L: 853/3679 MS: 3 InsertByte-ChangeBit-EraseBytes-
#1483549	REDUCE cov: 1145 ft: 4197 corp: 421/319Kb lim: 4096 exec/s: 251 rss: 571Mb L: 981/3679 MS: 1 EraseBytes-
#1484220	REDUCE cov: 1145 ft: 4197 corp: 421/319Kb lim: 4096 exec/s: 251 rss: 571Mb L: 124/3679 MS: 1 EraseBytes-
#1492172	REDUCE cov: 1145 ft: 4197 corp: 421/319Kb lim: 4096 exec/s: 251 rss: 571Mb L: 292/3679 MS: 2 ChangeByte-EraseBytes-
#1494873	REDUCE cov: 1145 ft: 4197 corp: 421/319Kb lim: 4096 exec/s: 251 rss: 571Mb L: 2537/3679 MS: 1 EraseBytes-
#1497939	NEW    cov: 1146 ft: 4204 corp: 422/319Kb lim: 4096 exec/s: 251 rss: 571Mb L: 294/3679 MS: 1 ChangeBit-
#1498310	REDUCE cov: 1146 ft: 4204 corp: 422/319Kb lim: 4096 exec/s: 251 rss: 571Mb L: 534/3679 MS: 1 EraseBytes-
#1499968	REDUCE cov: 1146 ft: 4204 corp: 422/319Kb lim: 4096 exec/s: 251 rss: 571Mb L: 736/3679 MS: 3 ChangeByte-ShuffleBytes-EraseBytes-
#1501541	REDUCE cov: 1146 ft: 4204 corp: 422/319Kb lim: 4096 exec/s: 251 rss: 571Mb L: 2241/3679 MS: 3 ChangeByte-ChangeBinInt-EraseBytes-
#1505107	NEW    cov: 1146 ft: 4213 corp: 423/320Kb lim: 4096 exec/s: 251 rss: 571Mb L: 294/3679 MS: 1 ChangeByte-
#1508429	REDUCE cov: 1146 ft: 4213 corp: 423/320Kb lim: 4096 exec/s: 251 rss: 571Mb L: 182/3679 MS: 2 ChangeBinInt-EraseBytes-
#1512072	REDUCE cov: 1146 ft: 4213 corp: 423/319Kb lim: 4096 exec/s: 251 rss: 571Mb L: 2176/3679 MS: 3 CMP-InsertByte-EraseBytes- DE: "\377\377\377\377\377\377\377\377"-
#1514288	REDUCE cov: 1146 ft: 4215 corp: 424/322Kb lim: 4096 exec/s: 251 rss: 571Mb L: 2316/3679 MS: 1 ChangeBinInt-
#1522395	REDUCE cov: 1146 ft: 4215 corp: 424/322Kb lim: 4096 exec/s: 251 rss: 571Mb L: 2229/3679 MS: 2 ChangeBinInt-EraseBytes-
#1524006	REDUCE cov: 1146 ft: 4215 corp: 424/322Kb lim: 4096 exec/s: 251 rss: 571Mb L: 2379/3679 MS: 1 CrossOver-
#1524168	REDUCE cov: 1146 ft: 4215 corp: 424/321Kb lim: 4096 exec/s: 251 rss: 571Mb L: 1131/3679 MS: 2 ChangeByte-EraseBytes-
#1526310	REDUCE cov: 1146 ft: 4215 corp: 424/321Kb lim: 4096 exec/s: 251 rss: 571Mb L: 1097/3679 MS: 2 CrossOver-EraseBytes-
#1529579	REDUCE cov: 1146 ft: 4215 corp: 424/321Kb lim: 4096 exec/s: 251 rss: 571Mb L: 2053/3679 MS: 4 InsertRepeatedBytes-CMP-CMP-EraseBytes- DE: "\363\377\377\377"-"\000\000\000\000\000\000\001\002\001\000\000\000\000\000\000\000\004\000\000\000\000\000\001\000\000\000\000\010\215\215+\215"-
#1536011	REDUCE cov: 1146 ft: 4215 corp: 424/321Kb lim: 4096 exec/s: 251 rss: 571Mb L: 2319/3679 MS: 2 CMP-EraseBytes- DE: "\000\000\000\000\000\000\004\000\000\000\000\000\000\000\000\000\000\000\000\000\000\000\000\000\000\000\000\000\000\000\000\200"-
#1540218	REDUCE cov: 1146 ft: 4215 corp: 424/321Kb lim: 4096 exec/s: 251 rss: 571Mb L: 1022/3679 MS: 2 EraseBytes-CopyPart-
#1546017	REDUCE cov: 1146 ft: 4215 corp: 424/321Kb lim: 4096 exec/s: 251 rss: 571Mb L: 155/3679 MS: 4 InsertByte-ChangeByte-ChangeBinInt-EraseBytes-
#1548265	REDUCE cov: 1146 ft: 4215 corp: 424/321Kb lim: 4096 exec/s: 251 rss: 571Mb L: 401/3679 MS: 3 EraseBytes-ChangeBinInt-CopyPart-
#1565917	REDUCE cov: 1146 ft: 4215 corp: 424/321Kb lim: 4096 exec/s: 251 rss: 571Mb L: 3293/3679 MS: 2 CopyPart-CrossOver-
#1580458	REDUCE cov: 1146 ft: 4215 corp: 424/321Kb lim: 4096 exec/s: 251 rss: 571Mb L: 278/3679 MS: 1 EraseBytes-
#1583291	REDUCE cov: 1146 ft: 4215 corp: 424/321Kb lim: 4096 exec/s: 251 rss: 571Mb L: 194/3679 MS: 3 CopyPart-PersAutoDict-EraseBytes- DE: "\005\000"-
#1585797	REDUCE cov: 1146 ft: 4215 corp: 424/321Kb lim: 4096 exec/s: 250 rss: 571Mb L: 434/3679 MS: 1 EraseBytes-
#1586526	REDUCE cov: 1146 ft: 4215 corp: 424/321Kb lim: 4096 exec/s: 250 rss: 571Mb L: 472/3679 MS: 4 PersAutoDict-InsertByte-PersAutoDict-EraseBytes- DE: "\377\377\377\377\377\377\377\032"-"\376\377\377\363"-
#1591113	REDUCE cov: 1146 ft: 4216 corp: 425/322Kb lim: 4096 exec/s: 251 rss: 571Mb L: 986/3679 MS: 2 CopyPart-PersAutoDict- DE: "\001\000\000\000\000\000\000\020"-
#1599285	REDUCE cov: 1146 ft: 4216 corp: 425/322Kb lim: 4096 exec/s: 251 rss: 571Mb L: 182/3679 MS: 2 ChangeByte-EraseBytes-
#1606631	REDUCE cov: 1146 ft: 4216 corp: 425/322Kb lim: 4096 exec/s: 251 rss: 571Mb L: 114/3679 MS: 1 EraseBytes-
#1607037	REDUCE cov: 1146 ft: 4216 corp: 425/322Kb lim: 4096 exec/s: 251 rss: 571Mb L: 290/3679 MS: 1 EraseBytes-
#1608625	REDUCE cov: 1146 ft: 4216 corp: 425/322Kb lim: 4096 exec/s: 251 rss: 571Mb L: 114/3679 MS: 3 CrossOver-EraseBytes-EraseBytes-
#1611686	REDUCE cov: 1146 ft: 4216 corp: 425/322Kb lim: 4096 exec/s: 251 rss: 571Mb L: 1126/3679 MS: 1 EraseBytes-
#1614593	REDUCE cov: 1146 ft: 4216 corp: 425/322Kb lim: 4096 exec/s: 251 rss: 571Mb L: 635/3679 MS: 2 PersAutoDict-EraseBytes- DE: "\014\000\000\000\000\000\000\000"-
#1617314	REDUCE cov: 1146 ft: 4216 corp: 425/322Kb lim: 4096 exec/s: 251 rss: 571Mb L: 670/3679 MS: 1 EraseBytes-
#1617855	REDUCE cov: 1146 ft: 4216 corp: 425/322Kb lim: 4096 exec/s: 251 rss: 571Mb L: 3639/3679 MS: 1 EraseBytes-
#1621618	REDUCE cov: 1146 ft: 4216 corp: 425/322Kb lim: 4096 exec/s: 251 rss: 571Mb L: 2357/3679 MS: 3 ChangeASCIIInt-CMP-CrossOver- DE: "\000\000\000\000\000\000\000\026"-
#1623189	REDUCE cov: 1146 ft: 4216 corp: 425/322Kb lim: 4096 exec/s: 251 rss: 571Mb L: 3312/3679 MS: 1 EraseBytes-
#1623355	REDUCE cov: 1146 ft: 4216 corp: 425/322Kb lim: 4096 exec/s: 251 rss: 571Mb L: 2471/3679 MS: 1 EraseBytes-
#1631773	REDUCE cov: 1146 ft: 4216 corp: 425/322Kb lim: 4096 exec/s: 251 rss: 571Mb L: 163/3679 MS: 3 CopyPart-ChangeBit-EraseBytes-
#1631989	REDUCE cov: 1146 ft: 4216 corp: 425/322Kb lim: 4096 exec/s: 251 rss: 571Mb L: 613/3679 MS: 1 EraseBytes-
#1640480	REDUCE cov: 1146 ft: 4216 corp: 425/322Kb lim: 4096 exec/s: 251 rss: 571Mb L: 177/3679 MS: 1 EraseBytes-
#1648444	REDUCE cov: 1146 ft: 4216 corp: 425/322Kb lim: 4096 exec/s: 251 rss: 571Mb L: 547/3679 MS: 4 ChangeBinInt-ChangeBinInt-EraseBytes-PersAutoDict- DE: "\001\003\000\000\000\000\000\000\000\000\000\000\000\000\000\000\000\000\000\000\000\000\000\000\000\000\000\000\000\000\000\000"-
#1649677	REDUCE cov: 1146 ft: 4216 corp: 425/322Kb lim: 4096 exec/s: 251 rss: 571Mb L: 2315/3679 MS: 3 ShuffleBytes-ChangeBit-EraseBytes-
#1649774	REDUCE cov: 1146 ft: 4216 corp: 425/322Kb lim: 4096 exec/s: 251 rss: 571Mb L: 280/3679 MS: 2 ChangeByte-EraseBytes-
#1651025	REDUCE cov: 1146 ft: 4216 corp: 425/322Kb lim: 4096 exec/s: 251 rss: 571Mb L: 2725/3679 MS: 1 CrossOver-
#1653486	REDUCE cov: 1146 ft: 4216 corp: 425/322Kb lim: 4096 exec/s: 251 rss: 571Mb L: 358/3679 MS: 1 EraseBytes-
#1653864	REDUCE cov: 1146 ft: 4216 corp: 425/322Kb lim: 4096 exec/s: 251 rss: 571Mb L: 278/3679 MS: 3 InsertByte-ShuffleBytes-EraseBytes-
#1655400	REDUCE cov: 1146 ft: 4216 corp: 425/322Kb lim: 4096 exec/s: 251 rss: 571Mb L: 2323/3679 MS: 1 EraseBytes-
#1656472	REDUCE cov: 1146 ft: 4216 corp: 425/322Kb lim: 4096 exec/s: 251 rss: 571Mb L: 418/3679 MS: 2 PersAutoDict-EraseBytes- DE: "\221\377\377\377"-
#1665688	REDUCE cov: 1146 ft: 4216 corp: 425/321Kb lim: 4096 exec/s: 251 rss: 571Mb L: 283/3679 MS: 1 EraseBytes-
#1666249	REDUCE cov: 1146 ft: 4216 corp: 425/321Kb lim: 4096 exec/s: 251 rss: 571Mb L: 131/3679 MS: 1 EraseBytes-
#1669296	REDUCE cov: 1146 ft: 4216 corp: 425/321Kb lim: 4096 exec/s: 251 rss: 571Mb L: 1505/3679 MS: 2 ChangeASCIIInt-EraseBytes-
#1676904	REDUCE cov: 1146 ft: 4216 corp: 425/321Kb lim: 4096 exec/s: 251 rss: 571Mb L: 3273/3679 MS: 3 ChangeByte-ChangeBit-EraseBytes-
#1680532	REDUCE cov: 1146 ft: 4216 corp: 425/321Kb lim: 4096 exec/s: 251 rss: 571Mb L: 2501/3679 MS: 3 ShuffleBytes-ShuffleBytes-EraseBytes-
#1690213	REDUCE cov: 1146 ft: 4216 corp: 425/321Kb lim: 4096 exec/s: 251 rss: 571Mb L: 3489/3639 MS: 1 EraseBytes-
#1690924	REDUCE cov: 1146 ft: 4216 corp: 425/321Kb lim: 4096 exec/s: 251 rss: 571Mb L: 2253/3639 MS: 1 EraseBytes-
#1691087	REDUCE cov: 1146 ft: 4216 corp: 425/321Kb lim: 4096 exec/s: 251 rss: 571Mb L: 284/3639 MS: 3 InsertByte-ChangeASCIIInt-EraseBytes-
#1692778	REDUCE cov: 1146 ft: 4216 corp: 425/321Kb lim: 4096 exec/s: 251 rss: 571Mb L: 58/3639 MS: 1 EraseBytes-
#1693750	REDUCE cov: 1146 ft: 4216 corp: 425/321Kb lim: 4096 exec/s: 251 rss: 571Mb L: 287/3639 MS: 2 ChangeByte-EraseBytes-
#1695902	REDUCE cov: 1146 ft: 4216 corp: 425/321Kb lim: 4096 exec/s: 250 rss: 571Mb L: 53/3639 MS: 2 CopyPart-EraseBytes-
#1697248	REDUCE cov: 1146 ft: 4216 corp: 425/321Kb lim: 4096 exec/s: 250 rss: 571Mb L: 2504/3639 MS: 1 EraseBytes-
#1702171	REDUCE cov: 1146 ft: 4216 corp: 425/321Kb lim: 4096 exec/s: 251 rss: 571Mb L: 2014/3639 MS: 3 CMP-InsertByte-EraseBytes- DE: "\326\377\377\377"-
#1702790	REDUCE cov: 1146 ft: 4216 corp: 425/321Kb lim: 4096 exec/s: 251 rss: 571Mb L: 389/3639 MS: 4 CMP-EraseBytes-InsertByte-CrossOver- DE: "\000\000\000\000\000\000\000b\000\000\000\000\000\000\000\003\000\000\000\000\000\000\000\002\000\000\000\000\000\000\000\001"-
#1703606	REDUCE cov: 1146 ft: 4216 corp: 425/321Kb lim: 4096 exec/s: 251 rss: 571Mb L: 1134/3639 MS: 1 EraseBytes-
#1716713	REDUCE cov: 1146 ft: 4216 corp: 425/321Kb lim: 4096 exec/s: 251 rss: 571Mb L: 1145/3639 MS: 2 ChangeBit-EraseBytes-
#1720129	REDUCE cov: 1146 ft: 4216 corp: 425/321Kb lim: 4096 exec/s: 251 rss: 571Mb L: 52/3639 MS: 1 EraseBytes-
#1721984	REDUCE cov: 1146 ft: 4216 corp: 425/321Kb lim: 4096 exec/s: 251 rss: 571Mb L: 409/3639 MS: 5 ChangeASCIIInt-InsertRepeatedBytes-ChangeByte-ShuffleBytes-CrossOver-
#1722308	REDUCE cov: 1146 ft: 4226 corp: 426/322Kb lim: 4096 exec/s: 251 rss: 571Mb L: 1353/3639 MS: 4 ShuffleBytes-EraseBytes-ChangeASCIIInt-CrossOver-
#1723924	NEW    cov: 1146 ft: 4260 corp: 427/323Kb lim: 4096 exec/s: 251 rss: 571Mb L: 1353/3639 MS: 1 CopyPart-
#1723945	REDUCE cov: 1146 ft: 4260 corp: 427/323Kb lim: 4096 exec/s: 251 rss: 571Mb L: 1047/3639 MS: 1 CrossOver-
#1724125	REDUCE cov: 1146 ft: 4260 corp: 427/323Kb lim: 4096 exec/s: 251 rss: 571Mb L: 1259/3639 MS: 5 InsertByte-ChangeByte-ChangeByte-ChangeBinInt-EraseBytes-
#1725945	REDUCE cov: 1146 ft: 4260 corp: 427/323Kb lim: 4096 exec/s: 251 rss: 571Mb L: 1058/3639 MS: 5 EraseBytes-ChangeASCIIInt-CopyPart-CMP-CrossOver- DE: "\004\000\000\000\000\000\000\000\000\000\000\000\000\000\000\000\000\000\000\000\000\000\000\000\000\000\000\000\000\000\000\000"-
#1727509	REDUCE cov: 1146 ft: 4272 corp: 428/324Kb lim: 4096 exec/s: 251 rss: 571Mb L: 1158/3639 MS: 4 EraseBytes-ChangeASCIIInt-ChangeBit-CrossOver-
	NEW_FUNC[1/1]: 0x64832f2a34a0  (/home/blocknodes/ztreexo/fuzz/target/x86_64-unknown-linux-gnu/release/snapshot_decode+0x15e4a0) (BuildId: 059fcb69280b638123f53832a23ba55cf94c284e)
#1731395	NEW    cov: 1173 ft: 4302 corp: 429/325Kb lim: 4096 exec/s: 251 rss: 571Mb L: 1166/3639 MS: 1 CMP- DE: "\200\000\000\000\000\000\000\000"-
#1734580	REDUCE cov: 1173 ft: 4302 corp: 429/325Kb lim: 4096 exec/s: 251 rss: 571Mb L: 733/3639 MS: 5 PersAutoDict-CrossOver-CMP-InsertRepeatedBytes-EraseBytes- DE: "\001\000\000\000\000\000\000\035"-"\377\377\377\377"-
#1735046	NEW    cov: 1173 ft: 4305 corp: 430/327Kb lim: 4096 exec/s: 251 rss: 571Mb L: 1546/3639 MS: 1 CopyPart-
#1735598	NEW    cov: 1173 ft: 4336 corp: 431/329Kb lim: 4096 exec/s: 251 rss: 571Mb L: 1930/3639 MS: 2 ShuffleBytes-CopyPart-
#1735626	NEW    cov: 1173 ft: 4338 corp: 432/330Kb lim: 4096 exec/s: 251 rss: 571Mb L: 1117/3639 MS: 3 ChangeASCIIInt-EraseBytes-EraseBytes-
#1735710	NEW    cov: 1174 ft: 4342 corp: 433/332Kb lim: 4096 exec/s: 251 rss: 571Mb L: 2111/3639 MS: 4 InsertRepeatedBytes-InsertRepeatedBytes-ShuffleBytes-InsertRepeatedBytes-
#1736216	REDUCE cov: 1174 ft: 4342 corp: 433/332Kb lim: 4096 exec/s: 252 rss: 571Mb L: 1100/3639 MS: 1 EraseBytes-
#1737390	NEW    cov: 1176 ft: 4344 corp: 434/334Kb lim: 4096 exec/s: 252 rss: 571Mb L: 2182/3639 MS: 4 ChangeByte-ShuffleBytes-ChangeBinInt-InsertRepeatedBytes-
#1738124	REDUCE cov: 1176 ft: 4344 corp: 434/334Kb lim: 4096 exec/s: 252 rss: 571Mb L: 2317/3639 MS: 4 CrossOver-ChangeByte-ChangeBit-EraseBytes-
#1738196	REDUCE cov: 1176 ft: 4344 corp: 434/334Kb lim: 4096 exec/s: 252 rss: 571Mb L: 1952/3639 MS: 2 ChangeBinInt-EraseBytes-
#1738197	NEW    cov: 1176 ft: 4349 corp: 435/335Kb lim: 4096 exec/s: 252 rss: 571Mb L: 1911/3639 MS: 1 CrossOver-
#1738283	REDUCE cov: 1176 ft: 4349 corp: 435/335Kb lim: 4096 exec/s: 252 rss: 571Mb L: 1751/3639 MS: 1 EraseBytes-
#1738744	REDUCE cov: 1176 ft: 4349 corp: 435/335Kb lim: 4096 exec/s: 252 rss: 571Mb L: 333/3639 MS: 1 EraseBytes-
#1739110	NEW    cov: 1176 ft: 4350 corp: 436/337Kb lim: 4096 exec/s: 252 rss: 571Mb L: 1911/3639 MS: 1 CopyPart-
#1740866	REDUCE cov: 1176 ft: 4350 corp: 436/337Kb lim: 4096 exec/s: 252 rss: 571Mb L: 1768/3639 MS: 1 EraseBytes-
#1740969	REDUCE cov: 1176 ft: 4350 corp: 436/337Kb lim: 4096 exec/s: 252 rss: 571Mb L: 1050/3639 MS: 3 EraseBytes-ChangeBinInt-PersAutoDict- DE: "\000\000\000\000\000\000\000\000\000\000\000\000\000\001\003\000\000\000\000\000\000\000\000\000\000\000\000\000\000\000\000\000"-
#1741937	REDUCE cov: 1176 ft: 4350 corp: 436/337Kb lim: 4096 exec/s: 252 rss: 571Mb L: 1727/3639 MS: 3 ChangeBinInt-ShuffleBytes-EraseBytes-
#1742892	NEW    cov: 1176 ft: 4352 corp: 437/341Kb lim: 4096 exec/s: 252 rss: 571Mb L: 3786/3786 MS: 5 InsertByte-ShuffleBytes-ChangeBit-InsertByte-CopyPart-
#1743156	REDUCE cov: 1176 ft: 4352 corp: 437/340Kb lim: 4096 exec/s: 252 rss: 571Mb L: 3324/3786 MS: 4 ChangeASCIIInt-ChangeASCIIInt-ChangeBinInt-EraseBytes-
#1743367	REDUCE cov: 1176 ft: 4352 corp: 437/340Kb lim: 4096 exec/s: 252 rss: 571Mb L: 1344/3786 MS: 1 EraseBytes-
#1743645	REDUCE cov: 1176 ft: 4352 corp: 437/340Kb lim: 4096 exec/s: 252 rss: 571Mb L: 1561/3786 MS: 3 InsertByte-ChangeBit-EraseBytes-
#1744027	REDUCE cov: 1176 ft: 4352 corp: 437/339Kb lim: 4096 exec/s: 252 rss: 571Mb L: 1346/3786 MS: 2 ChangeByte-EraseBytes-
#1744916	REDUCE cov: 1176 ft: 4352 corp: 437/339Kb lim: 4096 exec/s: 252 rss: 571Mb L: 1546/3786 MS: 4 ChangeBinInt-CopyPart-ChangeBit-CrossOver-
#1745114	REDUCE cov: 1176 ft: 4352 corp: 437/338Kb lim: 4096 exec/s: 252 rss: 571Mb L: 3073/3639 MS: 3 ShuffleBytes-ChangeByte-EraseBytes-
#1745937	NEW    cov: 1176 ft: 4354 corp: 438/340Kb lim: 4096 exec/s: 252 rss: 571Mb L: 1807/3639 MS: 3 ChangeByte-ChangeBinInt-EraseBytes-
#1746065	REDUCE cov: 1176 ft: 4359 corp: 439/342Kb lim: 4096 exec/s: 252 rss: 571Mb L: 1617/3639 MS: 3 EraseBytes-CopyPart-InsertByte-
#1746986	REDUCE cov: 1176 ft: 4359 corp: 439/341Kb lim: 4096 exec/s: 252 rss: 571Mb L: 1356/3639 MS: 1 EraseBytes-
#1747129	REDUCE cov: 1176 ft: 4359 corp: 439/341Kb lim: 4096 exec/s: 252 rss: 571Mb L: 2902/3639 MS: 3 ChangeBit-CrossOver-EraseBytes-
#1747306	REDUCE cov: 1176 ft: 4359 corp: 439/341Kb lim: 4096 exec/s: 253 rss: 571Mb L: 2373/3639 MS: 2 ChangeBinInt-EraseBytes-
#1747592	REDUCE cov: 1176 ft: 4359 corp: 439/341Kb lim: 4096 exec/s: 253 rss: 571Mb L: 1118/3639 MS: 1 EraseBytes-
#1748495	REDUCE cov: 1176 ft: 4359 corp: 439/341Kb lim: 4096 exec/s: 253 rss: 571Mb L: 2236/3639 MS: 3 ChangeByte-ChangeBit-EraseBytes-
#1748791	REDUCE cov: 1176 ft: 4359 corp: 439/340Kb lim: 4096 exec/s: 253 rss: 571Mb L: 1395/3639 MS: 1 EraseBytes-
#1749223	NEW    cov: 1177 ft: 4360 corp: 440/343Kb lim: 4096 exec/s: 253 rss: 571Mb L: 2208/3639 MS: 2 InsertRepeatedBytes-CopyPart-
#1749227	REDUCE cov: 1177 ft: 4360 corp: 440/342Kb lim: 4096 exec/s: 253 rss: 571Mb L: 1122/3639 MS: 4 InsertByte-InsertRepeatedBytes-ShuffleBytes-EraseBytes-
#1749314	REDUCE cov: 1177 ft: 4360 corp: 440/342Kb lim: 4096 exec/s: 253 rss: 571Mb L: 1514/3639 MS: 2 PersAutoDict-EraseBytes- DE: "\000\000\000\000\000\000\004\000\000\000\000\000\000\000\000\000\000\000\000\001\002\001\000\016\016\016\016\016\016\016\016\016"-
#1750367	REDUCE cov: 1177 ft: 4360 corp: 440/342Kb lim: 4096 exec/s: 253 rss: 571Mb L: 1907/3639 MS: 3 ChangeASCIIInt-InsertRepeatedBytes-EraseBytes-
#1750909	REDUCE cov: 1178 ft: 4361 corp: 441/344Kb lim: 4096 exec/s: 253 rss: 571Mb L: 1693/3639 MS: 2 CrossOver-ChangeBit-
#1751022	REDUCE cov: 1178 ft: 4361 corp: 441/344Kb lim: 4096 exec/s: 253 rss: 571Mb L: 2182/3639 MS: 3 ChangeBit-ChangeByte-EraseBytes-
#1751848	REDUCE cov: 1178 ft: 4361 corp: 441/343Kb lim: 4096 exec/s: 253 rss: 571Mb L: 1268/3639 MS: 1 EraseBytes-
#1752091	REDUCE cov: 1178 ft: 4361 corp: 441/343Kb lim: 4096 exec/s: 253 rss: 571Mb L: 2362/3639 MS: 3 ChangeASCIIInt-ShuffleBytes-EraseBytes-
#1753257	REDUCE cov: 1178 ft: 4361 corp: 441/343Kb lim: 4096 exec/s: 253 rss: 571Mb L: 471/3639 MS: 1 EraseBytes-
#1753905	REDUCE cov: 1178 ft: 4363 corp: 442/344Kb lim: 4096 exec/s: 253 rss: 571Mb L: 1356/3639 MS: 3 PersAutoDict-ShuffleBytes-CopyPart- DE: "n\377\377\377"-
#1754801	REDUCE cov: 1178 ft: 4363 corp: 442/344Kb lim: 4096 exec/s: 253 rss: 571Mb L: 1788/3639 MS: 1 EraseBytes-
#1756182	REDUCE cov: 1178 ft: 4364 corp: 443/346Kb lim: 4096 exec/s: 253 rss: 571Mb L: 2183/3639 MS: 1 InsertByte-
#1756229	REDUCE cov: 1178 ft: 4364 corp: 443/346Kb lim: 4096 exec/s: 253 rss: 571Mb L: 1258/3639 MS: 2 CopyPart-EraseBytes-
#1756355	REDUCE cov: 1178 ft: 4364 corp: 443/346Kb lim: 4096 exec/s: 253 rss: 571Mb L: 1639/3639 MS: 1 CrossOver-
#1756551	REDUCE cov: 1178 ft: 4364 corp: 443/346Kb lim: 4096 exec/s: 253 rss: 571Mb L: 546/3639 MS: 1 EraseBytes-
#1756688	REDUCE cov: 1178 ft: 4364 corp: 443/346Kb lim: 4096 exec/s: 253 rss: 571Mb L: 1256/3639 MS: 2 InsertByte-EraseBytes-
#1757305	REDUCE cov: 1178 ft: 4364 corp: 443/346Kb lim: 4096 exec/s: 253 rss: 571Mb L: 2307/3639 MS: 2 ChangeBit-EraseBytes-
#1759783	REDUCE cov: 1178 ft: 4364 corp: 443/345Kb lim: 4096 exec/s: 254 rss: 571Mb L: 1446/3639 MS: 3 ChangeBit-CrossOver-EraseBytes-
#1760945	REDUCE cov: 1178 ft: 4364 corp: 443/345Kb lim: 4096 exec/s: 254 rss: 571Mb L: 1726/3639 MS: 2 CrossOver-EraseBytes-
#1761053	REDUCE cov: 1178 ft: 4364 corp: 443/345Kb lim: 4096 exec/s: 254 rss: 571Mb L: 1660/3639 MS: 3 ChangeBinInt-CMP-EraseBytes- DE: "\000\000\000\216"-
#1761426	REDUCE cov: 1178 ft: 4364 corp: 443/345Kb lim: 4096 exec/s: 254 rss: 571Mb L: 2036/3639 MS: 3 InsertRepeatedBytes-ChangeASCIIInt-EraseBytes-
#1762376	REDUCE cov: 1178 ft: 4364 corp: 443/345Kb lim: 4096 exec/s: 254 rss: 571Mb L: 1317/3639 MS: 5 ChangeByte-ChangeASCIIInt-ChangeASCIIInt-ShuffleBytes-EraseBytes-
#1763268	REDUCE cov: 1178 ft: 4364 corp: 443/345Kb lim: 4096 exec/s: 254 rss: 571Mb L: 1210/3639 MS: 2 ChangeBit-EraseBytes-
#1763405	REDUCE cov: 1178 ft: 4364 corp: 443/345Kb lim: 4096 exec/s: 254 rss: 571Mb L: 1747/3639 MS: 2 ChangeASCIIInt-EraseBytes-
#1764581	REDUCE cov: 1178 ft: 4364 corp: 443/344Kb lim: 4096 exec/s: 254 rss: 571Mb L: 1929/3639 MS: 1 EraseBytes-
#1764698	REDUCE cov: 1178 ft: 4364 corp: 443/344Kb lim: 4096 exec/s: 254 rss: 571Mb L: 1728/3639 MS: 2 ShuffleBytes-EraseBytes-
#1765113	REDUCE cov: 1178 ft: 4364 corp: 443/344Kb lim: 4096 exec/s: 254 rss: 571Mb L: 1635/3639 MS: 5 PersAutoDict-ShuffleBytes-ChangeBit-ChangeByte-EraseBytes- DE: "\371\356\004^\376H\2434\235\2428\255\266d\374\001\000\000\000\000\000\000\000\000\000\000\000\000\000\000\000\000"-
#1765304	REDUCE cov: 1178 ft: 4364 corp: 443/344Kb lim: 4096 exec/s: 254 rss: 571Mb L: 992/3639 MS: 1 EraseBytes-
#1766345	REDUCE cov: 1178 ft: 4364 corp: 443/344Kb lim: 4096 exec/s: 254 rss: 571Mb L: 1468/3639 MS: 1 EraseBytes-
#1766846	REDUCE cov: 1178 ft: 4364 corp: 443/344Kb lim: 4096 exec/s: 254 rss: 571Mb L: 1389/3639 MS: 1 EraseBytes-
#1766860	REDUCE cov: 1178 ft: 4364 corp: 443/344Kb lim: 4096 exec/s: 254 rss: 571Mb L: 1070/3639 MS: 4 CopyPart-InsertByte-CMP-EraseBytes- DE: "\000\000\000\000\000\000\000\000\000\000\000\000\000\000\000\000\000\000\000\001\000\000\000\004\000\000\000\000\000\200\000\000"-
#1771098	REDUCE cov: 1178 ft: 4364 corp: 443/344Kb lim: 4096 exec/s: 255 rss: 575Mb L: 1311/3639 MS: 3 InsertRepeatedBytes-PersAutoDict-EraseBytes- DE: "\004\000\000\000\000\000\000\000\000\000\000\000\000\000\000\000\000\000\000\000\000\000\000\000\000\000\000\000\000\000\000\000"-
#1772035	REDUCE cov: 1178 ft: 4364 corp: 443/343Kb lim: 4096 exec/s: 255 rss: 576Mb L: 1184/3639 MS: 2 PersAutoDict-EraseBytes- DE: "\000\000\000\214"-
#1773823	REDUCE cov: 1178 ft: 4364 corp: 443/343Kb lim: 4096 exec/s: 255 rss: 580Mb L: 1126/3639 MS: 3 CrossOver-PersAutoDict-EraseBytes- DE: "\351\000\000\000"-
#1774375	REDUCE cov: 1178 ft: 4364 corp: 443/343Kb lim: 4096 exec/s: 255 rss: 580Mb L: 1305/3639 MS: 2 ShuffleBytes-EraseBytes-
#1777263	REDUCE cov: 1178 ft: 4364 corp: 443/343Kb lim: 4096 exec/s: 255 rss: 583Mb L: 1921/3639 MS: 3 ChangeBinInt-ChangeByte-EraseBytes-
#1778294	REDUCE cov: 1178 ft: 4364 corp: 443/343Kb lim: 4096 exec/s: 255 rss: 584Mb L: 1217/3639 MS: 1 EraseBytes-
#1778515	REDUCE cov: 1178 ft: 4364 corp: 443/343Kb lim: 4096 exec/s: 255 rss: 584Mb L: 2374/3639 MS: 1 EraseBytes-
#1779796	REDUCE cov: 1178 ft: 4364 corp: 443/343Kb lim: 4096 exec/s: 256 rss: 584Mb L: 1280/3639 MS: 1 EraseBytes-
#1781484	REDUCE cov: 1178 ft: 4364 corp: 443/343Kb lim: 4096 exec/s: 256 rss: 585Mb L: 1155/3639 MS: 3 CopyPart-ChangeASCIIInt-EraseBytes-
#1782041	REDUCE cov: 1178 ft: 4364 corp: 443/343Kb lim: 4096 exec/s: 256 rss: 585Mb L: 1621/3639 MS: 2 InsertByte-EraseBytes-
#1782287	REDUCE cov: 1178 ft: 4366 corp: 444/345Kb lim: 4096 exec/s: 256 rss: 585Mb L: 2517/3639 MS: 1 CrossOver-
#1782638	REDUCE cov: 1178 ft: 4366 corp: 444/345Kb lim: 4096 exec/s: 256 rss: 585Mb L: 1079/3639 MS: 1 EraseBytes-
#1783250	REDUCE cov: 1178 ft: 4366 corp: 444/345Kb lim: 4096 exec/s: 256 rss: 586Mb L: 1080/3639 MS: 2 ChangeBit-EraseBytes-
#1784772	REDUCE cov: 1178 ft: 4366 corp: 444/345Kb lim: 4096 exec/s: 256 rss: 587Mb L: 1095/3639 MS: 2 ChangeByte-EraseBytes-
#1785604	REDUCE cov: 1178 ft: 4366 corp: 444/345Kb lim: 4096 exec/s: 256 rss: 589Mb L: 1130/3639 MS: 2 ShuffleBytes-CrossOver-
#1785805	REDUCE cov: 1178 ft: 4366 corp: 444/345Kb lim: 4096 exec/s: 256 rss: 589Mb L: 1078/3639 MS: 1 EraseBytes-
#1786548	REDUCE cov: 1178 ft: 4366 corp: 444/345Kb lim: 4096 exec/s: 256 rss: 589Mb L: 1118/3639 MS: 3 ShuffleBytes-ChangeASCIIInt-EraseBytes-
#1791209	REDUCE cov: 1178 ft: 4366 corp: 444/345Kb lim: 4096 exec/s: 257 rss: 593Mb L: 1054/3639 MS: 1 EraseBytes-
#1791696	REDUCE cov: 1178 ft: 4366 corp: 444/345Kb lim: 4096 exec/s: 257 rss: 593Mb L: 1045/3639 MS: 2 ChangeASCIIInt-EraseBytes-
#1793280	REDUCE cov: 1178 ft: 4366 corp: 444/345Kb lim: 4096 exec/s: 257 rss: 593Mb L: 1773/3639 MS: 4 ChangeBit-EraseBytes-ChangeASCIIInt-InsertByte-
#1796253	REDUCE cov: 1178 ft: 4366 corp: 444/345Kb lim: 4096 exec/s: 257 rss: 593Mb L: 1257/3639 MS: 3 ChangeBit-CrossOver-EraseBytes-
#1796404	REDUCE cov: 1178 ft: 4366 corp: 444/345Kb lim: 4096 exec/s: 257 rss: 593Mb L: 1141/3639 MS: 1 EraseBytes-
#1798117	REDUCE cov: 1178 ft: 4366 corp: 444/345Kb lim: 4096 exec/s: 257 rss: 593Mb L: 1057/3639 MS: 3 ChangeByte-PersAutoDict-EraseBytes- DE: "\016\016\016\016\016\012\016\016\016\016\016\016\016\016\016\016\016\016\016\016\016\016\016\016\016(\016\016\016\000\000\000"-
#1798168	REDUCE cov: 1178 ft: 4366 corp: 444/344Kb lim: 4096 exec/s: 257 rss: 593Mb L: 1726/3639 MS: 1 EraseBytes-
#1799004	REDUCE cov: 1178 ft: 4366 corp: 444/344Kb lim: 4096 exec/s: 258 rss: 593Mb L: 1056/3639 MS: 1 EraseBytes-
#1802406	REDUCE cov: 1178 ft: 4366 corp: 444/344Kb lim: 4096 exec/s: 258 rss: 596Mb L: 1548/3639 MS: 2 ChangeByte-EraseBytes-
#1804812	REDUCE cov: 1178 ft: 4366 corp: 444/343Kb lim: 4096 exec/s: 258 rss: 596Mb L: 1126/3639 MS: 1 EraseBytes-
#1807915	REDUCE cov: 1178 ft: 4366 corp: 444/343Kb lim: 4096 exec/s: 258 rss: 596Mb L: 1054/3639 MS: 3 ShuffleBytes-InsertByte-EraseBytes-
#1810304	REDUCE cov: 1178 ft: 4371 corp: 445/344Kb lim: 4096 exec/s: 258 rss: 596Mb L: 1137/3639 MS: 4 EraseBytes-CrossOver-CrossOver-EraseBytes-
#1810680	REDUCE cov: 1178 ft: 4371 corp: 445/344Kb lim: 4096 exec/s: 258 rss: 596Mb L: 278/3639 MS: 1 EraseBytes-
#1812176	REDUCE cov: 1178 ft: 4371 corp: 445/344Kb lim: 4096 exec/s: 258 rss: 596Mb L: 1541/3639 MS: 1 EraseBytes-
#1814322	REDUCE cov: 1178 ft: 4371 corp: 445/344Kb lim: 4096 exec/s: 258 rss: 596Mb L: 1155/3639 MS: 1 EraseBytes-
#1816208	REDUCE cov: 1178 ft: 4371 corp: 445/344Kb lim: 4096 exec/s: 258 rss: 596Mb L: 1457/3639 MS: 1 EraseBytes-
#1827864	REDUCE cov: 1178 ft: 4371 corp: 445/344Kb lim: 4096 exec/s: 259 rss: 596Mb L: 1264/3639 MS: 1 EraseBytes-
#1832730	REDUCE cov: 1178 ft: 4371 corp: 445/344Kb lim: 4096 exec/s: 259 rss: 596Mb L: 1405/3639 MS: 1 EraseBytes-
#1832932	REDUCE cov: 1186 ft: 4389 corp: 446/345Kb lim: 4096 exec/s: 259 rss: 596Mb L: 1079/3639 MS: 2 ChangeBinInt-InsertByte-
#1834181	REDUCE cov: 1186 ft: 4389 corp: 446/345Kb lim: 4096 exec/s: 259 rss: 596Mb L: 1351/3639 MS: 4 ChangeByte-PersAutoDict-ChangeBit-EraseBytes- DE: "\363\377\377\377"-
#1835167	REDUCE cov: 1186 ft: 4389 corp: 446/345Kb lim: 4096 exec/s: 259 rss: 596Mb L: 1131/3639 MS: 1 EraseBytes-
#1835541	REDUCE cov: 1186 ft: 4389 corp: 446/345Kb lim: 4096 exec/s: 259 rss: 596Mb L: 1125/3639 MS: 4 ChangeBit-EraseBytes-ChangeBit-CopyPart-
#1842052	REDUCE cov: 1186 ft: 4389 corp: 446/344Kb lim: 4096 exec/s: 260 rss: 596Mb L: 1213/3639 MS: 1 EraseBytes-
#1845839	REDUCE cov: 1186 ft: 4389 corp: 446/344Kb lim: 4096 exec/s: 260 rss: 596Mb L: 1053/3639 MS: 2 InsertRepeatedBytes-EraseBytes-
#1846551	REDUCE cov: 1186 ft: 4389 corp: 446/344Kb lim: 4096 exec/s: 260 rss: 596Mb L: 1091/3639 MS: 2 CMP-EraseBytes- DE: "\000\000\000\002\304\265\025\214t\336\327V\324\022\215@\0209\265\374\252\002\021\373\241\376H\2434\235\2428"-
#1854508	REDUCE cov: 1186 ft: 4389 corp: 446/344Kb lim: 4096 exec/s: 260 rss: 596Mb L: 1122/3639 MS: 2 ChangeBinInt-EraseBytes-
#1855994	REDUCE cov: 1186 ft: 4389 corp: 446/344Kb lim: 4096 exec/s: 260 rss: 596Mb L: 282/3639 MS: 1 EraseBytes-
#1857915	REDUCE cov: 1186 ft: 4389 corp: 446/344Kb lim: 4096 exec/s: 260 rss: 596Mb L: 1049/3639 MS: 1 EraseBytes-
#1858551	REDUCE cov: 1186 ft: 4389 corp: 446/344Kb lim: 4096 exec/s: 260 rss: 596Mb L: 289/3639 MS: 1 EraseBytes-
#1864102	NEW    cov: 1186 ft: 4391 corp: 447/345Kb lim: 4096 exec/s: 261 rss: 596Mb L: 1080/3639 MS: 1 InsertByte-
#1867493	REDUCE cov: 1186 ft: 4391 corp: 447/345Kb lim: 4096 exec/s: 261 rss: 596Mb L: 282/3639 MS: 1 EraseBytes-
#1879179	NEW    cov: 1186 ft: 4395 corp: 448/346Kb lim: 4096 exec/s: 262 rss: 596Mb L: 1080/3639 MS: 1 CopyPart-
#1879290	REDUCE cov: 1186 ft: 4395 corp: 448/346Kb lim: 4096 exec/s: 262 rss: 596Mb L: 1075/3639 MS: 1 EraseBytes-
#1883626	NEW    cov: 1186 ft: 4398 corp: 449/347Kb lim: 4096 exec/s: 262 rss: 596Mb L: 1080/3639 MS: 1 CrossOver-
#1883923	REDUCE cov: 1186 ft: 4398 corp: 449/347Kb lim: 4096 exec/s: 262 rss: 596Mb L: 280/3639 MS: 2 ChangeBit-EraseBytes-
#1893366	REDUCE cov: 1186 ft: 4398 corp: 449/347Kb lim: 4096 exec/s: 262 rss: 596Mb L: 2413/3639 MS: 3 ChangeByte-ChangeBit-EraseBytes-
#1899365	REDUCE cov: 1187 ft: 4399 corp: 450/347Kb lim: 4096 exec/s: 263 rss: 596Mb L: 288/3639 MS: 4 ShuffleBytes-ChangeBit-InsertByte-ChangeBinInt-
#1905305	REDUCE cov: 1187 ft: 4399 corp: 450/347Kb lim: 4096 exec/s: 263 rss: 596Mb L: 1088/3639 MS: 5 ChangeByte-ChangeASCIIInt-InsertRepeatedBytes-CopyPart-EraseBytes-
#1916821	REDUCE cov: 1187 ft: 4399 corp: 450/347Kb lim: 4096 exec/s: 264 rss: 596Mb L: 1133/3639 MS: 1 EraseBytes-
#1920577	REDUCE cov: 1187 ft: 4399 corp: 450/347Kb lim: 4096 exec/s: 264 rss: 596Mb L: 1072/3639 MS: 1 EraseBytes-
#1920744	REDUCE cov: 1187 ft: 4399 corp: 450/347Kb lim: 4096 exec/s: 264 rss: 596Mb L: 987/3639 MS: 2 ChangeBit-EraseBytes-
#1947635	REDUCE cov: 1187 ft: 4401 corp: 451/349Kb lim: 4096 exec/s: 265 rss: 596Mb L: 1871/3639 MS: 1 CrossOver-
#1953240	REDUCE cov: 1187 ft: 4401 corp: 451/349Kb lim: 4096 exec/s: 265 rss: 596Mb L: 1057/3639 MS: 5 ChangeBit-ChangeBinInt-InsertRepeatedBytes-CMP-EraseBytes- DE: "\012\000\000\000\000\000\000\000"-
#1953643	REDUCE cov: 1187 ft: 4401 corp: 451/349Kb lim: 4096 exec/s: 265 rss: 596Mb L: 278/3639 MS: 3 ShuffleBytes-InsertByte-EraseBytes-
#1966100	REDUCE cov: 1187 ft: 4401 corp: 451/349Kb lim: 4096 exec/s: 266 rss: 596Mb L: 1228/3639 MS: 2 CMP-EraseBytes- DE: "\000\000 \000\000\000\000\000\000\000\000\000\000\000\000\000\001\002\000\000\000\000\000\000\000\000\000\000\000\000\000\016"-
#1967419	REDUCE cov: 1188 ft: 4402 corp: 452/349Kb lim: 4096 exec/s: 266 rss: 596Mb L: 310/3639 MS: 4 CMP-ChangeBinInt-CMP-ChangeByte- DE: "\000\000\000\000"-"\000\000\000\000\000\000\002\304\265\025\214t\336\327V\324\022\215@\0208\265\374\252\002\021\373\241\376H\2434"-
#1971875	REDUCE cov: 1188 ft: 4402 corp: 452/349Kb lim: 4096 exec/s: 266 rss: 596Mb L: 1052/3639 MS: 1 EraseBytes-
#1973330	REDUCE cov: 1188 ft: 4402 corp: 452/349Kb lim: 4096 exec/s: 266 rss: 596Mb L: 2333/3639 MS: 5 ShuffleBytes-ChangeBinInt-EraseBytes-PersAutoDict-CopyPart- DE: "\377\377\377\377\377\377\377\377\377\377\377\377\377\377\377\377\377\377\001\003\000\000\000\000\000r\000\001\000\000\000\000"-
#1973728	REDUCE cov: 1188 ft: 4408 corp: 453/350Kb lim: 4096 exec/s: 266 rss: 596Mb L: 701/3639 MS: 3 CrossOver-InsertRepeatedBytes-EraseBytes-
#1976458	REDUCE cov: 1188 ft: 4408 corp: 453/350Kb lim: 4096 exec/s: 266 rss: 596Mb L: 1050/3639 MS: 5 ChangeBinInt-ChangeBit-ChangeByte-ShuffleBytes-EraseBytes-
#1981437	REDUCE cov: 1188 ft: 4408 corp: 453/350Kb lim: 4096 exec/s: 267 rss: 596Mb L: 494/3639 MS: 4 ChangeByte-ChangeByte-ChangeBit-EraseBytes-
#1985318	REDUCE cov: 1188 ft: 4408 corp: 453/350Kb lim: 4096 exec/s: 267 rss: 596Mb L: 1051/3639 MS: 1 EraseBytes-
#1986012	REDUCE cov: 1188 ft: 4408 corp: 453/350Kb lim: 4096 exec/s: 267 rss: 596Mb L: 1047/3639 MS: 4 CopyPart-ChangeByte-InsertByte-EraseBytes-
#1988674	REDUCE cov: 1188 ft: 4408 corp: 453/350Kb lim: 4096 exec/s: 267 rss: 596Mb L: 1042/3639 MS: 2 PersAutoDict-EraseBytes- DE: "\376\377\377\206"-
#1998505	REDUCE cov: 1188 ft: 4408 corp: 453/350Kb lim: 4096 exec/s: 268 rss: 596Mb L: 603/3639 MS: 1 EraseBytes-
#2001971	REDUCE cov: 1188 ft: 4408 corp: 453/350Kb lim: 4096 exec/s: 268 rss: 596Mb L: 279/3639 MS: 1 EraseBytes-
#2015834	REDUCE cov: 1188 ft: 4408 corp: 453/350Kb lim: 4096 exec/s: 269 rss: 596Mb L: 1044/3639 MS: 3 ShuffleBytes-CMP-EraseBytes- DE: "\013\010\215\000\000\215!\000\000\000\000\000\000\000\000\000\000\000\000\000\000\000\000\000\000\000\000\000\000\000\000\000"-
#2031655	REDUCE cov: 1188 ft: 4408 corp: 453/350Kb lim: 4096 exec/s: 269 rss: 596Mb L: 289/3639 MS: 1 EraseBytes-
#2034633	REDUCE cov: 1188 ft: 4408 corp: 453/350Kb lim: 4096 exec/s: 270 rss: 596Mb L: 203/3639 MS: 3 ChangeBit-EraseBytes-ChangeBinInt-
#2047232	REDUCE cov: 1188 ft: 4408 corp: 453/350Kb lim: 4096 exec/s: 270 rss: 596Mb L: 1042/3639 MS: 4 PersAutoDict-ShuffleBytes-InsertRepeatedBytes-EraseBytes- DE: "\000\000\000\000"-
#2056398	REDUCE cov: 1188 ft: 4408 corp: 453/350Kb lim: 4096 exec/s: 271 rss: 596Mb L: 287/3639 MS: 1 EraseBytes-
#2059734	REDUCE cov: 1188 ft: 4408 corp: 453/350Kb lim: 4096 exec/s: 271 rss: 596Mb L: 1000/3639 MS: 1 EraseBytes-
#2062670	REDUCE cov: 1188 ft: 4408 corp: 453/350Kb lim: 4096 exec/s: 271 rss: 596Mb L: 75/3639 MS: 1 EraseBytes-
#2063987	REDUCE cov: 1188 ft: 4410 corp: 454/350Kb lim: 4096 exec/s: 271 rss: 596Mb L: 280/3639 MS: 2 ChangeBit-PersAutoDict- DE: "\001\000\000\000\000\000\000\000"-
#2070116	REDUCE cov: 1188 ft: 4410 corp: 454/350Kb lim: 4096 exec/s: 271 rss: 596Mb L: 396/3639 MS: 4 PersAutoDict-ShuffleBytes-InsertRepeatedBytes-EraseBytes- DE: "\012\000\000\000\000\000\000\000"-
#2078359	REDUCE cov: 1188 ft: 4410 corp: 454/350Kb lim: 4096 exec/s: 272 rss: 596Mb L: 283/3639 MS: 3 ChangeByte-ShuffleBytes-EraseBytes-
#2079767	REDUCE cov: 1188 ft: 4410 corp: 454/350Kb lim: 4096 exec/s: 272 rss: 596Mb L: 431/3639 MS: 3 ChangeByte-EraseBytes-CopyPart-
#2087068	REDUCE cov: 1188 ft: 4412 corp: 455/351Kb lim: 4096 exec/s: 272 rss: 596Mb L: 1042/3639 MS: 1 CopyPart-
#2097152	pulse  cov: 1188 ft: 4412 corp: 455/351Kb lim: 4096 exec/s: 273 rss: 596Mb
#2102204	NEW    cov: 1188 ft: 4414 corp: 456/352Kb lim: 4096 exec/s: 273 rss: 596Mb L: 1043/3639 MS: 1 InsertByte-
#2124289	REDUCE cov: 1188 ft: 4414 corp: 456/351Kb lim: 4096 exec/s: 274 rss: 596Mb L: 1591/3639 MS: 5 ChangeASCIIInt-ShuffleBytes-ShuffleBytes-ChangeByte-EraseBytes-
#2131865	REDUCE cov: 1188 ft: 4414 corp: 456/351Kb lim: 4096 exec/s: 274 rss: 596Mb L: 1048/3639 MS: 1 EraseBytes-
#2148306	REDUCE cov: 1188 ft: 4414 corp: 456/351Kb lim: 4096 exec/s: 275 rss: 596Mb L: 541/3639 MS: 1 EraseBytes-
#2150249	NEW    cov: 1188 ft: 4418 corp: 457/352Kb lim: 4096 exec/s: 275 rss: 596Mb L: 310/3639 MS: 3 ChangeBit-ChangeASCIIInt-ChangeBit-
#2153856	REDUCE cov: 1188 ft: 4420 corp: 458/352Kb lim: 4096 exec/s: 275 rss: 596Mb L: 280/3639 MS: 2 ChangeByte-ShuffleBytes-
#2156457	REDUCE cov: 1188 ft: 4420 corp: 458/352Kb lim: 4096 exec/s: 276 rss: 596Mb L: 291/3639 MS: 1 EraseBytes-
#2157018	REDUCE cov: 1188 ft: 4420 corp: 458/352Kb lim: 4096 exec/s: 276 rss: 596Mb L: 1219/3639 MS: 1 EraseBytes-
#2160222	NEW    cov: 1188 ft: 4424 corp: 459/352Kb lim: 4096 exec/s: 276 rss: 596Mb L: 435/3639 MS: 4 ShuffleBytes-ChangeBinInt-ChangeByte-PersAutoDict- DE: "\000b\000\000\000\000\000\000\000\003\000\000\000\000\000\000\000\002\000\000\000\000\000\000\000\001\000\000\000\000\000\000"-
#2160589	REDUCE cov: 1188 ft: 4424 corp: 459/352Kb lim: 4096 exec/s: 276 rss: 596Mb L: 278/3639 MS: 2 ShuffleBytes-EraseBytes-
#2170900	REDUCE cov: 1188 ft: 4424 corp: 459/352Kb lim: 4096 exec/s: 276 rss: 596Mb L: 278/3639 MS: 1 EraseBytes-
#2194186	REDUCE cov: 1188 ft: 4424 corp: 459/352Kb lim: 4096 exec/s: 277 rss: 596Mb L: 380/3639 MS: 1 EraseBytes-
#2203419	REDUCE cov: 1188 ft: 4424 corp: 459/352Kb lim: 4096 exec/s: 278 rss: 596Mb L: 58/3639 MS: 3 InsertByte-InsertByte-EraseBytes-
#2207071	NEW    cov: 1188 ft: 4428 corp: 460/353Kb lim: 4096 exec/s: 278 rss: 596Mb L: 1042/3639 MS: 2 CMP-CopyPart- DE: "\000\000\000\000"-
#2207457	REDUCE cov: 1188 ft: 4428 corp: 460/353Kb lim: 4096 exec/s: 278 rss: 596Mb L: 1107/3639 MS: 1 EraseBytes-
#2218583	REDUCE cov: 1188 ft: 4428 corp: 460/353Kb lim: 4096 exec/s: 279 rss: 596Mb L: 471/3639 MS: 1 EraseBytes-
#2226574	NEW    cov: 1189 ft: 4429 corp: 461/354Kb lim: 4096 exec/s: 279 rss: 596Mb L: 310/3639 MS: 1 ChangeBit-
#2227851	REDUCE cov: 1189 ft: 4429 corp: 461/354Kb lim: 4096 exec/s: 279 rss: 596Mb L: 289/3639 MS: 2 EraseBytes-InsertRepeatedBytes-
#2239707	REDUCE cov: 1189 ft: 4429 corp: 461/354Kb lim: 4096 exec/s: 280 rss: 596Mb L: 1078/3639 MS: 1 EraseBytes-
#2260783	REDUCE cov: 1189 ft: 4429 corp: 461/354Kb lim: 4096 exec/s: 281 rss: 596Mb L: 1054/3639 MS: 1 EraseBytes-
#2262254	REDUCE cov: 1189 ft: 4429 corp: 461/354Kb lim: 4096 exec/s: 281 rss: 596Mb L: 298/3639 MS: 1 EraseBytes-
#2264202	NEW    cov: 1189 ft: 4430 corp: 462/354Kb lim: 4096 exec/s: 281 rss: 596Mb L: 403/3639 MS: 3 CMP-ShuffleBytes-ChangeBit- DE: "\003\000\000\000\000\000\000\200"-
#2276769	REDUCE cov: 1189 ft: 4430 corp: 462/354Kb lim: 4096 exec/s: 282 rss: 596Mb L: 1079/3639 MS: 2 ShuffleBytes-EraseBytes-
#2280925	REDUCE cov: 1189 ft: 4430 corp: 462/354Kb lim: 4096 exec/s: 282 rss: 596Mb L: 278/3639 MS: 1 EraseBytes-
#2321848	REDUCE cov: 1189 ft: 4430 corp: 462/354Kb lim: 4096 exec/s: 284 rss: 596Mb L: 1074/3639 MS: 3 ChangeBinInt-ChangeBit-EraseBytes-
#2332205	REDUCE cov: 1189 ft: 4430 corp: 462/354Kb lim: 4096 exec/s: 284 rss: 596Mb L: 1428/3639 MS: 2 CopyPart-EraseBytes-
#2353257	REDUCE cov: 1189 ft: 4430 corp: 462/354Kb lim: 4096 exec/s: 285 rss: 596Mb L: 1046/3639 MS: 2 ChangeBit-EraseBytes-
#2359571	REDUCE cov: 1189 ft: 4430 corp: 462/354Kb lim: 4096 exec/s: 285 rss: 596Mb L: 977/3639 MS: 4 InsertByte-CopyPart-ShuffleBytes-EraseBytes-
#2375503	REDUCE cov: 1189 ft: 4430 corp: 462/354Kb lim: 4096 exec/s: 286 rss: 596Mb L: 279/3639 MS: 2 CMP-EraseBytes- DE: "\374\377\377\377\000\000\000\000\000\000\000\000\000\000\000\000\000\000\000\000\000\000\000\000\000\000\000\000\000\000\000\001"-
#2383488	REDUCE cov: 1189 ft: 4430 corp: 462/354Kb lim: 4096 exec/s: 286 rss: 596Mb L: 1603/3639 MS: 5 InsertByte-ChangeByte-CrossOver-EraseBytes-InsertByte-
#2390249	REDUCE cov: 1189 ft: 4430 corp: 462/354Kb lim: 4096 exec/s: 287 rss: 596Mb L: 285/3639 MS: 1 EraseBytes-
#2394970	REDUCE cov: 1189 ft: 4430 corp: 462/354Kb lim: 4096 exec/s: 287 rss: 596Mb L: 1045/3639 MS: 1 EraseBytes-
#2397626	NEW    cov: 1189 ft: 4432 corp: 463/354Kb lim: 4096 exec/s: 287 rss: 596Mb L: 324/3639 MS: 1 InsertRepeatedBytes-
#2403133	REDUCE cov: 1189 ft: 4432 corp: 463/354Kb lim: 4096 exec/s: 287 rss: 596Mb L: 1044/3639 MS: 2 ShuffleBytes-EraseBytes-
#2419656	REDUCE cov: 1189 ft: 4432 corp: 463/354Kb lim: 4096 exec/s: 288 rss: 596Mb L: 1155/3639 MS: 3 CMP-CMP-EraseBytes- DE: "\001\000\000\000\000\000\200\000\000\000\000\000\000\000\000\000\000\000\000\000\000\000\000\000\000\000\000\000\000\000\000\001"-"\000\000\000'"-
#2423003	NEW    cov: 1190 ft: 4435 corp: 464/355Kb lim: 4096 exec/s: 288 rss: 596Mb L: 310/3639 MS: 2 ChangeBinInt-ChangeBinInt-
#2424426	REDUCE cov: 1190 ft: 4437 corp: 465/357Kb lim: 4096 exec/s: 288 rss: 596Mb L: 2193/3639 MS: 3 ChangeBinInt-ChangeBit-CrossOver-
#2425555	REDUCE cov: 1190 ft: 4439 corp: 466/358Kb lim: 4096 exec/s: 288 rss: 596Mb L: 1591/3639 MS: 4 ChangeByte-CopyPart-CrossOver-ChangeBit-
#2426901	REDUCE cov: 1190 ft: 4439 corp: 466/358Kb lim: 4096 exec/s: 288 rss: 596Mb L: 1314/3639 MS: 1 EraseBytes-
#2427309	REDUCE cov: 1190 ft: 4439 corp: 466/358Kb lim: 4096 exec/s: 288 rss: 596Mb L: 1044/3639 MS: 3 InsertByte-PersAutoDict-EraseBytes- DE: "\000\000\000\000\000\000\001\002\001\000\000\000\000\000\000\000\004\000\000\000\000\000\001\000\000\000\000\010\215\215+\215"-
#2432020	REDUCE cov: 1190 ft: 4439 corp: 466/358Kb lim: 4096 exec/s: 288 rss: 596Mb L: 1198/3639 MS: 1 EraseBytes-
#2432338	NEW    cov: 1190 ft: 4440 corp: 467/359Kb lim: 4096 exec/s: 288 rss: 596Mb L: 350/3639 MS: 3 CMP-CMP-CrossOver- DE: "\000\000\000\000\000\000\000\000\000\000\000\000\000\000\000\000\000\000\000\000\000\000\000\000\000\000\000\000\000\000\000\000"-"\005\000\000\000\000\000\000\000"-
#2438264	REDUCE cov: 1190 ft: 4440 corp: 467/359Kb lim: 4096 exec/s: 289 rss: 596Mb L: 388/3639 MS: 1 EraseBytes-
#2440040	REDUCE cov: 1190 ft: 4440 corp: 467/359Kb lim: 4096 exec/s: 289 rss: 596Mb L: 457/3639 MS: 1 EraseBytes-
#2440380	REDUCE cov: 1190 ft: 4440 corp: 467/359Kb lim: 4096 exec/s: 289 rss: 596Mb L: 3302/3639 MS: 5 ChangeBit-ChangeBit-PersAutoDict-EraseBytes-InsertRepeatedBytes- DE: "7\000\000\000"-
#2449531	REDUCE cov: 1190 ft: 4462 corp: 468/359Kb lim: 4096 exec/s: 289 rss: 596Mb L: 283/3639 MS: 1 ChangeBinInt-
#2451902	REDUCE cov: 1190 ft: 4462 corp: 468/359Kb lim: 4096 exec/s: 289 rss: 596Mb L: 1439/3639 MS: 1 EraseBytes-
#2454244	REDUCE cov: 1190 ft: 4462 corp: 468/358Kb lim: 4096 exec/s: 289 rss: 596Mb L: 1143/3639 MS: 2 CMP-EraseBytes- DE: "\001\016"-
#2457735	REDUCE cov: 1190 ft: 4462 corp: 468/358Kb lim: 4096 exec/s: 289 rss: 596Mb L: 552/3639 MS: 1 EraseBytes-
#2466376	REDUCE cov: 1190 ft: 4462 corp: 468/358Kb lim: 4096 exec/s: 290 rss: 596Mb L: 783/3639 MS: 1 EraseBytes-
#2487462	REDUCE cov: 1190 ft: 4462 corp: 468/358Kb lim: 4096 exec/s: 291 rss: 596Mb L: 1053/3639 MS: 1 EraseBytes-
#2489224	REDUCE cov: 1190 ft: 4462 corp: 468/358Kb lim: 4096 exec/s: 291 rss: 596Mb L: 1304/3639 MS: 2 InsertByte-EraseBytes-
#2489580	REDUCE cov: 1190 ft: 4462 corp: 468/358Kb lim: 4096 exec/s: 291 rss: 596Mb L: 2373/3639 MS: 1 EraseBytes-
#2493087	REDUCE cov: 1190 ft: 4462 corp: 468/358Kb lim: 4096 exec/s: 291 rss: 596Mb L: 636/3639 MS: 2 ChangeByte-EraseBytes-
#2493652	REDUCE cov: 1190 ft: 4462 corp: 468/358Kb lim: 4096 exec/s: 291 rss: 596Mb L: 428/3639 MS: 5 InsertRepeatedBytes-ChangeBit-ShuffleBytes-ChangeBinInt-EraseBytes-
#2500123	REDUCE cov: 1190 ft: 4462 corp: 468/358Kb lim: 4096 exec/s: 291 rss: 596Mb L: 426/3639 MS: 1 EraseBytes-
#2509780	REDUCE cov: 1190 ft: 4462 corp: 468/358Kb lim: 4096 exec/s: 291 rss: 596Mb L: 1046/3639 MS: 1 EraseBytes-
#2516972	REDUCE cov: 1190 ft: 4462 corp: 468/357Kb lim: 4096 exec/s: 292 rss: 596Mb L: 1908/3639 MS: 2 CMP-CrossOver- DE: "\000\030rrrrrrrrrrrrrrrrrrrrrrrr}}rrrr"-
#2523850	REDUCE cov: 1190 ft: 4462 corp: 468/357Kb lim: 4096 exec/s: 292 rss: 596Mb L: 285/3639 MS: 3 InsertRepeatedBytes-CrossOver-EraseBytes-
#2535522	REDUCE cov: 1190 ft: 4462 corp: 468/357Kb lim: 4096 exec/s: 292 rss: 596Mb L: 1743/3639 MS: 2 ChangeBit-EraseBytes-
#2538688	REDUCE cov: 1190 ft: 4462 corp: 468/357Kb lim: 4096 exec/s: 292 rss: 596Mb L: 282/3639 MS: 1 EraseBytes-
#2542984	REDUCE cov: 1190 ft: 4462 corp: 468/357Kb lim: 4096 exec/s: 293 rss: 596Mb L: 1549/3639 MS: 1 CrossOver-
#2563803	REDUCE cov: 1190 ft: 4462 corp: 468/357Kb lim: 4096 exec/s: 294 rss: 596Mb L: 602/3639 MS: 4 ShuffleBytes-ShuffleBytes-ChangeBinInt-EraseBytes-
#2578764	REDUCE cov: 1190 ft: 4462 corp: 468/357Kb lim: 4096 exec/s: 294 rss: 596Mb L: 1052/3639 MS: 1 EraseBytes-
#2588416	REDUCE cov: 1190 ft: 4462 corp: 468/357Kb lim: 4096 exec/s: 294 rss: 596Mb L: 1208/3639 MS: 2 PersAutoDict-EraseBytes- DE: "\000\000\000\000\000\000\000\000\000\000\000&\000\"\001=\"\"\001=+\000\001\000\000\000\000\000\000\000\001\003"-
#2598377	REDUCE cov: 1190 ft: 4462 corp: 468/357Kb lim: 4096 exec/s: 295 rss: 596Mb L: 879/3639 MS: 1 EraseBytes-
#2604337	REDUCE cov: 1190 ft: 4462 corp: 468/357Kb lim: 4096 exec/s: 295 rss: 596Mb L: 1148/3639 MS: 5 EraseBytes-ChangeBinInt-ShuffleBytes-ChangeBit-PersAutoDict- DE: "\000\000\000\000\000\000\004\000\000\000\000\000\000\000\000\000\000\000\000\000\000\000\000\000\000\000\000\000\000\000\000\200"-
#2608829	NEW    cov: 1198 ft: 4495 corp: 469/357Kb lim: 4096 exec/s: 295 rss: 596Mb L: 350/3639 MS: 2 ShuffleBytes-ChangeBinInt-
#2617060	REDUCE cov: 1198 ft: 4495 corp: 469/357Kb lim: 4096 exec/s: 295 rss: 596Mb L: 415/3639 MS: 1 EraseBytes-
#2620322	REDUCE cov: 1198 ft: 4495 corp: 469/357Kb lim: 4096 exec/s: 296 rss: 596Mb L: 310/3639 MS: 2 InsertByte-EraseBytes-
#2642888	REDUCE cov: 1198 ft: 4495 corp: 469/357Kb lim: 4096 exec/s: 297 rss: 596Mb L: 279/3639 MS: 1 EraseBytes-
#2650617	REDUCE cov: 1198 ft: 4495 corp: 469/357Kb lim: 4096 exec/s: 297 rss: 596Mb L: 1043/3639 MS: 4 InsertByte-ChangeBit-CMP-EraseBytes- DE: "\361\000\000\000"-
#2654684	REDUCE cov: 1198 ft: 4495 corp: 469/357Kb lim: 4096 exec/s: 297 rss: 596Mb L: 278/3639 MS: 2 ChangeBinInt-EraseBytes-
#2661821	NEW    cov: 1198 ft: 4497 corp: 470/358Kb lim: 4096 exec/s: 297 rss: 596Mb L: 1081/3639 MS: 2 InsertByte-CopyPart-
#2672389	REDUCE cov: 1198 ft: 4497 corp: 470/358Kb lim: 4096 exec/s: 298 rss: 596Mb L: 1105/3639 MS: 3 ShuffleBytes-InsertByte-EraseBytes-
#2702580	REDUCE cov: 1198 ft: 4497 corp: 470/358Kb lim: 4096 exec/s: 299 rss: 596Mb L: 3290/3639 MS: 1 EraseBytes-
#2721041	NEW    cov: 1198 ft: 4499 corp: 471/359Kb lim: 4096 exec/s: 300 rss: 596Mb L: 435/3639 MS: 1 CMP- DE: "\000\000\000\001\000\000\000\000\000\000\000\000\000\000\000\000\000\000\000\000\000\000\000\000\000\000\000\000\000\000\000\001"-
#2734697	REDUCE cov: 1198 ft: 4499 corp: 471/359Kb lim: 4096 exec/s: 301 rss: 596Mb L: 1204/3639 MS: 1 EraseBytes-
#2751458	REDUCE cov: 1198 ft: 4499 corp: 471/359Kb lim: 4096 exec/s: 301 rss: 596Mb L: 300/3639 MS: 1 EraseBytes-
#2751459	REDUCE cov: 1198 ft: 4499 corp: 471/359Kb lim: 4096 exec/s: 301 rss: 596Mb L: 27/3639 MS: 1 EraseBytes-
#2755911	REDUCE cov: 1198 ft: 4499 corp: 471/359Kb lim: 4096 exec/s: 302 rss: 596Mb L: 1081/3639 MS: 2 CopyPart-EraseBytes-
#2771448	REDUCE cov: 1198 ft: 4499 corp: 471/359Kb lim: 4096 exec/s: 302 rss: 596Mb L: 115/3639 MS: 2 EraseBytes-EraseBytes-
#2775789	REDUCE cov: 1198 ft: 4501 corp: 472/359Kb lim: 4096 exec/s: 302 rss: 596Mb L: 457/3639 MS: 1 PersAutoDict- DE: "\002\001\000\000\000\000\000\000\000\004\000\000\000\000\000\000\000\000\000\000\000\000[\000\000\000\000\000\000\000\000\000"-
#2781792	REDUCE cov: 1198 ft: 4506 corp: 473/360Kb lim: 4096 exec/s: 302 rss: 596Mb L: 584/3639 MS: 3 ChangeBinInt-CrossOver-CopyPart-
#2794423	REDUCE cov: 1198 ft: 4506 corp: 473/360Kb lim: 4096 exec/s: 303 rss: 596Mb L: 1042/3639 MS: 1 EraseBytes-
#2800859	REDUCE cov: 1198 ft: 4506 corp: 473/360Kb lim: 4096 exec/s: 303 rss: 596Mb L: 1680/3639 MS: 1 EraseBytes-
#2801116	REDUCE cov: 1198 ft: 4506 corp: 473/360Kb lim: 4096 exec/s: 303 rss: 596Mb L: 1085/3639 MS: 2 CopyPart-EraseBytes-
#2855053	REDUCE cov: 1198 ft: 4506 corp: 473/360Kb lim: 4096 exec/s: 305 rss: 596Mb L: 3269/3639 MS: 2 ChangeByte-EraseBytes-
#2874585	REDUCE cov: 1198 ft: 4506 corp: 473/360Kb lim: 4096 exec/s: 306 rss: 596Mb L: 1043/3639 MS: 2 ShuffleBytes-EraseBytes-
#2886783	REDUCE cov: 1198 ft: 4506 corp: 473/359Kb lim: 4096 exec/s: 306 rss: 596Mb L: 1042/3639 MS: 3 ChangeBit-CrossOver-EraseBytes-
#2893411	REDUCE cov: 1198 ft: 4506 corp: 473/359Kb lim: 4096 exec/s: 307 rss: 596Mb L: 335/3639 MS: 3 CMP-InsertByte-EraseBytes- DE: "\310\000\000\000"-
#2901690	REDUCE cov: 1198 ft: 4506 corp: 473/359Kb lim: 4096 exec/s: 307 rss: 596Mb L: 1848/3639 MS: 4 ChangeByte-ShuffleBytes-InsertByte-EraseBytes-
#2906009	REDUCE cov: 1198 ft: 4506 corp: 473/359Kb lim: 4096 exec/s: 307 rss: 596Mb L: 1121/3639 MS: 4 ChangeASCIIInt-EraseBytes-CrossOver-CMP- DE: "\377\377\377\377\377\377\377\007"-
#2906902	REDUCE cov: 1198 ft: 4506 corp: 473/359Kb lim: 4096 exec/s: 307 rss: 596Mb L: 113/3639 MS: 3 CopyPart-EraseBytes-CopyPart-
#2912283	REDUCE cov: 1198 ft: 4506 corp: 473/359Kb lim: 4096 exec/s: 307 rss: 596Mb L: 281/3639 MS: 1 EraseBytes-
#2925085	REDUCE cov: 1198 ft: 4506 corp: 473/359Kb lim: 4096 exec/s: 308 rss: 596Mb L: 1042/3639 MS: 2 ChangeBinInt-EraseBytes-
#2927518	REDUCE cov: 1198 ft: 4506 corp: 473/359Kb lim: 4096 exec/s: 308 rss: 596Mb L: 287/3639 MS: 3 ChangeByte-ChangeBit-EraseBytes-
#2932690	REDUCE cov: 1198 ft: 4506 corp: 473/359Kb lim: 4096 exec/s: 308 rss: 596Mb L: 1570/3639 MS: 2 ShuffleBytes-EraseBytes-
#2934061	REDUCE cov: 1198 ft: 4506 corp: 473/359Kb lim: 4096 exec/s: 308 rss: 596Mb L: 505/3639 MS: 1 EraseBytes-
#2937179	REDUCE cov: 1198 ft: 4506 corp: 473/359Kb lim: 4096 exec/s: 308 rss: 596Mb L: 280/3639 MS: 3 ShuffleBytes-CMP-EraseBytes- DE: "W\000\000\000"-
#2943052	REDUCE cov: 1198 ft: 4508 corp: 474/360Kb lim: 4096 exec/s: 308 rss: 596Mb L: 1042/3639 MS: 3 ChangeByte-ChangeByte-PersAutoDict- DE: "\000\000\000\364"-
#2950424	REDUCE cov: 1198 ft: 4508 corp: 474/360Kb lim: 4096 exec/s: 309 rss: 596Mb L: 1064/3639 MS: 2 ChangeBit-EraseBytes-
#2951430	REDUCE cov: 1198 ft: 4508 corp: 474/360Kb lim: 4096 exec/s: 309 rss: 596Mb L: 429/3639 MS: 1 EraseBytes-
#2959942	REDUCE cov: 1198 ft: 4508 corp: 474/360Kb lim: 4096 exec/s: 309 rss: 596Mb L: 1044/3639 MS: 2 ChangeByte-EraseBytes-
#2967588	REDUCE cov: 1198 ft: 4508 corp: 474/360Kb lim: 4096 exec/s: 309 rss: 596Mb L: 984/3639 MS: 1 EraseBytes-
#2969169	REDUCE cov: 1198 ft: 4508 corp: 474/360Kb lim: 4096 exec/s: 309 rss: 596Mb L: 1123/3639 MS: 1 EraseBytes-
#3018990	REDUCE cov: 1198 ft: 4531 corp: 475/360Kb lim: 4096 exec/s: 311 rss: 596Mb L: 827/3639 MS: 1 CopyPart-
#3020826	REDUCE cov: 1198 ft: 4531 corp: 475/360Kb lim: 4096 exec/s: 311 rss: 596Mb L: 2266/3639 MS: 1 EraseBytes-
#3026434	NEW    cov: 1198 ft: 4555 corp: 476/361Kb lim: 4096 exec/s: 311 rss: 596Mb L: 307/3639 MS: 3 InsertByte-ChangeBinInt-EraseBytes-
#3030586	REDUCE cov: 1198 ft: 4555 corp: 476/361Kb lim: 4096 exec/s: 311 rss: 596Mb L: 1062/3639 MS: 2 CopyPart-EraseBytes-
#3035907	REDUCE cov: 1198 ft: 4555 corp: 476/361Kb lim: 4096 exec/s: 312 rss: 596Mb L: 126/3639 MS: 1 EraseBytes-
#3091402	REDUCE cov: 1198 ft: 4555 corp: 476/361Kb lim: 4096 exec/s: 313 rss: 596Mb L: 279/3639 MS: 5 ChangeBit-ChangeBinInt-CrossOver-PersAutoDict-EraseBytes- DE: "\351\000\000\000"-
#3119378	REDUCE cov: 1198 ft: 4555 corp: 476/361Kb lim: 4096 exec/s: 314 rss: 596Mb L: 2480/3639 MS: 1 EraseBytes-
#3128411	REDUCE cov: 1198 ft: 4555 corp: 476/361Kb lim: 4096 exec/s: 315 rss: 596Mb L: 1827/3639 MS: 3 InsertByte-PersAutoDict-EraseBytes- DE: "\000\000\000\000\000\000\000\000\000\000\000\000\200\000\000\000\000\000\001\003\000\000\000\000\000\000\000\000b\000\000\000"-
#3166288	NEW    cov: 1198 ft: 4557 corp: 477/361Kb lim: 4096 exec/s: 316 rss: 596Mb L: 307/3639 MS: 2 ChangeBinInt-ChangeByte-
#3179349	REDUCE cov: 1198 ft: 4557 corp: 477/361Kb lim: 4096 exec/s: 316 rss: 596Mb L: 525/3639 MS: 1 EraseBytes-
#3180052	REDUCE cov: 1198 ft: 4557 corp: 477/361Kb lim: 4096 exec/s: 317 rss: 596Mb L: 1144/3639 MS: 3 CopyPart-EraseBytes-EraseBytes-
#3204650	REDUCE cov: 1198 ft: 4557 corp: 477/361Kb lim: 4096 exec/s: 317 rss: 596Mb L: 1048/3639 MS: 3 EraseBytes-InsertByte-InsertRepeatedBytes-
#3224031	REDUCE cov: 1198 ft: 4557 corp: 477/361Kb lim: 4096 exec/s: 318 rss: 596Mb L: 278/3639 MS: 1 EraseBytes-
#3229557	REDUCE cov: 1198 ft: 4557 corp: 477/361Kb lim: 4096 exec/s: 318 rss: 596Mb L: 1510/3639 MS: 1 EraseBytes-
#3245468	REDUCE cov: 1198 ft: 4557 corp: 477/361Kb lim: 4096 exec/s: 319 rss: 596Mb L: 460/3639 MS: 1 EraseBytes-
#3264129	NEW    cov: 1198 ft: 4563 corp: 478/362Kb lim: 4096 exec/s: 319 rss: 596Mb L: 1080/3639 MS: 1 CMP- DE: "\001\000\000\000"-
#3297946	REDUCE cov: 1198 ft: 4563 corp: 478/362Kb lim: 4096 exec/s: 320 rss: 596Mb L: 2221/3639 MS: 2 InsertByte-EraseBytes-
#3303451	REDUCE cov: 1198 ft: 4563 corp: 478/362Kb lim: 4096 exec/s: 320 rss: 596Mb L: 150/3639 MS: 5 InsertByte-EraseBytes-CopyPart-ChangeByte-EraseBytes-
#3326363	REDUCE cov: 1198 ft: 4563 corp: 478/362Kb lim: 4096 exec/s: 321 rss: 596Mb L: 278/3639 MS: 2 ShuffleBytes-EraseBytes-
#3332245	REDUCE cov: 1198 ft: 4563 corp: 478/362Kb lim: 4096 exec/s: 321 rss: 596Mb L: 1043/3639 MS: 2 ChangeBit-EraseBytes-
#3337566	REDUCE cov: 1198 ft: 4565 corp: 479/362Kb lim: 4096 exec/s: 321 rss: 596Mb L: 115/3639 MS: 1 CMP- DE: "\033\311\376\242X\004\000\000"-
#3354047	REDUCE cov: 1198 ft: 4565 corp: 479/362Kb lim: 4096 exec/s: 321 rss: 596Mb L: 1758/3639 MS: 1 EraseBytes-
#3363938	REDUCE cov: 1198 ft: 4565 corp: 479/362Kb lim: 4096 exec/s: 322 rss: 596Mb L: 1073/3639 MS: 1 EraseBytes-
#3364505	REDUCE cov: 1198 ft: 4567 corp: 480/363Kb lim: 4096 exec/s: 322 rss: 596Mb L: 1043/3639 MS: 2 ChangeBit-EraseBytes-
#3368932	REDUCE cov: 1198 ft: 4567 corp: 480/363Kb lim: 4096 exec/s: 322 rss: 596Mb L: 317/3639 MS: 2 ShuffleBytes-EraseBytes-
#3422238	REDUCE cov: 1199 ft: 4568 corp: 481/363Kb lim: 4096 exec/s: 323 rss: 596Mb L: 460/3639 MS: 1 CopyPart-
#3430357	REDUCE cov: 1199 ft: 4568 corp: 481/363Kb lim: 4096 exec/s: 324 rss: 596Mb L: 410/3639 MS: 4 CopyPart-InsertByte-ChangeASCIIInt-EraseBytes-
#3438488	REDUCE cov: 1199 ft: 4568 corp: 481/363Kb lim: 4096 exec/s: 324 rss: 596Mb L: 457/3639 MS: 1 EraseBytes-
#3454854	REDUCE cov: 1199 ft: 4568 corp: 481/363Kb lim: 4096 exec/s: 324 rss: 596Mb L: 2180/3639 MS: 1 EraseBytes-
#3520220	REDUCE cov: 1199 ft: 4568 corp: 481/363Kb lim: 4096 exec/s: 326 rss: 596Mb L: 2443/3639 MS: 1 EraseBytes-
#3525727	REDUCE cov: 1199 ft: 4568 corp: 481/363Kb lim: 4096 exec/s: 326 rss: 596Mb L: 1047/3639 MS: 2 ChangeASCIIInt-EraseBytes-
#3561598	REDUCE cov: 1199 ft: 4568 corp: 481/363Kb lim: 4096 exec/s: 327 rss: 596Mb L: 200/3639 MS: 1 EraseBytes-
#3565575	REDUCE cov: 1199 ft: 4568 corp: 481/363Kb lim: 4096 exec/s: 327 rss: 596Mb L: 408/3639 MS: 2 ChangeBit-EraseBytes-
#3567538	REDUCE cov: 1199 ft: 4568 corp: 481/362Kb lim: 4096 exec/s: 327 rss: 596Mb L: 303/3639 MS: 3 InsertByte-ShuffleBytes-EraseBytes-
#3618327	REDUCE cov: 1199 ft: 4568 corp: 481/362Kb lim: 4096 exec/s: 329 rss: 596Mb L: 722/3639 MS: 4 CMP-EraseBytes-ChangeByte-CopyPart- DE: "\013\000\000\000\000\000\000\000"-
#3674749	REDUCE cov: 1199 ft: 4568 corp: 481/362Kb lim: 4096 exec/s: 331 rss: 596Mb L: 279/3639 MS: 2 ChangeBinInt-EraseBytes-
#3701531	REDUCE cov: 1199 ft: 4568 corp: 481/362Kb lim: 4096 exec/s: 332 rss: 596Mb L: 1142/3639 MS: 2 InsertRepeatedBytes-EraseBytes-
#3711137	REDUCE cov: 1199 ft: 4568 corp: 481/362Kb lim: 4096 exec/s: 332 rss: 596Mb L: 301/3639 MS: 1 EraseBytes-
#3756673	REDUCE cov: 1199 ft: 4568 corp: 481/362Kb lim: 4096 exec/s: 333 rss: 596Mb L: 284/3639 MS: 1 CrossOver-
#3872784	REDUCE cov: 1199 ft: 4568 corp: 481/362Kb lim: 4096 exec/s: 336 rss: 596Mb L: 302/3639 MS: 1 EraseBytes-
#3877603	REDUCE cov: 1199 ft: 4568 corp: 481/362Kb lim: 4096 exec/s: 336 rss: 596Mb L: 1042/3639 MS: 4 ChangeBinInt-ChangeByte-EraseBytes-InsertByte-
#3891820	REDUCE cov: 1199 ft: 4569 corp: 482/363Kb lim: 4096 exec/s: 337 rss: 596Mb L: 278/3639 MS: 2 CMP-CopyPart- DE: "\377\377\377\377\377\377\377\013"-
#3895148	REDUCE cov: 1199 ft: 4569 corp: 482/362Kb lim: 4096 exec/s: 337 rss: 596Mb L: 248/3639 MS: 3 ChangeASCIIInt-ShuffleBytes-EraseBytes-
#3913459	REDUCE cov: 1199 ft: 4571 corp: 483/363Kb lim: 4096 exec/s: 337 rss: 596Mb L: 123/3639 MS: 1 CopyPart-
#3926835	REDUCE cov: 1199 ft: 4571 corp: 483/363Kb lim: 4096 exec/s: 337 rss: 596Mb L: 114/3639 MS: 1 EraseBytes-
#3938421	REDUCE cov: 1199 ft: 4571 corp: 483/363Kb lim: 4096 exec/s: 338 rss: 596Mb L: 348/3639 MS: 1 CrossOver-
#3938702	REDUCE cov: 1199 ft: 4571 corp: 483/362Kb lim: 4096 exec/s: 338 rss: 596Mb L: 2265/3639 MS: 1 EraseBytes-
#3951774	NEW    cov: 1199 ft: 4581 corp: 484/363Kb lim: 4096 exec/s: 338 rss: 596Mb L: 403/3639 MS: 2 ShuffleBytes-ChangeBit-
#3965911	REDUCE cov: 1199 ft: 4581 corp: 484/363Kb lim: 4096 exec/s: 338 rss: 596Mb L: 295/3639 MS: 2 ChangeByte-EraseBytes-
#3996747	REDUCE cov: 1199 ft: 4581 corp: 484/363Kb lim: 4096 exec/s: 339 rss: 596Mb L: 1697/3639 MS: 1 EraseBytes-
#4016728	REDUCE cov: 1199 ft: 4581 corp: 484/363Kb lim: 4096 exec/s: 340 rss: 596Mb L: 283/3639 MS: 1 EraseBytes-
#4018350	REDUCE cov: 1199 ft: 4581 corp: 484/363Kb lim: 4096 exec/s: 340 rss: 596Mb L: 1187/3639 MS: 2 ChangeBinInt-EraseBytes-
#4071676	REDUCE cov: 1199 ft: 4581 corp: 484/363Kb lim: 4096 exec/s: 341 rss: 596Mb L: 404/3639 MS: 1 EraseBytes-
#4071908	REDUCE cov: 1199 ft: 4581 corp: 484/363Kb lim: 4096 exec/s: 341 rss: 596Mb L: 1042/3639 MS: 2 InsertRepeatedBytes-EraseBytes-
#4085721	REDUCE cov: 1199 ft: 4581 corp: 484/363Kb lim: 4096 exec/s: 341 rss: 596Mb L: 556/3639 MS: 3 CMP-InsertRepeatedBytes-EraseBytes- DE: "\000\000\000\000\000\000b\000\000\000\000\000\000\000\000\000\000\000\000\000\000\000\000\000\000\001\000\000\000\000\000\000"-
#4094314	REDUCE cov: 1199 ft: 4581 corp: 484/363Kb lim: 4096 exec/s: 341 rss: 596Mb L: 1049/3639 MS: 3 CMP-ChangeASCIIInt-EraseBytes- DE: "\265\025\214t\336\327V\324\022\215@\0208\265\374\252\002\021\373\241\376H\2434\235\2428\255\266d\374\001"-
#4116770	REDUCE cov: 1199 ft: 4581 corp: 484/363Kb lim: 4096 exec/s: 342 rss: 596Mb L: 1544/3639 MS: 1 EraseBytes-
#4160771	REDUCE cov: 1199 ft: 4581 corp: 484/363Kb lim: 4096 exec/s: 343 rss: 596Mb L: 401/3639 MS: 1 EraseBytes-
#4194304	pulse  cov: 1199 ft: 4581 corp: 484/363Kb lim: 4096 exec/s: 344 rss: 596Mb
#4196229	REDUCE cov: 1199 ft: 4581 corp: 484/363Kb lim: 4096 exec/s: 344 rss: 596Mb L: 1072/3639 MS: 3 InsertRepeatedBytes-ChangeByte-EraseBytes-
#4226287	REDUCE cov: 1199 ft: 4581 corp: 484/363Kb lim: 4096 exec/s: 344 rss: 596Mb L: 3275/3639 MS: 3 ChangeASCIIInt-PersAutoDict-CrossOver- DE: "\000\000\000\000\000\000\000b\000\000\000\000\000\000\000\003\000\000\000\000\000\000\000\002\000\000\000\000\000\000\000\001"-
#4232374	REDUCE cov: 1199 ft: 4581 corp: 484/363Kb lim: 4096 exec/s: 344 rss: 596Mb L: 1513/3639 MS: 2 ChangeBit-EraseBytes-
#4248386	REDUCE cov: 1199 ft: 4581 corp: 484/363Kb lim: 4096 exec/s: 345 rss: 596Mb L: 1043/3639 MS: 2 PersAutoDict-EraseBytes- DE: "\221\377\377\377"-
#4274374	NEW    cov: 1199 ft: 4586 corp: 485/363Kb lim: 4096 exec/s: 345 rss: 596Mb L: 279/3639 MS: 3 ChangeBit-CMP-InsertByte- DE: "\001\000\000\000\000\000\000\007"-
#4320780	REDUCE cov: 1199 ft: 4586 corp: 485/363Kb lim: 4096 exec/s: 346 rss: 596Mb L: 278/3639 MS: 1 EraseBytes-
#4335662	REDUCE cov: 1199 ft: 4586 corp: 485/363Kb lim: 4096 exec/s: 346 rss: 596Mb L: 1664/3639 MS: 2 PersAutoDict-EraseBytes- DE: "\000\000\000\000\000\000\011\342"-
#4354483	REDUCE cov: 1199 ft: 4586 corp: 485/363Kb lim: 4096 exec/s: 347 rss: 596Mb L: 527/3639 MS: 1 EraseBytes-
#4371991	REDUCE cov: 1199 ft: 4586 corp: 485/363Kb lim: 4096 exec/s: 347 rss: 596Mb L: 378/3639 MS: 3 CrossOver-ShuffleBytes-EraseBytes-
#4381828	REDUCE cov: 1199 ft: 4586 corp: 485/363Kb lim: 4096 exec/s: 347 rss: 596Mb L: 465/3639 MS: 2 ChangeASCIIInt-EraseBytes-
#4407059	REDUCE cov: 1199 ft: 4586 corp: 485/363Kb lim: 4096 exec/s: 348 rss: 596Mb L: 299/3639 MS: 1 EraseBytes-
#4422865	REDUCE cov: 1199 ft: 4586 corp: 485/363Kb lim: 4096 exec/s: 348 rss: 596Mb L: 1521/3639 MS: 1 EraseBytes-
#4436883	REDUCE cov: 1199 ft: 4586 corp: 485/363Kb lim: 4096 exec/s: 348 rss: 596Mb L: 41/3639 MS: 3 ShuffleBytes-InsertByte-EraseBytes-
#4473187	REDUCE cov: 1199 ft: 4613 corp: 486/366Kb lim: 4096 exec/s: 349 rss: 596Mb L: 3769/3769 MS: 4 CopyPart-ChangeASCIIInt-CMP-CopyPart- DE: "\001\003\000\000\000\000\000\000\000\001\000\000\000\000\000\000\000\000\000\000\000\000\000\000\000\000\001(\001\001\000\000"-
#4503250	REDUCE cov: 1199 ft: 4613 corp: 486/366Kb lim: 4096 exec/s: 349 rss: 596Mb L: 198/3769 MS: 3 ChangeBit-EraseBytes-PersAutoDict- DE: "\016\016\016\016\016\012\016\016\016\016\016\016\016\016\016\016\016\016\016\016\016\016\016\016\016(\016\016\016\000\000\000"-
#4503361	REDUCE cov: 1199 ft: 4613 corp: 486/366Kb lim: 4096 exec/s: 349 rss: 596Mb L: 981/3769 MS: 1 EraseBytes-
#4509979	REDUCE cov: 1199 ft: 4613 corp: 486/366Kb lim: 4096 exec/s: 350 rss: 596Mb L: 1168/3769 MS: 3 ChangeBinInt-ChangeBinInt-EraseBytes-
#4528540	REDUCE cov: 1199 ft: 4613 corp: 486/366Kb lim: 4096 exec/s: 350 rss: 596Mb L: 356/3769 MS: 1 EraseBytes-
#4564331	REDUCE cov: 1199 ft: 4614 corp: 487/369Kb lim: 4096 exec/s: 351 rss: 596Mb L: 2314/3769 MS: 1 InsertRepeatedBytes-
#4565727	REDUCE cov: 1199 ft: 4614 corp: 487/369Kb lim: 4096 exec/s: 351 rss: 596Mb L: 1045/3769 MS: 1 EraseBytes-
#4575080	REDUCE cov: 1199 ft: 4614 corp: 487/368Kb lim: 4096 exec/s: 351 rss: 596Mb L: 3570/3639 MS: 3 EraseBytes-CrossOver-CopyPart-
#4631516	NEW    cov: 1199 ft: 4616 corp: 488/369Kb lim: 4096 exec/s: 352 rss: 596Mb L: 403/3639 MS: 1 ChangeBit-
#4682717	REDUCE cov: 1199 ft: 4616 corp: 488/369Kb lim: 4096 exec/s: 353 rss: 596Mb L: 352/3639 MS: 1 EraseBytes-
#4746580	REDUCE cov: 1199 ft: 4616 corp: 488/369Kb lim: 4096 exec/s: 354 rss: 596Mb L: 1042/3639 MS: 3 PersAutoDict-ChangeASCIIInt-EraseBytes- DE: "\001\000\000\000\000\000\000\023"-
#4779846	REDUCE cov: 1199 ft: 4616 corp: 488/369Kb lim: 4096 exec/s: 354 rss: 596Mb L: 284/3639 MS: 1 EraseBytes-
#4821485	REDUCE cov: 1199 ft: 4616 corp: 488/369Kb lim: 4096 exec/s: 355 rss: 596Mb L: 114/3639 MS: 4 ChangeBinInt-ChangeBit-ShuffleBytes-EraseBytes-
#4825802	REDUCE cov: 1199 ft: 4616 corp: 488/369Kb lim: 4096 exec/s: 356 rss: 596Mb L: 400/3639 MS: 2 CopyPart-EraseBytes-
#4835220	REDUCE cov: 1199 ft: 4616 corp: 488/369Kb lim: 4096 exec/s: 356 rss: 596Mb L: 2310/3639 MS: 3 ShuffleBytes-EraseBytes-InsertByte-
#4843822	REDUCE cov: 1199 ft: 4616 corp: 488/369Kb lim: 4096 exec/s: 356 rss: 596Mb L: 1045/3639 MS: 2 InsertRepeatedBytes-EraseBytes-
#4890466	REDUCE cov: 1199 ft: 4616 corp: 488/369Kb lim: 4096 exec/s: 356 rss: 596Mb L: 1047/3639 MS: 4 PersAutoDict-PersAutoDict-PersAutoDict-EraseBytes- DE: "\377\377\377\377\377\377\377\032"-"\377\377\377\374"-"\000\000\000\000\000\000\001\003\000\000\000\000\000\000\0002\000\000\000\000\000\000\000\000\000\000\000\000\000\000\000\000"-
#4905337	REDUCE cov: 1199 ft: 4616 corp: 488/369Kb lim: 4096 exec/s: 357 rss: 596Mb L: 882/3639 MS: 1 EraseBytes-
#4936568	REDUCE cov: 1199 ft: 4616 corp: 488/369Kb lim: 4096 exec/s: 357 rss: 596Mb L: 287/3639 MS: 1 EraseBytes-
#4938815	REDUCE cov: 1199 ft: 4617 corp: 489/369Kb lim: 4096 exec/s: 357 rss: 596Mb L: 496/3639 MS: 2 CrossOver-ChangeBinInt-
#4944361	REDUCE cov: 1199 ft: 4618 corp: 490/370Kb lim: 4096 exec/s: 357 rss: 596Mb L: 1266/3639 MS: 1 CrossOver-
#4946714	REDUCE cov: 1199 ft: 4618 corp: 490/370Kb lim: 4096 exec/s: 357 rss: 596Mb L: 380/3639 MS: 3 EraseBytes-ChangeASCIIInt-PersAutoDict- DE: "\377\377\377\377\377\377\377\377"-
#4961573	REDUCE cov: 1199 ft: 4618 corp: 490/370Kb lim: 4096 exec/s: 358 rss: 596Mb L: 1141/3639 MS: 4 ChangeByte-ChangeASCIIInt-CopyPart-EraseBytes-
#4978959	REDUCE cov: 1199 ft: 4618 corp: 490/370Kb lim: 4096 exec/s: 358 rss: 596Mb L: 3330/3639 MS: 1 CrossOver-
#4981044	REDUCE cov: 1199 ft: 4618 corp: 490/370Kb lim: 4096 exec/s: 358 rss: 596Mb L: 3279/3639 MS: 5 ShuffleBytes-ChangeBinInt-CrossOver-CopyPart-EraseBytes-
#5004675	REDUCE cov: 1199 ft: 4618 corp: 490/370Kb lim: 4096 exec/s: 358 rss: 596Mb L: 359/3639 MS: 1 EraseBytes-
#5010860	REDUCE cov: 1199 ft: 4618 corp: 490/370Kb lim: 4096 exec/s: 358 rss: 596Mb L: 1043/3639 MS: 5 ShuffleBytes-ChangeBit-InsertByte-ShuffleBytes-EraseBytes-
#5035187	REDUCE cov: 1199 ft: 4618 corp: 490/370Kb lim: 4096 exec/s: 359 rss: 596Mb L: 2228/3639 MS: 2 ChangeBit-EraseBytes-
#5054190	REDUCE cov: 1199 ft: 4618 corp: 490/370Kb lim: 4096 exec/s: 359 rss: 596Mb L: 1042/3639 MS: 3 EraseBytes-ChangeBinInt-InsertByte-
#5085798	REDUCE cov: 1199 ft: 4618 corp: 490/370Kb lim: 4096 exec/s: 360 rss: 596Mb L: 2356/3639 MS: 3 PersAutoDict-ChangeASCIIInt-EraseBytes- DE: "\000\000\000\000\000\001\000\000\000\000\010\215\215+\215\016\000\000\000\000\000\000\000\000\000\000\000\000\000\000\000\000"-
#5098279	REDUCE cov: 1199 ft: 4618 corp: 490/370Kb lim: 4096 exec/s: 360 rss: 596Mb L: 322/3639 MS: 1 EraseBytes-
#5172308	REDUCE cov: 1199 ft: 4625 corp: 491/370Kb lim: 4096 exec/s: 361 rss: 596Mb L: 278/3639 MS: 4 PersAutoDict-CrossOver-ShuffleBytes-CMP- DE: "\000\000\000\000\000\000\000\000\001\003\000\000\000\000\000\000\000\000\000\000\000\000\000\000\000\000\000\004@\000\001\000"-"\000\000\000\000\000\000\000\000\000\000\001\001\000\000\000\000\000\000\000\000\001\000\000\000\000\000\000\000\000\000\000\000"-
#5178040	NEW    cov: 1199 ft: 4631 corp: 492/370Kb lim: 4096 exec/s: 361 rss: 596Mb L: 322/3639 MS: 2 InsertRepeatedBytes-EraseBytes-
#5190040	REDUCE cov: 1199 ft: 4631 corp: 492/370Kb lim: 4096 exec/s: 361 rss: 596Mb L: 977/3639 MS: 5 CopyPart-EraseBytes-ChangeASCIIInt-CopyPart-InsertByte-
#5191701	REDUCE cov: 1199 ft: 4631 corp: 492/370Kb lim: 4096 exec/s: 361 rss: 596Mb L: 278/3639 MS: 1 EraseBytes-
#5218942	REDUCE cov: 1199 ft: 4631 corp: 492/370Kb lim: 4096 exec/s: 362 rss: 596Mb L: 522/3639 MS: 1 EraseBytes-
#5235009	REDUCE cov: 1199 ft: 4640 corp: 493/374Kb lim: 4096 exec/s: 362 rss: 596Mb L: 3570/3639 MS: 2 ShuffleBytes-CopyPart-
#5284275	REDUCE cov: 1199 ft: 4640 corp: 493/374Kb lim: 4096 exec/s: 363 rss: 596Mb L: 547/3639 MS: 1 EraseBytes-
#5288291	REDUCE cov: 1199 ft: 4640 corp: 493/374Kb lim: 4096 exec/s: 363 rss: 596Mb L: 381/3639 MS: 1 EraseBytes-
#5320542	REDUCE cov: 1199 ft: 4640 corp: 493/374Kb lim: 4096 exec/s: 363 rss: 596Mb L: 114/3639 MS: 1 EraseBytes-
#5332165	NEW    cov: 1199 ft: 4642 corp: 494/377Kb lim: 4096 exec/s: 363 rss: 596Mb L: 3570/3639 MS: 3 ShuffleBytes-ChangeByte-ChangeByte-
#5343542	REDUCE cov: 1199 ft: 4642 corp: 494/377Kb lim: 4096 exec/s: 364 rss: 596Mb L: 531/3639 MS: 2 ChangeBinInt-EraseBytes-
#5388898	REDUCE cov: 1199 ft: 4642 corp: 494/377Kb lim: 4096 exec/s: 365 rss: 596Mb L: 1382/3639 MS: 1 EraseBytes-
#5412854	REDUCE cov: 1199 ft: 4642 corp: 494/377Kb lim: 4096 exec/s: 365 rss: 596Mb L: 321/3639 MS: 1 EraseBytes-
#5452381	REDUCE cov: 1199 ft: 4642 corp: 494/377Kb lim: 4096 exec/s: 366 rss: 596Mb L: 979/3639 MS: 2 ChangeBinInt-EraseBytes-
#5505317	REDUCE cov: 1199 ft: 4642 corp: 494/377Kb lim: 4096 exec/s: 366 rss: 596Mb L: 278/3639 MS: 1 EraseBytes-
#5577213	REDUCE cov: 1199 ft: 4643 corp: 495/380Kb lim: 4096 exec/s: 367 rss: 596Mb L: 2367/3639 MS: 1 InsertByte-
#5584974	REDUCE cov: 1199 ft: 4643 corp: 495/380Kb lim: 4096 exec/s: 367 rss: 596Mb L: 280/3639 MS: 1 EraseBytes-
#5608200	REDUCE cov: 1199 ft: 4643 corp: 495/379Kb lim: 4096 exec/s: 368 rss: 596Mb L: 1257/3639 MS: 1 EraseBytes-
#5626597	REDUCE cov: 1199 ft: 4643 corp: 495/379Kb lim: 4096 exec/s: 368 rss: 596Mb L: 854/3639 MS: 2 InsertByte-EraseBytes-
#5666258	REDUCE cov: 1199 ft: 4643 corp: 495/379Kb lim: 4096 exec/s: 369 rss: 596Mb L: 392/3639 MS: 1 EraseBytes-
#5681769	REDUCE cov: 1199 ft: 4643 corp: 495/379Kb lim: 4096 exec/s: 369 rss: 596Mb L: 1303/3639 MS: 1 EraseBytes-
#5733591	REDUCE cov: 1199 ft: 4643 corp: 495/379Kb lim: 4096 exec/s: 369 rss: 596Mb L: 1044/3639 MS: 2 EraseBytes-InsertRepeatedBytes-
#5738816	REDUCE cov: 1199 ft: 4644 corp: 496/380Kb lim: 4096 exec/s: 369 rss: 596Mb L: 382/3639 MS: 5 ChangeByte-CrossOver-InsertRepeatedBytes-ShuffleBytes-ChangeBinInt-
#5805407	NEW    cov: 1199 ft: 4650 corp: 497/380Kb lim: 4096 exec/s: 371 rss: 596Mb L: 382/3639 MS: 1 CopyPart-
#5840461	REDUCE cov: 1199 ft: 4650 corp: 497/380Kb lim: 4096 exec/s: 371 rss: 596Mb L: 115/3639 MS: 4 EraseBytes-ChangeBinInt-InsertByte-EraseBytes-
#5882123	REDUCE cov: 1199 ft: 4650 corp: 497/380Kb lim: 4096 exec/s: 372 rss: 596Mb L: 351/3639 MS: 2 ChangeByte-EraseBytes-
#5941247	REDUCE cov: 1199 ft: 4650 corp: 497/380Kb lim: 4096 exec/s: 372 rss: 596Mb L: 3260/3639 MS: 4 ChangeByte-PersAutoDict-ChangeBit-EraseBytes- DE: "\000\000\000\000\000\000\200\000\000\000\000\007\000\000\000\003\000\000\000\000\000\000\000\001\016\016\000\000\000\000\000\000"-
#5976201	NEW    cov: 1199 ft: 4651 corp: 498/383Kb lim: 4096 exec/s: 373 rss: 596Mb L: 3577/3639 MS: 4 InsertRepeatedBytes-ChangeByte-InsertByte-CopyPart-
#5981802	REDUCE cov: 1199 ft: 4651 corp: 498/383Kb lim: 4096 exec/s: 373 rss: 596Mb L: 822/3639 MS: 1 EraseBytes-
#5990800	REDUCE cov: 1199 ft: 4651 corp: 498/383Kb lim: 4096 exec/s: 373 rss: 596Mb L: 1076/3639 MS: 3 ChangeByte-EraseBytes-InsertByte-
#5995344	REDUCE cov: 1199 ft: 4651 corp: 498/383Kb lim: 4096 exec/s: 373 rss: 596Mb L: 278/3639 MS: 4 ChangeBit-InsertRepeatedBytes-InsertRepeatedBytes-EraseBytes-
#6014035	REDUCE cov: 1199 ft: 4651 corp: 498/383Kb lim: 4096 exec/s: 373 rss: 596Mb L: 361/3639 MS: 1 EraseBytes-
#6029393	REDUCE cov: 1199 ft: 4651 corp: 498/383Kb lim: 4096 exec/s: 374 rss: 596Mb L: 2981/3639 MS: 3 ChangeByte-ChangeBinInt-EraseBytes-
#6083436	REDUCE cov: 1199 ft: 4651 corp: 498/383Kb lim: 4096 exec/s: 374 rss: 596Mb L: 2301/3639 MS: 3 ChangeByte-ShuffleBytes-EraseBytes-
#6088802	REDUCE cov: 1199 ft: 4651 corp: 498/383Kb lim: 4096 exec/s: 374 rss: 596Mb L: 975/3639 MS: 1 EraseBytes-
#6103859	NEW    cov: 1199 ft: 4652 corp: 499/386Kb lim: 4096 exec/s: 375 rss: 596Mb L: 3570/3639 MS: 2 ShuffleBytes-CopyPart-
#6110166	REDUCE cov: 1199 ft: 4652 corp: 499/386Kb lim: 4096 exec/s: 375 rss: 596Mb L: 3258/3639 MS: 2 ChangeByte-EraseBytes-
#6111872	REDUCE cov: 1199 ft: 4652 corp: 499/386Kb lim: 4096 exec/s: 375 rss: 596Mb L: 2917/3639 MS: 1 EraseBytes-
#6129888	REDUCE cov: 1199 ft: 4652 corp: 499/386Kb lim: 4096 exec/s: 375 rss: 596Mb L: 359/3639 MS: 1 EraseBytes-
#6164811	REDUCE cov: 1199 ft: 4652 corp: 499/386Kb lim: 4096 exec/s: 375 rss: 596Mb L: 312/3639 MS: 3 InsertByte-ChangeBinInt-EraseBytes-
#6179897	REDUCE cov: 1199 ft: 4652 corp: 499/385Kb lim: 4096 exec/s: 375 rss: 596Mb L: 2320/3639 MS: 1 EraseBytes-
#6233908	REDUCE cov: 1199 ft: 4652 corp: 499/385Kb lim: 4096 exec/s: 376 rss: 596Mb L: 2839/3639 MS: 1 EraseBytes-
#6244090	REDUCE cov: 1199 ft: 4652 corp: 499/385Kb lim: 4096 exec/s: 376 rss: 596Mb L: 51/3639 MS: 2 CopyPart-EraseBytes-
#6301518	REDUCE cov: 1199 ft: 4686 corp: 500/386Kb lim: 4096 exec/s: 376 rss: 596Mb L: 842/3639 MS: 3 ChangeBit-CrossOver-InsertRepeatedBytes-
#6313484	REDUCE cov: 1199 ft: 4686 corp: 500/386Kb lim: 4096 exec/s: 377 rss: 596Mb L: 2484/3639 MS: 1 EraseBytes-
#6314912	REDUCE cov: 1199 ft: 4686 corp: 500/386Kb lim: 4096 exec/s: 377 rss: 596Mb L: 715/3639 MS: 3 ChangeBinInt-CrossOver-EraseBytes-
#6324893	REDUCE cov: 1199 ft: 4687 corp: 501/387Kb lim: 4096 exec/s: 377 rss: 596Mb L: 1452/3639 MS: 1 CopyPart-
#6338085	REDUCE cov: 1199 ft: 4687 corp: 501/387Kb lim: 4096 exec/s: 377 rss: 596Mb L: 685/3639 MS: 2 InsertByte-EraseBytes-
#6382723	REDUCE cov: 1199 ft: 4687 corp: 501/387Kb lim: 4096 exec/s: 377 rss: 596Mb L: 1149/3639 MS: 3 InsertByte-ChangeByte-EraseBytes-
#6387586	REDUCE cov: 1199 ft: 4688 corp: 502/388Kb lim: 4096 exec/s: 378 rss: 596Mb L: 803/3639 MS: 3 ChangeASCIIInt-InsertByte-InsertRepeatedBytes-
#6390726	REDUCE cov: 1199 ft: 4688 corp: 502/388Kb lim: 4096 exec/s: 378 rss: 596Mb L: 1088/3639 MS: 5 CrossOver-CrossOver-ShuffleBytes-ChangeByte-CrossOver-
#6396983	REDUCE cov: 1199 ft: 4688 corp: 502/388Kb lim: 4096 exec/s: 378 rss: 596Mb L: 114/3639 MS: 2 PersAutoDict-EraseBytes- DE: "\017\000\000\000\000\000\000\000"-
#6400846	REDUCE cov: 1199 ft: 4688 corp: 502/387Kb lim: 4096 exec/s: 378 rss: 596Mb L: 2560/3639 MS: 3 ChangeBinInt-CMP-EraseBytes- DE: "\002\304\265\025\214t(\001\001\000\000\000\004\000\000\000\000\000\000\000\000\000\001\003\000\000\000\000\000\000\000\001"-
#6403451	REDUCE cov: 1199 ft: 4688 corp: 502/387Kb lim: 4096 exec/s: 378 rss: 596Mb L: 2360/3639 MS: 5 ChangeByte-ChangeBit-CopyPart-ChangeBinInt-CrossOver-
#6410465	NEW    cov: 1199 ft: 4724 corp: 503/388Kb lim: 4096 exec/s: 378 rss: 596Mb L: 805/3639 MS: 4 InsertByte-ChangeASCIIInt-InsertByte-CrossOver-
#6422066	REDUCE cov: 1199 ft: 4724 corp: 503/388Kb lim: 4096 exec/s: 378 rss: 596Mb L: 2765/3639 MS: 1 EraseBytes-
#6430125	REDUCE cov: 1199 ft: 4724 corp: 503/388Kb lim: 4096 exec/s: 378 rss: 596Mb L: 1065/3639 MS: 4 EraseBytes-ChangeBit-CMP-InsertRepeatedBytes- DE: "\377\377\377\377\377\377\377\012"-
#6448283	REDUCE cov: 1199 ft: 4724 corp: 503/388Kb lim: 4096 exec/s: 378 rss: 596Mb L: 778/3639 MS: 3 ChangeASCIIInt-ChangeByte-EraseBytes-
#6463154	REDUCE cov: 1199 ft: 4724 corp: 503/388Kb lim: 4096 exec/s: 379 rss: 596Mb L: 750/3639 MS: 1 EraseBytes-
#6465907	REDUCE cov: 1199 ft: 4724 corp: 503/388Kb lim: 4096 exec/s: 379 rss: 596Mb L: 1065/3639 MS: 3 ShuffleBytes-ChangeByte-EraseBytes-
#6476745	REDUCE cov: 1199 ft: 4724 corp: 503/388Kb lim: 4096 exec/s: 379 rss: 596Mb L: 978/3639 MS: 3 ShuffleBytes-ShuffleBytes-EraseBytes-
#6512297	REDUCE cov: 1199 ft: 4724 corp: 503/388Kb lim: 4096 exec/s: 379 rss: 596Mb L: 246/3639 MS: 2 InsertRepeatedBytes-EraseBytes-
#6516703	REDUCE cov: 1199 ft: 4724 corp: 503/388Kb lim: 4096 exec/s: 379 rss: 596Mb L: 310/3639 MS: 1 EraseBytes-
#6529909	REDUCE cov: 1199 ft: 4724 corp: 503/388Kb lim: 4096 exec/s: 380 rss: 596Mb L: 688/3639 MS: 1 CrossOver-
#6531250	REDUCE cov: 1200 ft: 4725 corp: 504/388Kb lim: 4096 exec/s: 380 rss: 596Mb L: 279/3639 MS: 1 ChangeASCIIInt-
#6538058	REDUCE cov: 1200 ft: 4725 corp: 504/388Kb lim: 4096 exec/s: 380 rss: 596Mb L: 664/3639 MS: 3 ChangeBinInt-EraseBytes-InsertRepeatedBytes-
#6548580	REDUCE cov: 1200 ft: 4725 corp: 504/388Kb lim: 4096 exec/s: 380 rss: 596Mb L: 697/3639 MS: 2 ShuffleBytes-EraseBytes-
#6579968	REDUCE cov: 1200 ft: 4725 corp: 504/388Kb lim: 4096 exec/s: 380 rss: 596Mb L: 246/3639 MS: 3 EraseBytes-PersAutoDict-CrossOver- DE: "\015\000\000\000\000\000\000\000"-
#6584679	REDUCE cov: 1200 ft: 4725 corp: 504/388Kb lim: 4096 exec/s: 380 rss: 596Mb L: 49/3639 MS: 1 EraseBytes-
#6586786	REDUCE cov: 1201 ft: 4727 corp: 505/388Kb lim: 4096 exec/s: 380 rss: 596Mb L: 279/3639 MS: 2 PersAutoDict-ChangeBinInt- DE: "\200\000\000\000\000\000\000\000"-
#6592957	REDUCE cov: 1201 ft: 4728 corp: 506/389Kb lim: 4096 exec/s: 380 rss: 596Mb L: 987/3639 MS: 1 CopyPart-
#6627170	REDUCE cov: 1201 ft: 4728 corp: 506/389Kb lim: 4096 exec/s: 381 rss: 596Mb L: 246/3639 MS: 3 CopyPart-ChangeBinInt-EraseBytes-
#6631986	REDUCE cov: 1201 ft: 4728 corp: 506/389Kb lim: 4096 exec/s: 381 rss: 596Mb L: 324/3639 MS: 1 EraseBytes-
#6660017	REDUCE cov: 1201 ft: 4728 corp: 506/389Kb lim: 4096 exec/s: 381 rss: 596Mb L: 1214/3639 MS: 1 EraseBytes-
#6662358	REDUCE cov: 1201 ft: 4728 corp: 506/389Kb lim: 4096 exec/s: 381 rss: 596Mb L: 682/3639 MS: 1 EraseBytes-
#6670180	REDUCE cov: 1201 ft: 4729 corp: 507/391Kb lim: 4096 exec/s: 381 rss: 596Mb L: 2360/3639 MS: 2 CopyPart-ChangeBit-
#6702316	REDUCE cov: 1201 ft: 4729 corp: 507/391Kb lim: 4096 exec/s: 381 rss: 596Mb L: 251/3639 MS: 1 EraseBytes-
#6735737	REDUCE cov: 1201 ft: 4729 corp: 507/391Kb lim: 4096 exec/s: 382 rss: 596Mb L: 1302/3639 MS: 1 EraseBytes-
#6799009	REDUCE cov: 1201 ft: 4729 corp: 507/391Kb lim: 4096 exec/s: 382 rss: 596Mb L: 678/3639 MS: 2 PersAutoDict-EraseBytes- DE: "\000\000\000\000\000\000\000\000\000\000\000\000\000\001\003\000\000\000\000\000\000\000\000\000\000\000\000\000\000\000\000\000"-
#6799845	REDUCE cov: 1201 ft: 4760 corp: 508/393Kb lim: 4096 exec/s: 382 rss: 596Mb L: 2059/3639 MS: 1 CopyPart-
#6818258	REDUCE cov: 1201 ft: 4760 corp: 508/393Kb lim: 4096 exec/s: 382 rss: 596Mb L: 1053/3639 MS: 3 ChangeASCIIInt-ShuffleBytes-EraseBytes-
#6832269	REDUCE cov: 1201 ft: 4760 corp: 508/393Kb lim: 4096 exec/s: 383 rss: 596Mb L: 355/3639 MS: 1 EraseBytes-
#6845524	REDUCE cov: 1201 ft: 4760 corp: 508/393Kb lim: 4096 exec/s: 383 rss: 596Mb L: 1050/3639 MS: 5 ShuffleBytes-InsertByte-ChangeBinInt-ChangeByte-EraseBytes-
#6847781	REDUCE cov: 1201 ft: 4760 corp: 508/393Kb lim: 4096 exec/s: 383 rss: 596Mb L: 1048/3639 MS: 2 ChangeASCIIInt-EraseBytes-
#6883139	REDUCE cov: 1201 ft: 4760 corp: 508/393Kb lim: 4096 exec/s: 383 rss: 596Mb L: 1043/3639 MS: 3 CrossOver-ChangeByte-EraseBytes-
#6900887	REDUCE cov: 1201 ft: 4760 corp: 508/393Kb lim: 4096 exec/s: 383 rss: 596Mb L: 1449/3639 MS: 3 ChangeByte-ChangeBit-EraseBytes-
#6916186	REDUCE cov: 1201 ft: 4760 corp: 508/393Kb lim: 4096 exec/s: 383 rss: 596Mb L: 393/3639 MS: 4 ChangeASCIIInt-EraseBytes-InsertRepeatedBytes-ChangeBinInt-
#6926213	NEW    cov: 1201 ft: 4761 corp: 509/397Kb lim: 4096 exec/s: 383 rss: 596Mb L: 3576/3639 MS: 2 PersAutoDict-InsertRepeatedBytes- DE: "\000\000b\000\000\000\000\000\000\000\003\000\000\000\000\000\000\000\002\000\000\000\000\000\000\000\001\000\000\000\000\000"-
#7018899	REDUCE cov: 1201 ft: 4761 corp: 509/397Kb lim: 4096 exec/s: 384 rss: 596Mb L: 182/3639 MS: 1 EraseBytes-
#7037894	REDUCE cov: 1201 ft: 4761 corp: 509/397Kb lim: 4096 exec/s: 384 rss: 596Mb L: 96/3639 MS: 5 ChangeBinInt-EraseBytes-ChangeBinInt-ChangeBinInt-ChangeByte-
#7048411	REDUCE cov: 1201 ft: 4761 corp: 509/397Kb lim: 4096 exec/s: 384 rss: 596Mb L: 1042/3639 MS: 2 ShuffleBytes-EraseBytes-
#7060328	REDUCE cov: 1201 ft: 4761 corp: 509/397Kb lim: 4096 exec/s: 384 rss: 596Mb L: 82/3639 MS: 2 ChangeBinInt-EraseBytes-
#7112184	NEW    cov: 1201 ft: 4762 corp: 510/400Kb lim: 4096 exec/s: 385 rss: 596Mb L: 3576/3639 MS: 1 ChangeBinInt-
#7133686	REDUCE cov: 1201 ft: 4762 corp: 510/400Kb lim: 4096 exec/s: 385 rss: 596Mb L: 2013/3639 MS: 2 ChangeBit-EraseBytes-
#7135453	REDUCE cov: 1201 ft: 4762 corp: 510/400Kb lim: 4096 exec/s: 385 rss: 596Mb L: 973/3639 MS: 2 CopyPart-EraseBytes-
#7152539	REDUCE cov: 1201 ft: 4762 corp: 510/400Kb lim: 4096 exec/s: 385 rss: 596Mb L: 81/3639 MS: 1 EraseBytes-
#7163630	REDUCE cov: 1201 ft: 4762 corp: 510/400Kb lim: 4096 exec/s: 385 rss: 596Mb L: 79/3639 MS: 1 EraseBytes-
#7169677	REDUCE cov: 1201 ft: 4762 corp: 510/400Kb lim: 4096 exec/s: 385 rss: 596Mb L: 419/3639 MS: 1 EraseBytes-
#7203990	REDUCE cov: 1201 ft: 4762 corp: 510/400Kb lim: 4096 exec/s: 385 rss: 596Mb L: 1073/3639 MS: 3 ChangeBit-ChangeBinInt-EraseBytes-
#7235576	REDUCE cov: 1201 ft: 4762 corp: 510/400Kb lim: 4096 exec/s: 386 rss: 596Mb L: 602/3639 MS: 1 EraseBytes-
#7285737	REDUCE cov: 1201 ft: 4764 corp: 511/400Kb lim: 4096 exec/s: 386 rss: 596Mb L: 286/3639 MS: 1 PersAutoDict- DE: "\000\000\000\000\000\000\000\026"-
#7291096	REDUCE cov: 1201 ft: 4764 corp: 511/400Kb lim: 4096 exec/s: 386 rss: 596Mb L: 410/3639 MS: 4 EraseBytes-ShuffleBytes-ShuffleBytes-PersAutoDict- DE: "\000\000\000\000\000\001\000\000\000\000\010\215\215+\215\016\000\000\000\000\000\000\000\000\000\000\000\000\000\000\000\000"-
#7310452	REDUCE cov: 1201 ft: 4764 corp: 511/400Kb lim: 4096 exec/s: 387 rss: 596Mb L: 76/3639 MS: 1 EraseBytes-
#7312809	REDUCE cov: 1201 ft: 4764 corp: 511/400Kb lim: 4096 exec/s: 387 rss: 596Mb L: 2338/3639 MS: 2 ShuffleBytes-EraseBytes-
#7345046	NEW    cov: 1201 ft: 4765 corp: 512/402Kb lim: 4096 exec/s: 387 rss: 596Mb L: 2059/3639 MS: 2 ChangeBinInt-ChangeBinInt-
#7441540	NEW    cov: 1201 ft: 4766 corp: 513/403Kb lim: 4096 exec/s: 388 rss: 596Mb L: 1078/3639 MS: 4 ChangeBinInt-ChangeBit-CopyPart-CopyPart-
#7452821	REDUCE cov: 1201 ft: 4766 corp: 513/403Kb lim: 4096 exec/s: 388 rss: 596Mb L: 3636/3636 MS: 1 EraseBytes-
#7489195	REDUCE cov: 1201 ft: 4766 corp: 513/403Kb lim: 4096 exec/s: 388 rss: 596Mb L: 1077/3636 MS: 4 CopyPart-ChangeBit-CopyPart-EraseBytes-
#7543377	REDUCE cov: 1201 ft: 4766 corp: 513/403Kb lim: 4096 exec/s: 389 rss: 596Mb L: 282/3636 MS: 2 CopyPart-EraseBytes-
#7567978	REDUCE cov: 1201 ft: 4766 corp: 513/403Kb lim: 4096 exec/s: 389 rss: 596Mb L: 1677/3636 MS: 1 EraseBytes-
#7601610	REDUCE cov: 1201 ft: 4766 corp: 513/403Kb lim: 4096 exec/s: 389 rss: 596Mb L: 680/3636 MS: 2 ChangeASCIIInt-EraseBytes-
#7677216	REDUCE cov: 1201 ft: 4766 corp: 513/403Kb lim: 4096 exec/s: 390 rss: 596Mb L: 667/3636 MS: 1 EraseBytes-
#7697456	REDUCE cov: 1201 ft: 4766 corp: 513/403Kb lim: 4096 exec/s: 390 rss: 596Mb L: 307/3636 MS: 5 ChangeBit-CMP-ShuffleBytes-ShuffleBytes-EraseBytes- DE: "\001\021"-
#7709223	REDUCE cov: 1201 ft: 4766 corp: 513/403Kb lim: 4096 exec/s: 390 rss: 596Mb L: 1619/3636 MS: 2 ChangeASCIIInt-EraseBytes-
#7717448	REDUCE cov: 1201 ft: 4766 corp: 513/403Kb lim: 4096 exec/s: 391 rss: 596Mb L: 2284/3636 MS: 5 ChangeBinInt-ChangeASCIIInt-ChangeByte-ChangeASCIIInt-EraseBytes-
#7740359	REDUCE cov: 1201 ft: 4766 corp: 513/403Kb lim: 4096 exec/s: 391 rss: 596Mb L: 1586/3636 MS: 1 EraseBytes-
#7782495	REDUCE cov: 1201 ft: 4766 corp: 513/403Kb lim: 4096 exec/s: 391 rss: 596Mb L: 524/3636 MS: 1 EraseBytes-
#7793811	REDUCE cov: 1201 ft: 4766 corp: 513/402Kb lim: 4096 exec/s: 392 rss: 596Mb L: 2502/3636 MS: 1 CrossOver-
#7808938	REDUCE cov: 1201 ft: 4766 corp: 513/402Kb lim: 4096 exec/s: 392 rss: 596Mb L: 1214/3636 MS: 2 CrossOver-EraseBytes-
#7969198	REDUCE cov: 1201 ft: 4766 corp: 513/402Kb lim: 4096 exec/s: 393 rss: 596Mb L: 114/3636 MS: 5 ChangeBit-EraseBytes-ChangeBinInt-PersAutoDict-EraseBytes- DE: "\033\000\000\000\000\000\000\000"-
#7977026	REDUCE cov: 1201 ft: 4766 corp: 513/402Kb lim: 4096 exec/s: 393 rss: 596Mb L: 150/3636 MS: 3 ChangeBit-ChangeByte-EraseBytes-
#7983143	REDUCE cov: 1201 ft: 4766 corp: 513/402Kb lim: 4096 exec/s: 393 rss: 596Mb L: 3255/3636 MS: 2 PersAutoDict-EraseBytes- DE: "\374\377\377\377\000\000\000\000\000\000\000\000\000\000\000\000\000\000\000\000\000\000\000\000\000\000\000\000\000\000\000\001"-
#8021319	REDUCE cov: 1201 ft: 4766 corp: 513/402Kb lim: 4096 exec/s: 394 rss: 596Mb L: 2401/3636 MS: 1 EraseBytes-
#8067368	REDUCE cov: 1201 ft: 4766 corp: 513/402Kb lim: 4096 exec/s: 394 rss: 596Mb L: 1049/3636 MS: 4 ChangeBinInt-ChangeByte-ChangeBit-EraseBytes-
#8098444	REDUCE cov: 1201 ft: 4766 corp: 513/402Kb lim: 4096 exec/s: 394 rss: 596Mb L: 546/3636 MS: 1 EraseBytes-
#8127201	REDUCE cov: 1201 ft: 4766 corp: 513/402Kb lim: 4096 exec/s: 395 rss: 596Mb L: 75/3636 MS: 2 ChangeBit-EraseBytes-
#8138046	REDUCE cov: 1201 ft: 4766 corp: 513/402Kb lim: 4096 exec/s: 395 rss: 596Mb L: 192/3636 MS: 5 InsertByte-ChangeBinInt-InsertRepeatedBytes-EraseBytes-EraseBytes-
#8212930	REDUCE cov: 1201 ft: 4766 corp: 513/402Kb lim: 4096 exec/s: 396 rss: 596Mb L: 1539/3636 MS: 4 PersAutoDict-CopyPart-ChangeASCIIInt-EraseBytes- DE: "\005\000"-
#8218326	REDUCE cov: 1201 ft: 4766 corp: 513/402Kb lim: 4096 exec/s: 396 rss: 596Mb L: 1054/3636 MS: 1 EraseBytes-
#8239133	REDUCE cov: 1201 ft: 4767 corp: 514/405Kb lim: 4096 exec/s: 396 rss: 596Mb L: 3277/3636 MS: 2 ChangeBinInt-InsertRepeatedBytes-
#8270670	REDUCE cov: 1201 ft: 4767 corp: 514/405Kb lim: 4096 exec/s: 396 rss: 596Mb L: 1042/3636 MS: 2 ChangeBit-EraseBytes-
#8353401	REDUCE cov: 1201 ft: 4767 corp: 514/405Kb lim: 4096 exec/s: 396 rss: 596Mb L: 1044/3636 MS: 1 EraseBytes-
#8370459	NEW    cov: 1201 ft: 4768 corp: 515/408Kb lim: 4096 exec/s: 396 rss: 596Mb L: 3576/3636 MS: 3 CopyPart-ChangeASCIIInt-CrossOver-
#8388320	REDUCE cov: 1201 ft: 4768 corp: 515/408Kb lim: 4096 exec/s: 397 rss: 596Mb L: 2225/3636 MS: 1 EraseBytes-
#8388608	pulse  cov: 1201 ft: 4768 corp: 515/408Kb lim: 4096 exec/s: 397 rss: 596Mb
#8416573	REDUCE cov: 1201 ft: 4768 corp: 515/408Kb lim: 4096 exec/s: 397 rss: 596Mb L: 1412/3636 MS: 3 ShuffleBytes-PersAutoDict-EraseBytes- DE: "\001\000\000\000\000\000\000\007"-
#8441981	REDUCE cov: 1201 ft: 4768 corp: 515/408Kb lim: 4096 exec/s: 397 rss: 596Mb L: 661/3636 MS: 3 ChangeBit-EraseBytes-InsertRepeatedBytes-
#8455067	REDUCE cov: 1201 ft: 4768 corp: 515/408Kb lim: 4096 exec/s: 397 rss: 596Mb L: 243/3636 MS: 1 EraseBytes-
#8460449	REDUCE cov: 1201 ft: 4768 corp: 515/408Kb lim: 4096 exec/s: 397 rss: 596Mb L: 2427/3636 MS: 2 ChangeASCIIInt-EraseBytes-
#8484390	REDUCE cov: 1201 ft: 4768 corp: 515/408Kb lim: 4096 exec/s: 398 rss: 596Mb L: 1506/3636 MS: 1 EraseBytes-
#8508633	REDUCE cov: 1201 ft: 4768 corp: 515/408Kb lim: 4096 exec/s: 398 rss: 596Mb L: 2250/3636 MS: 3 ChangeBit-EraseBytes-CopyPart-
#8558859	REDUCE cov: 1201 ft: 4768 corp: 515/408Kb lim: 4096 exec/s: 398 rss: 596Mb L: 1943/3636 MS: 1 EraseBytes-
#8595672	REDUCE cov: 1201 ft: 4768 corp: 515/408Kb lim: 4096 exec/s: 399 rss: 596Mb L: 298/3636 MS: 3 ChangeBinInt-CopyPart-EraseBytes-
#8603174	REDUCE cov: 1201 ft: 4768 corp: 515/408Kb lim: 4096 exec/s: 399 rss: 596Mb L: 389/3636 MS: 2 ChangeBinInt-EraseBytes-
#8604752	REDUCE cov: 1201 ft: 4768 corp: 515/408Kb lim: 4096 exec/s: 399 rss: 596Mb L: 3211/3636 MS: 3 CrossOver-ChangeASCIIInt-EraseBytes-
#8650813	REDUCE cov: 1201 ft: 4768 corp: 515/408Kb lim: 4096 exec/s: 399 rss: 596Mb L: 3375/3636 MS: 1 EraseBytes-
#8658415	REDUCE cov: 1201 ft: 4768 corp: 515/408Kb lim: 4096 exec/s: 399 rss: 596Mb L: 1042/3636 MS: 2 EraseBytes-InsertRepeatedBytes-
#8671760	REDUCE cov: 1201 ft: 4768 corp: 515/408Kb lim: 4096 exec/s: 399 rss: 596Mb L: 2324/3636 MS: 5 ShuffleBytes-PersAutoDict-EraseBytes-ChangeBit-InsertByte- DE: "\377\377\377\244"-
#8672002	REDUCE cov: 1201 ft: 4768 corp: 515/408Kb lim: 4096 exec/s: 399 rss: 596Mb L: 2312/3636 MS: 2 ChangeByte-EraseBytes-
#8778217	REDUCE cov: 1201 ft: 4768 corp: 515/408Kb lim: 4096 exec/s: 400 rss: 596Mb L: 242/3636 MS: 5 CopyPart-PersAutoDict-EraseBytes-InsertRepeatedBytes-PersAutoDict- DE: "\001\000\000\000\000\000\000\035"-"\001\003\000\000\000\000\000\000\000\000\000\000\000\000\000\000\000\000\000\000\000\000\000\000\000\000\000\000\000\000\000\000"-
#8798282	REDUCE cov: 1201 ft: 4768 corp: 515/408Kb lim: 4096 exec/s: 400 rss: 596Mb L: 229/3636 MS: 5 ShuffleBytes-InsertByte-CMP-ChangeByte-EraseBytes- DE: "\377\377"-
#8799926	REDUCE cov: 1201 ft: 4768 corp: 515/408Kb lim: 4096 exec/s: 400 rss: 596Mb L: 179/3636 MS: 4 ChangeBinInt-InsertByte-ShuffleBytes-EraseBytes-
#8819792	REDUCE cov: 1201 ft: 4768 corp: 515/408Kb lim: 4096 exec/s: 400 rss: 596Mb L: 2972/3636 MS: 1 EraseBytes-
#8821581	REDUCE cov: 1201 ft: 4768 corp: 515/408Kb lim: 4096 exec/s: 400 rss: 596Mb L: 1071/3636 MS: 4 CMP-InsertByte-ChangeBinInt-EraseBytes- DE: "\000\000\000\000\000\000\000\000\000\200\212\000\000\000\000\000\001\003\000\000\000\000\000\000\000\000b\000\000\000\000\000"-
#8825721	REDUCE cov: 1201 ft: 4768 corp: 515/407Kb lim: 4096 exec/s: 400 rss: 596Mb L: 2534/3636 MS: 5 InsertByte-ChangeASCIIInt-CMP-ChangeBit-EraseBytes- DE: "\000\000\000\000\000\000\000\013"-
#8829828	REDUCE cov: 1201 ft: 4768 corp: 515/407Kb lim: 4096 exec/s: 400 rss: 596Mb L: 180/3636 MS: 2 ShuffleBytes-EraseBytes-
#8910020	REDUCE cov: 1201 ft: 4768 corp: 515/407Kb lim: 4096 exec/s: 401 rss: 596Mb L: 1503/3636 MS: 2 ChangeBit-EraseBytes-
#8923297	REDUCE cov: 1201 ft: 4768 corp: 515/407Kb lim: 4096 exec/s: 401 rss: 596Mb L: 163/3636 MS: 2 CopyPart-EraseBytes-
#8931884	REDUCE cov: 1201 ft: 4768 corp: 515/407Kb lim: 4096 exec/s: 401 rss: 596Mb L: 239/3636 MS: 2 ShuffleBytes-EraseBytes-
#8970047	REDUCE cov: 1201 ft: 4768 corp: 515/407Kb lim: 4096 exec/s: 401 rss: 596Mb L: 156/3636 MS: 3 CopyPart-PersAutoDict-EraseBytes- DE: "\377\377"-
#9025665	REDUCE cov: 1201 ft: 4768 corp: 515/407Kb lim: 4096 exec/s: 402 rss: 596Mb L: 151/3636 MS: 3 InsertRepeatedBytes-ChangeBit-EraseBytes-
#9065495	REDUCE cov: 1201 ft: 4768 corp: 515/407Kb lim: 4096 exec/s: 402 rss: 596Mb L: 545/3636 MS: 5 ChangeBinInt-ChangeByte-ShuffleBytes-ShuffleBytes-EraseBytes-
#9092857	REDUCE cov: 1201 ft: 4768 corp: 515/407Kb lim: 4096 exec/s: 402 rss: 596Mb L: 146/3636 MS: 2 ChangeBit-EraseBytes-
#9191068	REDUCE cov: 1201 ft: 4768 corp: 515/407Kb lim: 4096 exec/s: 403 rss: 596Mb L: 2405/3636 MS: 1 EraseBytes-
#9218837	REDUCE cov: 1201 ft: 4768 corp: 515/407Kb lim: 4096 exec/s: 403 rss: 596Mb L: 1017/3636 MS: 4 EraseBytes-ShuffleBytes-ChangeASCIIInt-ChangeBinInt-
#9219334	REDUCE cov: 1201 ft: 4768 corp: 515/407Kb lim: 4096 exec/s: 403 rss: 596Mb L: 864/3636 MS: 2 ChangeASCIIInt-EraseBytes-
#9222835	REDUCE cov: 1201 ft: 4768 corp: 515/407Kb lim: 4096 exec/s: 403 rss: 596Mb L: 2346/3636 MS: 1 CrossOver-
#9226786	REDUCE cov: 1201 ft: 4768 corp: 515/407Kb lim: 4096 exec/s: 403 rss: 596Mb L: 806/3636 MS: 1 EraseBytes-
#9239592	REDUCE cov: 1201 ft: 4768 corp: 515/407Kb lim: 4096 exec/s: 403 rss: 596Mb L: 149/3636 MS: 1 EraseBytes-
#9249238	REDUCE cov: 1201 ft: 4768 corp: 515/407Kb lim: 4096 exec/s: 404 rss: 596Mb L: 999/3636 MS: 1 EraseBytes-
#9279769	REDUCE cov: 1201 ft: 4768 corp: 515/407Kb lim: 4096 exec/s: 404 rss: 596Mb L: 774/3636 MS: 1 EraseBytes-
#9287292	REDUCE cov: 1201 ft: 4768 corp: 515/407Kb lim: 4096 exec/s: 404 rss: 596Mb L: 768/3636 MS: 3 CMP-ChangeASCIIInt-EraseBytes- DE: "\000\000\000\000\000\000\000b\000\000\001\000\000\000\000\000\000\000\000\000\000\002\304\265\025\214t\336\327V\324\022"-
#9298068	REDUCE cov: 1201 ft: 4768 corp: 515/407Kb lim: 4096 exec/s: 404 rss: 596Mb L: 765/3636 MS: 1 EraseBytes-
#9323399	NEW    cov: 1201 ft: 4771 corp: 516/410Kb lim: 4096 exec/s: 404 rss: 596Mb L: 3570/3636 MS: 1 ChangeByte-
#9362946	REDUCE cov: 1201 ft: 4771 corp: 516/410Kb lim: 4096 exec/s: 404 rss: 596Mb L: 762/3636 MS: 2 CMP-EraseBytes- DE: "\000\001\270\270\000\000\000\000\231\231\231\231\271\000$\000\001\003\000\000\000\000\000\000\000\000\000\000\000\000\000\000"-
#9390264	REDUCE cov: 1201 ft: 4771 corp: 516/410Kb lim: 4096 exec/s: 404 rss: 596Mb L: 759/3636 MS: 3 CMP-ChangeBit-EraseBytes- DE: "\376\377\377\254"-
#9398055	REDUCE cov: 1201 ft: 4771 corp: 516/410Kb lim: 4096 exec/s: 405 rss: 596Mb L: 1839/3636 MS: 1 EraseBytes-
#9408666	REDUCE cov: 1201 ft: 4771 corp: 516/410Kb lim: 4096 exec/s: 405 rss: 596Mb L: 526/3636 MS: 1 EraseBytes-
#9428267	REDUCE cov: 1201 ft: 4771 corp: 516/410Kb lim: 4096 exec/s: 405 rss: 596Mb L: 58/3636 MS: 1 EraseBytes-
#9442663	REDUCE cov: 1201 ft: 4771 corp: 516/410Kb lim: 4096 exec/s: 405 rss: 596Mb L: 1044/3636 MS: 1 EraseBytes-
#9442875	REDUCE cov: 1201 ft: 4771 corp: 516/410Kb lim: 4096 exec/s: 405 rss: 596Mb L: 3254/3636 MS: 2 ChangeBinInt-EraseBytes-
#9455917	REDUCE cov: 1201 ft: 4771 corp: 516/410Kb lim: 4096 exec/s: 405 rss: 596Mb L: 634/3636 MS: 2 CrossOver-EraseBytes-
#9471999	REDUCE cov: 1201 ft: 4771 corp: 516/410Kb lim: 4096 exec/s: 405 rss: 596Mb L: 1027/3636 MS: 2 ChangeBinInt-EraseBytes-
#9480001	REDUCE cov: 1201 ft: 4771 corp: 516/410Kb lim: 4096 exec/s: 405 rss: 596Mb L: 758/3636 MS: 2 CopyPart-EraseBytes-
#9528323	NEW    cov: 1201 ft: 4772 corp: 517/414Kb lim: 4096 exec/s: 406 rss: 596Mb L: 3586/3636 MS: 2 InsertRepeatedBytes-PersAutoDict- DE: "\001\000\000\000\000\000\000\007"-
#9529224	REDUCE cov: 1201 ft: 4772 corp: 517/414Kb lim: 4096 exec/s: 406 rss: 596Mb L: 417/3636 MS: 1 EraseBytes-
#9536343	REDUCE cov: 1201 ft: 4772 corp: 517/412Kb lim: 4096 exec/s: 406 rss: 596Mb L: 1445/3636 MS: 4 EraseBytes-ChangeByte-CMP-CrossOver- DE: "\000\000\000\000\000b\000\000\000\000\000\000\000\003\000\001\013\000\000\000\000\000\000\000\000\000\000\000\000\000\000\000"-
#9540260	REDUCE cov: 1201 ft: 4772 corp: 517/412Kb lim: 4096 exec/s: 406 rss: 596Mb L: 665/3636 MS: 2 ChangeBinInt-EraseBytes-
#9583916	REDUCE cov: 1201 ft: 4772 corp: 517/412Kb lim: 4096 exec/s: 406 rss: 596Mb L: 1043/3636 MS: 1 EraseBytes-
#9605148	REDUCE cov: 1201 ft: 4772 corp: 517/412Kb lim: 4096 exec/s: 406 rss: 596Mb L: 1507/3636 MS: 2 InsertRepeatedBytes-EraseBytes-
#9638011	REDUCE cov: 1201 ft: 4772 corp: 517/412Kb lim: 4096 exec/s: 406 rss: 596Mb L: 1043/3636 MS: 3 CopyPart-ChangeBinInt-EraseBytes-
#9656588	NEW    cov: 1201 ft: 4774 corp: 518/413Kb lim: 4096 exec/s: 406 rss: 596Mb L: 435/3636 MS: 2 ChangeBit-CMP- DE: "\000\000\000\000\000\000\000\000\000\001\000\000\000\000j\000\000\000\001\000\000\000\000\000\000\000\002\000\000\002\000\000"-
#9675224	REDUCE cov: 1201 ft: 4774 corp: 518/413Kb lim: 4096 exec/s: 406 rss: 596Mb L: 1490/3636 MS: 1 EraseBytes-
#9690769	REDUCE cov: 1201 ft: 4774 corp: 518/413Kb lim: 4096 exec/s: 406 rss: 596Mb L: 2221/3636 MS: 5 ChangeBinInt-ShuffleBytes-ChangeByte-ChangeBit-EraseBytes-
#9705227	REDUCE cov: 1201 ft: 4774 corp: 518/413Kb lim: 4096 exec/s: 407 rss: 596Mb L: 986/3636 MS: 3 CopyPart-EraseBytes-PersAutoDict- DE: "\377\377\377\375"-
#9716384	REDUCE cov: 1201 ft: 4774 corp: 518/413Kb lim: 4096 exec/s: 407 rss: 596Mb L: 1476/3636 MS: 2 EraseBytes-InsertRepeatedBytes-
#9754349	REDUCE cov: 1201 ft: 4774 corp: 518/413Kb lim: 4096 exec/s: 407 rss: 596Mb L: 3284/3636 MS: 5 ShuffleBytes-ChangeBit-PersAutoDict-ChangeBit-EraseBytes- DE: "Qe$\000\000\000\000\000"-
#9758431	REDUCE cov: 1201 ft: 4774 corp: 518/413Kb lim: 4096 exec/s: 407 rss: 596Mb L: 757/3636 MS: 2 ChangeByte-EraseBytes-
#9759452	REDUCE cov: 1201 ft: 4774 corp: 518/413Kb lim: 4096 exec/s: 407 rss: 596Mb L: 1264/3636 MS: 1 EraseBytes-
#9935413	REDUCE cov: 1201 ft: 4774 corp: 518/413Kb lim: 4096 exec/s: 408 rss: 596Mb L: 3607/3607 MS: 1 EraseBytes-
#9951204	REDUCE cov: 1201 ft: 4774 corp: 518/413Kb lim: 4096 exec/s: 408 rss: 596Mb L: 966/3607 MS: 1 EraseBytes-
#9956055	REDUCE cov: 1201 ft: 4774 corp: 518/413Kb lim: 4096 exec/s: 408 rss: 596Mb L: 3535/3586 MS: 1 EraseBytes-
#9957978	REDUCE cov: 1201 ft: 4774 corp: 518/412Kb lim: 4096 exec/s: 408 rss: 596Mb L: 114/3586 MS: 3 EraseBytes-ChangeBinInt-EraseBytes-
#9964944	REDUCE cov: 1201 ft: 4774 corp: 518/412Kb lim: 4096 exec/s: 408 rss: 596Mb L: 1279/3586 MS: 1 EraseBytes-
#9971165	REDUCE cov: 1201 ft: 4774 corp: 518/412Kb lim: 4096 exec/s: 409 rss: 596Mb L: 1130/3586 MS: 1 EraseBytes-
#10004221	REDUCE cov: 1201 ft: 4774 corp: 518/412Kb lim: 4096 exec/s: 409 rss: 596Mb L: 146/3586 MS: 1 EraseBytes-
#10015412	REDUCE cov: 1201 ft: 4774 corp: 518/412Kb lim: 4096 exec/s: 409 rss: 596Mb L: 1194/3586 MS: 1 EraseBytes-
#10042227	REDUCE cov: 1201 ft: 4774 corp: 518/412Kb lim: 4096 exec/s: 409 rss: 596Mb L: 977/3586 MS: 5 CrossOver-CrossOver-CMP-EraseBytes-CrossOver- DE: "\373\377\377\377"-
#10142673	REDUCE cov: 1201 ft: 4774 corp: 518/412Kb lim: 4096 exec/s: 410 rss: 596Mb L: 2300/3586 MS: 1 EraseBytes-
#10215839	REDUCE cov: 1201 ft: 4774 corp: 518/412Kb lim: 4096 exec/s: 410 rss: 596Mb L: 114/3586 MS: 1 EraseBytes-
#10280787	REDUCE cov: 1201 ft: 4774 corp: 518/412Kb lim: 4096 exec/s: 411 rss: 596Mb L: 145/3586 MS: 3 CopyPart-CrossOver-EraseBytes-
#10292822	REDUCE cov: 1201 ft: 4776 corp: 519/412Kb lim: 4096 exec/s: 411 rss: 596Mb L: 146/3586 MS: 5 ShuffleBytes-ChangeByte-PersAutoDict-ChangeBit-CopyPart- DE: "\000\000\000\000\000\000\000\000\000\001\000\000\000\000j\000\000\000\001\000\000\000\000\000\000\000\002\000\000\002\000\000"-
#10321786	REDUCE cov: 1201 ft: 4776 corp: 519/412Kb lim: 4096 exec/s: 411 rss: 596Mb L: 248/3586 MS: 4 EraseBytes-InsertRepeatedBytes-ShuffleBytes-InsertByte-
#10437703	REDUCE cov: 1201 ft: 4776 corp: 519/412Kb lim: 4096 exec/s: 411 rss: 596Mb L: 181/3586 MS: 2 ChangeByte-EraseBytes-
#10564636	REDUCE cov: 1201 ft: 4776 corp: 519/412Kb lim: 4096 exec/s: 412 rss: 596Mb L: 2301/3586 MS: 3 ChangeBinInt-ShuffleBytes-EraseBytes-
#10596503	REDUCE cov: 1201 ft: 4776 corp: 519/412Kb lim: 4096 exec/s: 412 rss: 596Mb L: 130/3586 MS: 2 ShuffleBytes-EraseBytes-
#10636498	REDUCE cov: 1201 ft: 4776 corp: 519/412Kb lim: 4096 exec/s: 412 rss: 596Mb L: 388/3586 MS: 5 CMP-ChangeBit-EraseBytes-ShuffleBytes-PersAutoDict- DE: "\003\342\000\000\000\000\000\000\000\000\000\000\000\000\000\000\000\000\000\000\000\000\000\000\000\000\000\000\000\000\000\001"-"\001\000\000\000\000\000\000\000"-
#10649574	REDUCE cov: 1201 ft: 4776 corp: 519/412Kb lim: 4096 exec/s: 412 rss: 596Mb L: 3417/3586 MS: 1 EraseBytes-
#10683068	REDUCE cov: 1201 ft: 4776 corp: 519/412Kb lim: 4096 exec/s: 412 rss: 596Mb L: 145/3586 MS: 4 CMP-ChangeByte-PersAutoDict-EraseBytes- DE: "\000\000\000\000\000\000\000\000\000\000\001\003\000\000\000\000\000\000\000\000b\000\000\000\000\000\000\000\003\000\001\013"-"\377\377\377\377\377\377\377\377\377\377\377\377\377\377\377\377\377\377\001\003\000\000\000\000\000r\000\001\000\000\000\000"-
#10744232	REDUCE cov: 1201 ft: 4776 corp: 519/412Kb lim: 4096 exec/s: 413 rss: 596Mb L: 3253/3586 MS: 4 ChangeASCIIInt-CMP-ChangeByte-EraseBytes- DE: "\001\000\000\000\000\000\000\033"-
#10802636	REDUCE cov: 1201 ft: 4776 corp: 519/412Kb lim: 4096 exec/s: 413 rss: 596Mb L: 741/3586 MS: 4 ShuffleBytes-ChangeByte-EraseBytes-ChangeBinInt-
#10815433	REDUCE cov: 1201 ft: 4776 corp: 519/412Kb lim: 4096 exec/s: 413 rss: 596Mb L: 1042/3586 MS: 2 ShuffleBytes-EraseBytes-
#10822289	REDUCE cov: 1201 ft: 4776 corp: 519/412Kb lim: 4096 exec/s: 413 rss: 596Mb L: 716/3586 MS: 1 EraseBytes-
#10832930	REDUCE cov: 1201 ft: 4776 corp: 519/412Kb lim: 4096 exec/s: 413 rss: 596Mb L: 705/3586 MS: 1 EraseBytes-
#10854199	REDUCE cov: 1201 ft: 4776 corp: 519/412Kb lim: 4096 exec/s: 413 rss: 596Mb L: 678/3586 MS: 4 ShuffleBytes-ShuffleBytes-ChangeBinInt-EraseBytes-
#10869685	REDUCE cov: 1201 ft: 4776 corp: 519/412Kb lim: 4096 exec/s: 414 rss: 596Mb L: 642/3586 MS: 1 EraseBytes-
#10876932	REDUCE cov: 1201 ft: 4776 corp: 519/412Kb lim: 4096 exec/s: 414 rss: 596Mb L: 638/3586 MS: 2 ChangeBinInt-EraseBytes-
#10879634	REDUCE cov: 1201 ft: 4776 corp: 519/412Kb lim: 4096 exec/s: 414 rss: 596Mb L: 626/3586 MS: 2 ShuffleBytes-EraseBytes-
#10884836	REDUCE cov: 1201 ft: 4776 corp: 519/412Kb lim: 4096 exec/s: 414 rss: 596Mb L: 594/3586 MS: 2 ShuffleBytes-EraseBytes-
#10888410	REDUCE cov: 1201 ft: 4776 corp: 519/412Kb lim: 4096 exec/s: 414 rss: 596Mb L: 589/3586 MS: 4 ShuffleBytes-ShuffleBytes-InsertByte-EraseBytes-
#10939031	REDUCE cov: 1201 ft: 4776 corp: 519/412Kb lim: 4096 exec/s: 414 rss: 596Mb L: 292/3586 MS: 1 EraseBytes-
#10988244	REDUCE cov: 1201 ft: 4776 corp: 519/412Kb lim: 4096 exec/s: 414 rss: 596Mb L: 391/3586 MS: 3 CrossOver-ShuffleBytes-EraseBytes-
#11025880	REDUCE cov: 1201 ft: 4776 corp: 519/412Kb lim: 4096 exec/s: 414 rss: 596Mb L: 281/3586 MS: 1 EraseBytes-
#11078087	REDUCE cov: 1201 ft: 4776 corp: 519/412Kb lim: 4096 exec/s: 415 rss: 596Mb L: 124/3586 MS: 2 PersAutoDict-EraseBytes- DE: "\000\000\000\000\000\000\001\003\000\000\000\000\000\000\0002\000\000\000\000\000\000\000\000\000\000\000\000\000\000\000\000"-
#11146979	REDUCE cov: 1201 ft: 4776 corp: 519/412Kb lim: 4096 exec/s: 415 rss: 596Mb L: 587/3586 MS: 2 PersAutoDict-EraseBytes- DE: "\000\000\000\000\000\000\000\000\000\000\000\000\000\000\000\000\000\000\000\001\003\000\000\000\001\010\213@\000\000\215!"-
#11265675	REDUCE cov: 1201 ft: 4776 corp: 519/412Kb lim: 4096 exec/s: 415 rss: 596Mb L: 461/3586 MS: 1 EraseBytes-
#11350379	NEW    cov: 1201 ft: 4778 corp: 520/416Kb lim: 4096 exec/s: 416 rss: 596Mb L: 3764/3764 MS: 4 ShuffleBytes-PersAutoDict-PersAutoDict-CopyPart- DE: "\000\000\000\216"-"\000\000\000\000\000b\000\000\000\000\000\000\000\003\000\001\013\000\000\000\000\000\000\000\000\000\000\000\000\000\000\000"-
#11459555	REDUCE cov: 1201 ft: 4778 corp: 520/416Kb lim: 4096 exec/s: 416 rss: 596Mb L: 984/3764 MS: 1 EraseBytes-
#11496243	REDUCE cov: 1201 ft: 4778 corp: 520/416Kb lim: 4096 exec/s: 417 rss: 596Mb L: 586/3764 MS: 3 ShuffleBytes-ChangeBit-EraseBytes-
#11527371	REDUCE cov: 1201 ft: 4778 corp: 520/416Kb lim: 4096 exec/s: 417 rss: 596Mb L: 2430/3764 MS: 3 ChangeByte-ShuffleBytes-EraseBytes-
#11569386	REDUCE cov: 1201 ft: 4778 corp: 520/416Kb lim: 4096 exec/s: 417 rss: 596Mb L: 977/3764 MS: 5 ChangeBinInt-InsertRepeatedBytes-PersAutoDict-CopyPart-EraseBytes- DE: "\004\000\000\000\000\000\000\000\000\000\000\000\000\000\000\000\000\000\000\000\000\000\000\000\000\000\000\000\000\000\000\000"-
#11664345	REDUCE cov: 1201 ft: 4778 corp: 520/416Kb lim: 4096 exec/s: 418 rss: 596Mb L: 52/3764 MS: 4 PersAutoDict-ChangeByte-ShuffleBytes-EraseBytes- DE: "\016\016\016\016\016\012\016\016\016\016\016\016\016\016\016\016\016\016\016\016\016\016\016\016\016(\016\016\016\000\000\000"-
#11690587	REDUCE cov: 1201 ft: 4778 corp: 520/416Kb lim: 4096 exec/s: 418 rss: 596Mb L: 341/3764 MS: 2 ChangeBit-EraseBytes-
#11788502	REDUCE cov: 1201 ft: 4778 corp: 520/416Kb lim: 4096 exec/s: 418 rss: 596Mb L: 1145/3764 MS: 5 ChangeASCIIInt-ChangeByte-ChangeBinInt-CopyPart-EraseBytes-
#11888620	REDUCE cov: 1201 ft: 4779 corp: 521/416Kb lim: 4096 exec/s: 419 rss: 596Mb L: 846/3764 MS: 3 CMP-ShuffleBytes-CopyPart- DE: "\012\000\000\000\000\000\000\000"-
#12004056	NEW    cov: 1201 ft: 4780 corp: 522/417Kb lim: 4096 exec/s: 419 rss: 596Mb L: 310/3764 MS: 1 ShuffleBytes-
#12025749	REDUCE cov: 1201 ft: 4780 corp: 522/417Kb lim: 4096 exec/s: 419 rss: 596Mb L: 723/3764 MS: 3 ShuffleBytes-ChangeBit-EraseBytes-
#12032056	REDUCE cov: 1201 ft: 4780 corp: 522/416Kb lim: 4096 exec/s: 419 rss: 596Mb L: 1352/3764 MS: 2 CMP-EraseBytes- DE: "\004\000\000\000\000\000\000\000\000\000\000\000\000\000\000\000\000\000\200\000\000\000\000\000\000\000\000\000\000\000\000\001"-
#12091697	REDUCE cov: 1201 ft: 4780 corp: 522/416Kb lim: 4096 exec/s: 420 rss: 596Mb L: 90/3764 MS: 1 EraseBytes-
#12330175	REDUCE cov: 1201 ft: 4780 corp: 522/416Kb lim: 4096 exec/s: 421 rss: 596Mb L: 3450/3764 MS: 3 CMP-ChangeBinInt-EraseBytes- DE: "\377\377\377\377\377\377\377\031"-
#12359103	REDUCE cov: 1201 ft: 4780 corp: 522/416Kb lim: 4096 exec/s: 421 rss: 596Mb L: 2329/3764 MS: 3 CrossOver-ChangeBit-EraseBytes-
#12434994	REDUCE cov: 1201 ft: 4780 corp: 522/416Kb lim: 4096 exec/s: 421 rss: 596Mb L: 114/3764 MS: 1 EraseBytes-
#12454703	REDUCE cov: 1201 ft: 4780 corp: 522/416Kb lim: 4096 exec/s: 422 rss: 596Mb L: 2317/3764 MS: 4 ShuffleBytes-ShuffleBytes-PersAutoDict-EraseBytes- DE: "\001\000\000\000\000\000\200\000\000\000\000\000\000\000\000\000\000\000\000\000\000\000\000\000\000\000\000\000\000\000\000\001"-
#12537589	REDUCE cov: 1201 ft: 4780 corp: 522/416Kb lim: 4096 exec/s: 422 rss: 596Mb L: 1129/3764 MS: 1 EraseBytes-
#12590079	REDUCE cov: 1201 ft: 4780 corp: 522/416Kb lim: 4096 exec/s: 422 rss: 596Mb L: 403/3764 MS: 5 ChangeBinInt-EraseBytes-InsertByte-PersAutoDict-CMP- DE: "\003\000\000\000\000\000\000\200"-"\000\000\000\000\000\000\000\000\000\000\000\000\000\000\000\000\000\000\000\000\000\000\000\000\000\000\000\000\000.\000\000"-
#12665552	REDUCE cov: 1201 ft: 4780 corp: 522/416Kb lim: 4096 exec/s: 422 rss: 596Mb L: 699/3764 MS: 3 CrossOver-ChangeBit-EraseBytes-
#12666045	REDUCE cov: 1201 ft: 4780 corp: 522/416Kb lim: 4096 exec/s: 422 rss: 596Mb L: 2298/3764 MS: 3 EraseBytes-ChangeASCIIInt-InsertRepeatedBytes-
#12762976	REDUCE cov: 1201 ft: 4780 corp: 522/416Kb lim: 4096 exec/s: 423 rss: 596Mb L: 1477/3764 MS: 1 EraseBytes-
#12802298	REDUCE cov: 1201 ft: 4780 corp: 522/416Kb lim: 4096 exec/s: 423 rss: 596Mb L: 112/3764 MS: 2 CopyPart-EraseBytes-
#12804807	REDUCE cov: 1201 ft: 4780 corp: 522/416Kb lim: 4096 exec/s: 423 rss: 596Mb L: 1106/3764 MS: 4 CMP-ChangeASCIIInt-InsertByte-EraseBytes- DE: "\001\000\000\000\000\000\000\000"-
#12901914	REDUCE cov: 1201 ft: 4780 corp: 522/416Kb lim: 4096 exec/s: 423 rss: 596Mb L: 1088/3764 MS: 2 ChangeBit-EraseBytes-
#12909313	REDUCE cov: 1201 ft: 4780 corp: 522/416Kb lim: 4096 exec/s: 423 rss: 596Mb L: 2255/3764 MS: 4 ChangeByte-CrossOver-ChangeBit-InsertRepeatedBytes-
#12957179	REDUCE cov: 1201 ft: 4780 corp: 522/416Kb lim: 4096 exec/s: 424 rss: 596Mb L: 1067/3764 MS: 1 EraseBytes-
#12976845	REDUCE cov: 1201 ft: 4780 corp: 522/416Kb lim: 4096 exec/s: 424 rss: 596Mb L: 405/3764 MS: 1 EraseBytes-
#12987013	REDUCE cov: 1201 ft: 4780 corp: 522/416Kb lim: 4096 exec/s: 424 rss: 596Mb L: 978/3764 MS: 3 ChangeByte-PersAutoDict-EraseBytes- DE: "\000\000\000\214"-
#13096476	REDUCE cov: 1201 ft: 4780 corp: 522/416Kb lim: 4096 exec/s: 424 rss: 596Mb L: 1493/3764 MS: 3 ChangeByte-ChangeBinInt-EraseBytes-
#13100577	REDUCE cov: 1201 ft: 4780 corp: 522/416Kb lim: 4096 exec/s: 424 rss: 596Mb L: 1047/3764 MS: 1 EraseBytes-
#13126348	REDUCE cov: 1201 ft: 4780 corp: 522/416Kb lim: 4096 exec/s: 424 rss: 596Mb L: 225/3764 MS: 1 EraseBytes-
#13150979	REDUCE cov: 1201 ft: 4780 corp: 522/416Kb lim: 4096 exec/s: 424 rss: 596Mb L: 2345/3764 MS: 1 CrossOver-
#13229452	REDUCE cov: 1201 ft: 4780 corp: 522/416Kb lim: 4096 exec/s: 425 rss: 596Mb L: 49/3764 MS: 3 ChangeBit-ChangeByte-EraseBytes-
#13259709	REDUCE cov: 1201 ft: 4780 corp: 522/416Kb lim: 4096 exec/s: 425 rss: 596Mb L: 223/3764 MS: 2 ChangeByte-EraseBytes-
#13289508	REDUCE cov: 1201 ft: 4780 corp: 522/416Kb lim: 4096 exec/s: 425 rss: 596Mb L: 691/3764 MS: 4 ChangeBit-ChangeBit-PersAutoDict-EraseBytes- DE: "\000\000\000\000\000\000\000\026"-
#13294291	REDUCE cov: 1201 ft: 4780 corp: 522/416Kb lim: 4096 exec/s: 425 rss: 596Mb L: 246/3764 MS: 3 CMP-InsertByte-EraseBytes- DE: "\000\000\000\000\000\000\000\000\000\000\000\000\000\000\000\000\000\000\000\000\000\000\000\000\000\000\000\000\000\000\000\000"-
#13311732	NEW    cov: 1201 ft: 4781 corp: 523/419Kb lim: 4096 exec/s: 425 rss: 596Mb L: 3764/3764 MS: 1 CopyPart-
#13330218	REDUCE cov: 1201 ft: 4781 corp: 523/419Kb lim: 4096 exec/s: 425 rss: 596Mb L: 2299/3764 MS: 1 EraseBytes-
#13502825	REDUCE cov: 1201 ft: 4781 corp: 523/419Kb lim: 4096 exec/s: 426 rss: 596Mb L: 2243/3764 MS: 2 ChangeASCIIInt-EraseBytes-
#13511251	REDUCE cov: 1201 ft: 4781 corp: 523/419Kb lim: 4096 exec/s: 426 rss: 596Mb L: 2251/3764 MS: 1 EraseBytes-
#13558254	REDUCE cov: 1201 ft: 4781 corp: 523/419Kb lim: 4096 exec/s: 426 rss: 596Mb L: 382/3764 MS: 3 ChangeByte-ChangeByte-EraseBytes-
#13609566	REDUCE cov: 1201 ft: 4781 corp: 523/419Kb lim: 4096 exec/s: 426 rss: 596Mb L: 1066/3764 MS: 2 ShuffleBytes-EraseBytes-
#13630782	REDUCE cov: 1201 ft: 4781 corp: 523/419Kb lim: 4096 exec/s: 426 rss: 596Mb L: 2378/3764 MS: 1 EraseBytes-
#13653996	REDUCE cov: 1201 ft: 4781 corp: 523/419Kb lim: 4096 exec/s: 426 rss: 596Mb L: 123/3764 MS: 4 ShuffleBytes-ShuffleBytes-EraseBytes-EraseBytes-
#13668451	REDUCE cov: 1201 ft: 4781 corp: 523/419Kb lim: 4096 exec/s: 426 rss: 596Mb L: 1128/3764 MS: 5 ChangeASCIIInt-ChangeASCIIInt-ChangeBit-ChangeBit-EraseBytes-
#13687677	REDUCE cov: 1201 ft: 4781 corp: 523/419Kb lim: 4096 exec/s: 426 rss: 596Mb L: 385/3764 MS: 1 EraseBytes-
#13702354	REDUCE cov: 1201 ft: 4781 corp: 523/419Kb lim: 4096 exec/s: 426 rss: 596Mb L: 636/3764 MS: 2 PersAutoDict-EraseBytes- DE: "\004\000\000\000\000\000\000\000\000\000\000\000\000\000\000\000\000\000\200\000\000\000\000\000\000\000\000\000\000\000\000\001"-
#13708010	REDUCE cov: 1201 ft: 4781 corp: 523/419Kb lim: 4096 exec/s: 426 rss: 596Mb L: 303/3764 MS: 1 EraseBytes-
#13770833	REDUCE cov: 1201 ft: 4781 corp: 523/419Kb lim: 4096 exec/s: 427 rss: 596Mb L: 1044/3764 MS: 3 EraseBytes-ShuffleBytes-CrossOver-
#13793375	REDUCE cov: 1201 ft: 4781 corp: 523/419Kb lim: 4096 exec/s: 427 rss: 596Mb L: 1836/3764 MS: 2 ChangeBinInt-EraseBytes-
#13893876	REDUCE cov: 1201 ft: 4781 corp: 523/419Kb lim: 4096 exec/s: 427 rss: 596Mb L: 348/3764 MS: 1 EraseBytes-
#13987627	REDUCE cov: 1201 ft: 4781 corp: 523/419Kb lim: 4096 exec/s: 427 rss: 596Mb L: 3228/3764 MS: 1 CrossOver-
#14095519	REDUCE cov: 1201 ft: 4781 corp: 523/419Kb lim: 4096 exec/s: 428 rss: 596Mb L: 3225/3764 MS: 2 ChangeBinInt-EraseBytes-
#14109976	REDUCE cov: 1201 ft: 4781 corp: 523/419Kb lim: 4096 exec/s: 428 rss: 596Mb L: 3211/3764 MS: 2 EraseBytes-PersAutoDict- DE: "\002\001\000\000\000\000\000\000\000\004\000\000\000\000\000\000\000\000\000\000\000\000[\000\000\000\000\000\000\000\000\000"-
#14161403	REDUCE cov: 1201 ft: 4781 corp: 523/419Kb lim: 4096 exec/s: 428 rss: 596Mb L: 541/3764 MS: 2 ChangeASCIIInt-EraseBytes-
#14238740	REDUCE cov: 1201 ft: 4781 corp: 523/419Kb lim: 4096 exec/s: 428 rss: 596Mb L: 3333/3764 MS: 2 ShuffleBytes-CrossOver-
#14258566	REDUCE cov: 1201 ft: 4781 corp: 523/419Kb lim: 4096 exec/s: 428 rss: 596Mb L: 435/3764 MS: 1 EraseBytes-
#14277274	REDUCE cov: 1201 ft: 4781 corp: 523/419Kb lim: 4096 exec/s: 428 rss: 596Mb L: 3193/3764 MS: 3 PersAutoDict-EraseBytes-CopyPart- DE: "rrrrrrrrrrrrrrrrrrrrrrrrrrrr\214p\005\231"-
#14565751	REDUCE cov: 1201 ft: 4781 corp: 523/419Kb lim: 4096 exec/s: 429 rss: 596Mb L: 3291/3764 MS: 2 ChangeBit-EraseBytes-
#14570733	REDUCE cov: 1201 ft: 4781 corp: 523/419Kb lim: 4096 exec/s: 429 rss: 596Mb L: 150/3764 MS: 2 ChangeBinInt-EraseBytes-
#14639959	REDUCE cov: 1201 ft: 4781 corp: 523/419Kb lim: 4096 exec/s: 430 rss: 596Mb L: 2306/3764 MS: 1 EraseBytes-
#14751449	REDUCE cov: 1201 ft: 4782 corp: 524/419Kb lim: 4096 exec/s: 430 rss: 596Mb L: 227/3764 MS: 5 InsertByte-ChangeByte-ShuffleBytes-InsertRepeatedBytes-PersAutoDict- DE: "\377\377\377\377"-
#14761061	REDUCE cov: 1201 ft: 4782 corp: 524/419Kb lim: 4096 exec/s: 430 rss: 596Mb L: 146/3764 MS: 2 ChangeBinInt-EraseBytes-
#14773833	REDUCE cov: 1201 ft: 4784 corp: 525/420Kb lim: 4096 exec/s: 430 rss: 596Mb L: 804/3764 MS: 2 CrossOver-EraseBytes-
#14787455	REDUCE cov: 1201 ft: 4784 corp: 525/420Kb lim: 4096 exec/s: 430 rss: 596Mb L: 143/3764 MS: 2 InsertByte-EraseBytes-
#14831098	REDUCE cov: 1201 ft: 4784 corp: 525/420Kb lim: 4096 exec/s: 430 rss: 596Mb L: 977/3764 MS: 3 EraseBytes-CopyPart-InsertByte-
#15027209	REDUCE cov: 1201 ft: 4784 corp: 525/420Kb lim: 4096 exec/s: 431 rss: 596Mb L: 2312/3764 MS: 1 EraseBytes-
#15197657	REDUCE cov: 1201 ft: 4784 corp: 525/420Kb lim: 4096 exec/s: 432 rss: 596Mb L: 105/3764 MS: 3 PersAutoDict-EraseBytes-ChangeByte- DE: "\013\000\000\000\000\000\000\000"-
#15204278	REDUCE cov: 1201 ft: 4784 corp: 525/420Kb lim: 4096 exec/s: 432 rss: 596Mb L: 103/3764 MS: 1 EraseBytes-
#15217256	REDUCE cov: 1201 ft: 4784 corp: 525/420Kb lim: 4096 exec/s: 432 rss: 596Mb L: 100/3764 MS: 2 InsertByte-EraseBytes-
#15223544	REDUCE cov: 1201 ft: 4784 corp: 525/420Kb lim: 4096 exec/s: 432 rss: 596Mb L: 91/3764 MS: 2 EraseBytes-PersAutoDict- DE: "\031\000\000\000\000\000\000\000"-
#15236568	REDUCE cov: 1201 ft: 4784 corp: 525/420Kb lim: 4096 exec/s: 432 rss: 596Mb L: 88/3764 MS: 3 CopyPart-ChangeBit-EraseBytes-
#15259942	REDUCE cov: 1201 ft: 4784 corp: 525/420Kb lim: 4096 exec/s: 432 rss: 596Mb L: 247/3764 MS: 3 CopyPart-ShuffleBytes-EraseBytes-
#15291003	REDUCE cov: 1201 ft: 4784 corp: 525/420Kb lim: 4096 exec/s: 432 rss: 596Mb L: 105/3764 MS: 1 EraseBytes-
#15305295	REDUCE cov: 1201 ft: 4784 corp: 525/420Kb lim: 4096 exec/s: 432 rss: 596Mb L: 83/3764 MS: 2 ChangeBinInt-EraseBytes-
#15344192	REDUCE cov: 1201 ft: 4784 corp: 525/419Kb lim: 4096 exec/s: 432 rss: 596Mb L: 845/3764 MS: 2 PersAutoDict-EraseBytes- DE: "\377\377\377\377\377\377\377\012"-
#15348354	REDUCE cov: 1201 ft: 4784 corp: 525/419Kb lim: 4096 exec/s: 432 rss: 596Mb L: 805/3764 MS: 2 ChangeByte-CrossOver-
#15359068	REDUCE cov: 1201 ft: 4784 corp: 525/419Kb lim: 4096 exec/s: 432 rss: 596Mb L: 692/3764 MS: 4 ChangeASCIIInt-CrossOver-ChangeBit-EraseBytes-
#15366394	REDUCE cov: 1201 ft: 4784 corp: 525/419Kb lim: 4096 exec/s: 433 rss: 596Mb L: 685/3764 MS: 1 EraseBytes-
#15386636	REDUCE cov: 1201 ft: 4784 corp: 525/419Kb lim: 4096 exec/s: 433 rss: 596Mb L: 82/3764 MS: 2 ChangeBit-EraseBytes-
#15395327	REDUCE cov: 1201 ft: 4784 corp: 525/419Kb lim: 4096 exec/s: 433 rss: 596Mb L: 81/3764 MS: 1 EraseBytes-
#15401425	REDUCE cov: 1201 ft: 4784 corp: 525/419Kb lim: 4096 exec/s: 433 rss: 596Mb L: 670/3764 MS: 2 ChangeByte-EraseBytes-
#15401696	REDUCE cov: 1201 ft: 4784 corp: 525/419Kb lim: 4096 exec/s: 433 rss: 596Mb L: 654/3764 MS: 1 EraseBytes-
#15451072	REDUCE cov: 1201 ft: 4784 corp: 525/419Kb lim: 4096 exec/s: 433 rss: 596Mb L: 3303/3764 MS: 1 EraseBytes-
#15451338	REDUCE cov: 1201 ft: 4784 corp: 525/419Kb lim: 4096 exec/s: 433 rss: 596Mb L: 671/3764 MS: 1 EraseBytes-
#15530284	REDUCE cov: 1201 ft: 4784 corp: 525/419Kb lim: 4096 exec/s: 433 rss: 596Mb L: 2377/3764 MS: 1 EraseBytes-
#15545281	REDUCE cov: 1201 ft: 4784 corp: 525/419Kb lim: 4096 exec/s: 433 rss: 596Mb L: 643/3764 MS: 2 CrossOver-EraseBytes-
#15613917	REDUCE cov: 1201 ft: 4784 corp: 525/419Kb lim: 4096 exec/s: 433 rss: 596Mb L: 1598/3764 MS: 1 EraseBytes-
#15663554	REDUCE cov: 1201 ft: 4784 corp: 525/419Kb lim: 4096 exec/s: 433 rss: 596Mb L: 801/3764 MS: 2 PersAutoDict-EraseBytes- DE: "\000\000\000\000\000\000\000\000\000\000\001\003\000\000\000\000\000\000\000\000b\000\000\000\000\000\000\000\003\000\001\013"-
#15686047	REDUCE cov: 1201 ft: 4784 corp: 525/419Kb lim: 4096 exec/s: 433 rss: 596Mb L: 154/3764 MS: 3 ChangeASCIIInt-PersAutoDict-EraseBytes- DE: "\001\003\000\000\000\000\000\000\000\001\000\000\000\000\000\000\000\000\000\000\000\000\000\000\000\000\001(\001\001\000\000"-
#15857738	REDUCE cov: 1201 ft: 4784 corp: 525/419Kb lim: 4096 exec/s: 434 rss: 596Mb L: 2342/3764 MS: 1 EraseBytes-
#15910159	REDUCE cov: 1201 ft: 4784 corp: 525/419Kb lim: 4096 exec/s: 434 rss: 596Mb L: 495/3764 MS: 1 EraseBytes-
#16013596	REDUCE cov: 1201 ft: 4784 corp: 525/419Kb lim: 4096 exec/s: 434 rss: 596Mb L: 518/3764 MS: 2 InsertRepeatedBytes-EraseBytes-
#16095043	REDUCE cov: 1201 ft: 4784 corp: 525/419Kb lim: 4096 exec/s: 435 rss: 596Mb L: 979/3764 MS: 2 InsertByte-EraseBytes-
#16178799	REDUCE cov: 1201 ft: 4784 corp: 525/419Kb lim: 4096 exec/s: 435 rss: 596Mb L: 663/3764 MS: 1 EraseBytes-
#16189381	REDUCE cov: 1201 ft: 4787 corp: 526/422Kb lim: 4096 exec/s: 435 rss: 596Mb L: 3193/3764 MS: 2 ShuffleBytes-ChangeBit-
#16230834	REDUCE cov: 1201 ft: 4787 corp: 526/422Kb lim: 4096 exec/s: 435 rss: 596Mb L: 1131/3764 MS: 3 EraseBytes-CrossOver-CrossOver-
#16398250	REDUCE cov: 1201 ft: 4787 corp: 526/422Kb lim: 4096 exec/s: 435 rss: 596Mb L: 116/3764 MS: 1 EraseBytes-
#16399324	REDUCE cov: 1201 ft: 4787 corp: 526/422Kb lim: 4096 exec/s: 435 rss: 596Mb L: 248/3764 MS: 4 ChangeBinInt-ChangeASCIIInt-ChangeBit-EraseBytes-
#16413089	REDUCE cov: 1201 ft: 4787 corp: 526/422Kb lim: 4096 exec/s: 435 rss: 596Mb L: 2285/3764 MS: 5 ChangeByte-ChangeBinInt-ChangeByte-ShuffleBytes-EraseBytes-
#16423411	REDUCE cov: 1201 ft: 4787 corp: 526/422Kb lim: 4096 exec/s: 436 rss: 596Mb L: 102/3764 MS: 2 ShuffleBytes-EraseBytes-
#16448865	REDUCE cov: 1201 ft: 4787 corp: 526/422Kb lim: 4096 exec/s: 436 rss: 596Mb L: 114/3764 MS: 4 PersAutoDict-ChangeBinInt-CrossOver-EraseBytes- DE: "\377\377\377\377\377\377\377\012"-
#16730996	REDUCE cov: 1201 ft: 4787 corp: 526/422Kb lim: 4096 exec/s: 436 rss: 596Mb L: 1740/3764 MS: 1 EraseBytes-
#16739696	REDUCE cov: 1201 ft: 4787 corp: 526/422Kb lim: 4096 exec/s: 436 rss: 596Mb L: 70/3764 MS: 5 InsertRepeatedBytes-ShuffleBytes-ChangeBinInt-EraseBytes-EraseBytes-
#16777216	pulse  cov: 1201 ft: 4787 corp: 526/422Kb lim: 4096 exec/s: 437 rss: 596Mb
#16795217	REDUCE cov: 1201 ft: 4787 corp: 526/422Kb lim: 4096 exec/s: 437 rss: 596Mb L: 49/3764 MS: 1 EraseBytes-
#16812449	REDUCE cov: 1201 ft: 4787 corp: 526/422Kb lim: 4096 exec/s: 437 rss: 596Mb L: 794/3764 MS: 2 CopyPart-EraseBytes-
#16987888	REDUCE cov: 1201 ft: 4787 corp: 526/422Kb lim: 4096 exec/s: 437 rss: 596Mb L: 3190/3764 MS: 4 ChangeByte-InsertByte-InsertByte-EraseBytes-
#16990104	NEW    cov: 1201 ft: 4789 corp: 527/422Kb lim: 4096 exec/s: 437 rss: 596Mb L: 403/3764 MS: 1 ChangeBit-
#17111795	REDUCE cov: 1201 ft: 4789 corp: 527/422Kb lim: 4096 exec/s: 438 rss: 596Mb L: 1147/3764 MS: 1 EraseBytes-
#17122787	REDUCE cov: 1203 ft: 4791 corp: 528/424Kb lim: 4096 exec/s: 438 rss: 596Mb L: 2335/3764 MS: 2 InsertRepeatedBytes-EraseBytes-
#17132313	REDUCE cov: 1203 ft: 4791 corp: 528/424Kb lim: 4096 exec/s: 438 rss: 596Mb L: 114/3764 MS: 1 EraseBytes-
#17262294	REDUCE cov: 1203 ft: 4791 corp: 528/424Kb lim: 4096 exec/s: 438 rss: 596Mb L: 145/3764 MS: 1 EraseBytes-
#17307505	REDUCE cov: 1203 ft: 4791 corp: 528/424Kb lim: 4096 exec/s: 438 rss: 596Mb L: 2280/3764 MS: 1 EraseBytes-
#17326623	REDUCE cov: 1203 ft: 4791 corp: 528/424Kb lim: 4096 exec/s: 438 rss: 596Mb L: 373/3764 MS: 3 ChangeBinInt-EraseBytes-PersAutoDict- DE: "\003\000\000\000\000\000\000\000"-
#17346794	REDUCE cov: 1203 ft: 4791 corp: 528/424Kb lim: 4096 exec/s: 438 rss: 596Mb L: 150/3764 MS: 1 EraseBytes-
#17365420	REDUCE cov: 1203 ft: 4791 corp: 528/424Kb lim: 4096 exec/s: 438 rss: 596Mb L: 1055/3764 MS: 1 EraseBytes-
#17438331	NEW    cov: 1203 ft: 4792 corp: 529/424Kb lim: 4096 exec/s: 439 rss: 596Mb L: 278/3764 MS: 1 PersAutoDict- DE: "\001\000\000\000"-
#17463267	REDUCE cov: 1203 ft: 4793 corp: 530/427Kb lim: 4096 exec/s: 439 rss: 596Mb L: 2443/3764 MS: 1 ShuffleBytes-
#17470262	REDUCE cov: 1203 ft: 4793 corp: 530/427Kb lim: 4096 exec/s: 439 rss: 596Mb L: 533/3764 MS: 5 ChangeBinInt-CopyPart-ShuffleBytes-EraseBytes-CrossOver-
#17498019	REDUCE cov: 1203 ft: 4793 corp: 530/427Kb lim: 4096 exec/s: 439 rss: 596Mb L: 532/3764 MS: 2 ChangeByte-CrossOver-
#17506696	REDUCE cov: 1203 ft: 4793 corp: 530/427Kb lim: 4096 exec/s: 439 rss: 596Mb L: 1295/3764 MS: 2 ChangeBinInt-EraseBytes-
#17516699	REDUCE cov: 1203 ft: 4793 corp: 530/427Kb lim: 4096 exec/s: 439 rss: 596Mb L: 2298/3764 MS: 3 ChangeBinInt-ChangeByte-EraseBytes-
#17570000	REDUCE cov: 1203 ft: 4793 corp: 530/427Kb lim: 4096 exec/s: 439 rss: 596Mb L: 661/3764 MS: 1 EraseBytes-
#17583476	REDUCE cov: 1203 ft: 4793 corp: 530/427Kb lim: 4096 exec/s: 439 rss: 596Mb L: 529/3764 MS: 1 EraseBytes-
#17613673	REDUCE cov: 1203 ft: 4793 corp: 530/427Kb lim: 4096 exec/s: 439 rss: 596Mb L: 101/3764 MS: 2 ShuffleBytes-EraseBytes-
#17727667	REDUCE cov: 1203 ft: 4793 corp: 530/427Kb lim: 4096 exec/s: 440 rss: 596Mb L: 222/3764 MS: 4 ChangeByte-ShuffleBytes-CopyPart-EraseBytes-
#17920732	REDUCE cov: 1203 ft: 4793 corp: 530/427Kb lim: 4096 exec/s: 440 rss: 596Mb L: 2233/3764 MS: 5 CMP-ChangeBit-PersAutoDict-EraseBytes-InsertRepeatedBytes- DE: "\000\000\000f"-"\000\000\000\002\304\265\025\214t\336\327V\324\022\215@\0209\265\374\252\002\021\373\241\376H\2434\235\2428"-
#17930873	REDUCE cov: 1203 ft: 4793 corp: 530/427Kb lim: 4096 exec/s: 440 rss: 596Mb L: 851/3764 MS: 1 EraseBytes-
#17950845	REDUCE cov: 1203 ft: 4793 corp: 530/427Kb lim: 4096 exec/s: 440 rss: 596Mb L: 348/3764 MS: 2 ShuffleBytes-EraseBytes-
#18007026	REDUCE cov: 1203 ft: 4793 corp: 530/427Kb lim: 4096 exec/s: 441 rss: 596Mb L: 364/3764 MS: 1 EraseBytes-
#18108901	REDUCE cov: 1203 ft: 4793 corp: 530/427Kb lim: 4096 exec/s: 441 rss: 596Mb L: 1422/3764 MS: 5 EraseBytes-ChangeByte-ChangeBit-PersAutoDict-InsertRepeatedBytes- DE: "\000\000\000\000\000\000\000b\000\000\001\000\000\000\000\000\000\000\000\000\000\002\304\265\025\214t\336\327V\324\022"-
#18241672	REDUCE cov: 1203 ft: 4793 corp: 530/426Kb lim: 4096 exec/s: 441 rss: 596Mb L: 2431/3764 MS: 1 EraseBytes-
#18268780	REDUCE cov: 1203 ft: 4793 corp: 530/426Kb lim: 4096 exec/s: 441 rss: 596Mb L: 76/3764 MS: 3 EraseBytes-CopyPart-ChangeByte-
#18269192	REDUCE cov: 1203 ft: 4793 corp: 530/426Kb lim: 4096 exec/s: 441 rss: 596Mb L: 71/3764 MS: 2 ChangeBinInt-EraseBytes-
#18313095	REDUCE cov: 1203 ft: 4793 corp: 530/426Kb lim: 4096 exec/s: 442 rss: 596Mb L: 66/3764 MS: 2 ChangeByte-EraseBytes-
#18316386	REDUCE cov: 1203 ft: 4793 corp: 530/426Kb lim: 4096 exec/s: 442 rss: 596Mb L: 65/3764 MS: 5 CopyPart-ShuffleBytes-CrossOver-InsertByte-EraseBytes-
#18349873	REDUCE cov: 1203 ft: 4793 corp: 530/426Kb lim: 4096 exec/s: 442 rss: 596Mb L: 377/3764 MS: 1 EraseBytes-
#18352260	REDUCE cov: 1203 ft: 4793 corp: 530/426Kb lim: 4096 exec/s: 442 rss: 596Mb L: 63/3764 MS: 2 PersAutoDict-EraseBytes- DE: "Qe$\000\000\000\000\000"-
#18356788	REDUCE cov: 1203 ft: 4793 corp: 530/426Kb lim: 4096 exec/s: 442 rss: 596Mb L: 1726/3764 MS: 3 ChangeASCIIInt-ChangeBit-EraseBytes-
#18371014	REDUCE cov: 1203 ft: 4793 corp: 530/426Kb lim: 4096 exec/s: 442 rss: 596Mb L: 62/3764 MS: 1 EraseBytes-
#18392020	REDUCE cov: 1203 ft: 4793 corp: 530/426Kb lim: 4096 exec/s: 442 rss: 596Mb L: 863/3764 MS: 1 EraseBytes-
#18468403	REDUCE cov: 1203 ft: 4793 corp: 530/426Kb lim: 4096 exec/s: 442 rss: 596Mb L: 433/3764 MS: 3 EraseBytes-ChangeByte-InsertByte-
#18517009	REDUCE cov: 1203 ft: 4793 corp: 530/426Kb lim: 4096 exec/s: 442 rss: 596Mb L: 296/3764 MS: 1 EraseBytes-
#18609020	REDUCE cov: 1203 ft: 4793 corp: 530/426Kb lim: 4096 exec/s: 442 rss: 596Mb L: 522/3764 MS: 1 EraseBytes-
#18621157	REDUCE cov: 1203 ft: 4793 corp: 530/426Kb lim: 4096 exec/s: 442 rss: 596Mb L: 239/3764 MS: 2 ShuffleBytes-EraseBytes-
#18786033	REDUCE cov: 1203 ft: 4793 corp: 530/426Kb lim: 4096 exec/s: 443 rss: 596Mb L: 530/3764 MS: 1 EraseBytes-
#18787635	REDUCE cov: 1203 ft: 4793 corp: 530/426Kb lim: 4096 exec/s: 443 rss: 596Mb L: 526/3764 MS: 2 ChangeBinInt-EraseBytes-
#18872541	REDUCE cov: 1203 ft: 4793 corp: 530/426Kb lim: 4096 exec/s: 443 rss: 596Mb L: 523/3764 MS: 1 EraseBytes-
#18896067	REDUCE cov: 1203 ft: 4793 corp: 530/426Kb lim: 4096 exec/s: 443 rss: 596Mb L: 154/3764 MS: 1 EraseBytes-
#19071121	REDUCE cov: 1203 ft: 4793 corp: 530/426Kb lim: 4096 exec/s: 444 rss: 596Mb L: 387/3764 MS: 4 CMP-ChangeByte-CrossOver-EraseBytes- DE: "\000\000b\000\000\000\000\000\000\000\003\000\000\000\000\000\000\000\002\000\000\000\000\000\000\000\001\000\000\000\000\000"-
#19243732	REDUCE cov: 1203 ft: 4793 corp: 530/426Kb lim: 4096 exec/s: 444 rss: 596Mb L: 114/3764 MS: 1 EraseBytes-
#19341448	REDUCE cov: 1203 ft: 4793 corp: 530/426Kb lim: 4096 exec/s: 444 rss: 596Mb L: 2227/3764 MS: 1 CrossOver-
#19448379	REDUCE cov: 1203 ft: 4793 corp: 530/426Kb lim: 4096 exec/s: 445 rss: 596Mb L: 59/3764 MS: 1 EraseBytes-
#19504602	REDUCE cov: 1203 ft: 4793 corp: 530/426Kb lim: 4096 exec/s: 445 rss: 596Mb L: 281/3764 MS: 3 ShuffleBytes-PersAutoDict-EraseBytes- DE: "\000\000\000\000\000\000\000\000\001\003\000\000\000\000\000\000\000\000\000\000\000\000\000\000\000\000\000\004@\000\001\000"-
#19548455	REDUCE cov: 1203 ft: 4793 corp: 530/426Kb lim: 4096 exec/s: 445 rss: 596Mb L: 114/3764 MS: 3 EraseBytes-ChangeBinInt-EraseBytes-
#19617412	REDUCE cov: 1203 ft: 4793 corp: 530/426Kb lim: 4096 exec/s: 445 rss: 596Mb L: 3189/3764 MS: 2 CMP-EraseBytes- DE: "\001\232"-
#19674258	REDUCE cov: 1203 ft: 4793 corp: 530/426Kb lim: 4096 exec/s: 445 rss: 596Mb L: 1451/3764 MS: 1 EraseBytes-
#19981723	REDUCE cov: 1203 ft: 4793 corp: 530/426Kb lim: 4096 exec/s: 446 rss: 596Mb L: 248/3764 MS: 5 PersAutoDict-PersAutoDict-EraseBytes-ShuffleBytes-EraseBytes- DE: "\000\000\000\000\000\000b\000\000\000\000\000\000\000\000\000\000\000\000\000\000\000\000\000\000\001\000\000\000\000\000\000"-"\000\000\000\364"-
#20033087	REDUCE cov: 1203 ft: 4793 corp: 530/426Kb lim: 4096 exec/s: 446 rss: 596Mb L: 383/3764 MS: 4 InsertByte-ChangeBinInt-ChangeBit-EraseBytes-
#20146319	REDUCE cov: 1203 ft: 4793 corp: 530/426Kb lim: 4096 exec/s: 447 rss: 596Mb L: 1278/3764 MS: 2 InsertByte-EraseBytes-
#20330970	REDUCE cov: 1203 ft: 4793 corp: 530/426Kb lim: 4096 exec/s: 447 rss: 596Mb L: 2322/3764 MS: 1 EraseBytes-
#20332586	REDUCE cov: 1203 ft: 4793 corp: 530/426Kb lim: 4096 exec/s: 447 rss: 596Mb L: 1169/3764 MS: 1 EraseBytes-
#20396030	REDUCE cov: 1203 ft: 4793 corp: 530/426Kb lim: 4096 exec/s: 447 rss: 596Mb L: 522/3764 MS: 4 ChangeASCIIInt-ChangeBit-ChangeBit-EraseBytes-
#20397850	REDUCE cov: 1203 ft: 4793 corp: 530/426Kb lim: 4096 exec/s: 447 rss: 596Mb L: 245/3764 MS: 5 ChangeBinInt-PersAutoDict-InsertByte-EraseBytes-CrossOver- DE: "\001\003\000\000\000\000\000\000\000\000\000\000\000\000\000\000\000\000\000\000\000\000\000\000\000\000\000\000\000\000\000\000"-
#20471583	REDUCE cov: 1203 ft: 4793 corp: 530/426Kb lim: 4096 exec/s: 448 rss: 596Mb L: 402/3764 MS: 3 CopyPart-ChangeBit-CrossOver-
#20513519	REDUCE cov: 1203 ft: 4793 corp: 530/426Kb lim: 4096 exec/s: 448 rss: 596Mb L: 278/3764 MS: 1 EraseBytes-
#20543565	REDUCE cov: 1203 ft: 4793 corp: 530/426Kb lim: 4096 exec/s: 448 rss: 596Mb L: 518/3764 MS: 1 EraseBytes-
#20550368	REDUCE cov: 1203 ft: 4793 corp: 530/426Kb lim: 4096 exec/s: 448 rss: 596Mb L: 114/3764 MS: 3 EraseBytes-ChangeByte-EraseBytes-
#20608461	REDUCE cov: 1203 ft: 4793 corp: 530/426Kb lim: 4096 exec/s: 448 rss: 596Mb L: 131/3764 MS: 3 EraseBytes-InsertByte-EraseBytes-
#20687758	REDUCE cov: 1203 ft: 4793 corp: 530/425Kb lim: 4096 exec/s: 448 rss: 596Mb L: 246/3764 MS: 2 EraseBytes-PersAutoDict- DE: "\000\000\000\000\000\000\000\000\000\000\001\003\000\000\000\000\000\000\000\000b\000\000\000\000\000\000\000\003\000\001\013"-
#20703439	REDUCE cov: 1203 ft: 4793 corp: 530/425Kb lim: 4096 exec/s: 448 rss: 596Mb L: 1082/3764 MS: 1 EraseBytes-
#20727823	REDUCE cov: 1203 ft: 4793 corp: 530/425Kb lim: 4096 exec/s: 448 rss: 596Mb L: 790/3764 MS: 4 CMP-CMP-CopyPart-EraseBytes- DE: "\000\000\000\000\000\000\000\007"-"\377\377\377\377\377\377\377\377"-
#20774262	REDUCE cov: 1203 ft: 4793 corp: 530/425Kb lim: 4096 exec/s: 448 rss: 596Mb L: 1254/3764 MS: 4 CMP-ChangeBit-ShuffleBytes-EraseBytes- DE: "\000\000 \000\000\000\000\000\000\000\000\000\000\000\000\000\001\002\000\000\000\000\000\000\000\000\000\000\000\000\000\000"-
#20846409	REDUCE cov: 1203 ft: 4793 corp: 530/425Kb lim: 4096 exec/s: 449 rss: 596Mb L: 456/3764 MS: 2 ChangeBinInt-EraseBytes-
#20848830	REDUCE cov: 1203 ft: 4793 corp: 530/425Kb lim: 4096 exec/s: 449 rss: 596Mb L: 661/3764 MS: 1 EraseBytes-
#20979099	REDUCE cov: 1203 ft: 4793 corp: 530/425Kb lim: 4096 exec/s: 449 rss: 596Mb L: 3759/3764 MS: 4 ChangeBinInt-CMP-ChangeByte-EraseBytes- DE: "\001\002\000\000\000\000\000\000\000\000\000\000\000\000\000\000\000\000\000\000\000\000\000\000\000\000\000\010&\000\000\000"-
#20991451	REDUCE cov: 1203 ft: 4793 corp: 530/425Kb lim: 4096 exec/s: 449 rss: 596Mb L: 122/3764 MS: 2 ChangeBinInt-EraseBytes-
#21073948	REDUCE cov: 1203 ft: 4793 corp: 530/425Kb lim: 4096 exec/s: 449 rss: 596Mb L: 123/3764 MS: 2 PersAutoDict-EraseBytes- DE: "\004\000\000\000"-
#21114119	REDUCE cov: 1203 ft: 4793 corp: 530/425Kb lim: 4096 exec/s: 449 rss: 596Mb L: 2237/3764 MS: 1 EraseBytes-
#21239663	REDUCE cov: 1203 ft: 4793 corp: 530/425Kb lim: 4096 exec/s: 450 rss: 596Mb L: 302/3764 MS: 4 EraseBytes-ChangeBit-CMP-ChangeASCIIInt- DE: "\003\342\000\000\000\000\000\000\000\000\000\000\000\001\010\012\000\000\000\000\000\000\000\000\000\000\000\000\000\000\000\001"-
#21268674	REDUCE cov: 1203 ft: 4793 corp: 530/425Kb lim: 4096 exec/s: 450 rss: 596Mb L: 323/3764 MS: 1 EraseBytes-
#21303630	REDUCE cov: 1203 ft: 4793 corp: 530/425Kb lim: 4096 exec/s: 450 rss: 596Mb L: 130/3764 MS: 1 EraseBytes-
#21483062	REDUCE cov: 1203 ft: 4793 corp: 530/425Kb lim: 4096 exec/s: 450 rss: 596Mb L: 1003/3764 MS: 2 ChangeBinInt-EraseBytes-
#21622003	REDUCE cov: 1203 ft: 4793 corp: 530/425Kb lim: 4096 exec/s: 451 rss: 596Mb L: 988/3764 MS: 1 EraseBytes-
#21640045	REDUCE cov: 1203 ft: 4793 corp: 530/425Kb lim: 4096 exec/s: 451 rss: 596Mb L: 100/3764 MS: 2 ChangeBit-EraseBytes-
#21657346	REDUCE cov: 1203 ft: 4793 corp: 530/425Kb lim: 4096 exec/s: 451 rss: 596Mb L: 2318/3764 MS: 1 EraseBytes-
#21672823	REDUCE cov: 1203 ft: 4793 corp: 530/425Kb lim: 4096 exec/s: 451 rss: 596Mb L: 96/3764 MS: 2 InsertByte-EraseBytes-
#21674889	REDUCE cov: 1203 ft: 4793 corp: 530/425Kb lim: 4096 exec/s: 451 rss: 596Mb L: 87/3764 MS: 1 EraseBytes-
#21703582	REDUCE cov: 1203 ft: 4793 corp: 530/425Kb lim: 4096 exec/s: 451 rss: 596Mb L: 667/3764 MS: 3 CMP-ChangeBit-EraseBytes- DE: "\000\000"-
#21714379	REDUCE cov: 1203 ft: 4793 corp: 530/425Kb lim: 4096 exec/s: 451 rss: 596Mb L: 85/3764 MS: 2 CrossOver-EraseBytes-
#21779830	REDUCE cov: 1203 ft: 4793 corp: 530/425Kb lim: 4096 exec/s: 451 rss: 596Mb L: 83/3764 MS: 1 EraseBytes-
#21886134	REDUCE cov: 1203 ft: 4793 corp: 530/425Kb lim: 4096 exec/s: 451 rss: 596Mb L: 1168/3764 MS: 4 ChangeBit-PersAutoDict-ChangeBit-EraseBytes- DE: "\000\000\000\216"-
#21892361	REDUCE cov: 1203 ft: 4793 corp: 530/425Kb lim: 4096 exec/s: 451 rss: 596Mb L: 302/3764 MS: 2 ShuffleBytes-EraseBytes-
#21928804	REDUCE cov: 1203 ft: 4793 corp: 530/425Kb lim: 4096 exec/s: 452 rss: 596Mb L: 980/3764 MS: 3 ShuffleBytes-ChangeASCIIInt-EraseBytes-
#22136093	REDUCE cov: 1203 ft: 4793 corp: 530/425Kb lim: 4096 exec/s: 452 rss: 596Mb L: 2220/3764 MS: 4 ChangeBit-ChangeASCIIInt-ChangeASCIIInt-EraseBytes-
#22177061	REDUCE cov: 1203 ft: 4793 corp: 530/425Kb lim: 4096 exec/s: 452 rss: 596Mb L: 371/3764 MS: 3 ChangeASCIIInt-CopyPart-EraseBytes-
#22184033	REDUCE cov: 1203 ft: 4793 corp: 530/425Kb lim: 4096 exec/s: 452 rss: 596Mb L: 246/3764 MS: 2 EraseBytes-CopyPart-
#22309505	REDUCE cov: 1203 ft: 4800 corp: 531/425Kb lim: 4096 exec/s: 452 rss: 596Mb L: 466/3764 MS: 2 ChangeByte-CopyPart-
#22323261	REDUCE cov: 1203 ft: 4800 corp: 531/425Kb lim: 4096 exec/s: 452 rss: 596Mb L: 82/3764 MS: 1 EraseBytes-
#22350945	REDUCE cov: 1203 ft: 4800 corp: 531/425Kb lim: 4096 exec/s: 452 rss: 596Mb L: 327/3764 MS: 4 PersAutoDict-ChangeByte-ChangeBinInt-EraseBytes- DE: "ffffffffff\000\000\000\000\000\000\000\000\000\000\001\003\000\004\000\000\000\000\000\000\000\000"-
#22377498	REDUCE cov: 1203 ft: 4800 corp: 531/425Kb lim: 4096 exec/s: 452 rss: 596Mb L: 975/3764 MS: 3 InsertByte-EraseBytes-CrossOver-
#22378790	REDUCE cov: 1203 ft: 4800 corp: 531/425Kb lim: 4096 exec/s: 452 rss: 596Mb L: 946/3764 MS: 2 InsertByte-EraseBytes-
#22410493	REDUCE cov: 1203 ft: 4800 corp: 531/425Kb lim: 4096 exec/s: 453 rss: 596Mb L: 3405/3764 MS: 3 ChangeBit-ChangeByte-CrossOver-
#22496779	REDUCE cov: 1203 ft: 4800 corp: 531/425Kb lim: 4096 exec/s: 453 rss: 596Mb L: 944/3764 MS: 1 EraseBytes-
#22523726	REDUCE cov: 1203 ft: 4800 corp: 531/425Kb lim: 4096 exec/s: 453 rss: 596Mb L: 2404/3764 MS: 2 ChangeASCIIInt-EraseBytes-
#22528701	REDUCE cov: 1203 ft: 4800 corp: 531/425Kb lim: 4096 exec/s: 453 rss: 596Mb L: 928/3764 MS: 5 ShuffleBytes-ChangeBit-ChangeBit-CMP-EraseBytes- DE: "\377\377\377\377\377\377\377\003"-
#22556962	REDUCE cov: 1203 ft: 4800 corp: 531/425Kb lim: 4096 exec/s: 453 rss: 596Mb L: 283/3764 MS: 1 EraseBytes-
#22663165	REDUCE cov: 1203 ft: 4800 corp: 531/425Kb lim: 4096 exec/s: 453 rss: 596Mb L: 1418/3764 MS: 3 ShuffleBytes-InsertByte-EraseBytes-
#22892294	REDUCE cov: 1203 ft: 4800 corp: 531/425Kb lim: 4096 exec/s: 454 rss: 596Mb L: 123/3764 MS: 4 ChangeBinInt-ChangeBit-EraseBytes-EraseBytes-
#22904079	REDUCE cov: 1203 ft: 4800 corp: 531/425Kb lim: 4096 exec/s: 454 rss: 596Mb L: 1242/3764 MS: 5 ChangeBinInt-PersAutoDict-ChangeBinInt-ChangeByte-EraseBytes- DE: "\021\000\000\000\000\000\000\000"-
#22969606	REDUCE cov: 1203 ft: 4800 corp: 531/425Kb lim: 4096 exec/s: 454 rss: 596Mb L: 1518/3764 MS: 2 ChangeBit-EraseBytes-
#23090215	REDUCE cov: 1203 ft: 4800 corp: 531/425Kb lim: 4096 exec/s: 454 rss: 596Mb L: 414/3764 MS: 4 ChangeByte-ChangeBit-ChangeBit-EraseBytes-
#23147616	REDUCE cov: 1203 ft: 4802 corp: 532/428Kb lim: 4096 exec/s: 454 rss: 596Mb L: 3405/3764 MS: 1 ShuffleBytes-
#23159009	REDUCE cov: 1203 ft: 4802 corp: 532/428Kb lim: 4096 exec/s: 454 rss: 596Mb L: 1170/3764 MS: 3 ChangeBinInt-ShuffleBytes-EraseBytes-
#23165786	REDUCE cov: 1203 ft: 4802 corp: 532/428Kb lim: 4096 exec/s: 454 rss: 596Mb L: 237/3764 MS: 2 EraseBytes-ChangeBit-
#23271987	REDUCE cov: 1203 ft: 4802 corp: 532/428Kb lim: 4096 exec/s: 455 rss: 596Mb L: 1220/3764 MS: 1 EraseBytes-
#23302838	REDUCE cov: 1203 ft: 4802 corp: 532/428Kb lim: 4096 exec/s: 455 rss: 596Mb L: 862/3764 MS: 1 EraseBytes-
#23381624	REDUCE cov: 1203 ft: 4802 corp: 532/428Kb lim: 4096 exec/s: 455 rss: 596Mb L: 438/3764 MS: 1 EraseBytes-
#23414521	REDUCE cov: 1203 ft: 4802 corp: 532/428Kb lim: 4096 exec/s: 455 rss: 596Mb L: 2399/3764 MS: 2 ShuffleBytes-EraseBytes-
#23429982	REDUCE cov: 1203 ft: 4802 corp: 532/428Kb lim: 4096 exec/s: 455 rss: 596Mb L: 114/3764 MS: 1 EraseBytes-
#23511698	REDUCE cov: 1203 ft: 4802 corp: 532/428Kb lim: 4096 exec/s: 455 rss: 596Mb L: 279/3764 MS: 1 EraseBytes-
#23578115	REDUCE cov: 1203 ft: 4802 corp: 532/428Kb lim: 4096 exec/s: 455 rss: 596Mb L: 986/3764 MS: 2 EraseBytes-InsertByte-
#23603838	REDUCE cov: 1203 ft: 4802 corp: 532/428Kb lim: 4096 exec/s: 455 rss: 596Mb L: 105/3764 MS: 3 CopyPart-EraseBytes-ChangeByte-
#23613189	REDUCE cov: 1203 ft: 4802 corp: 532/428Kb lim: 4096 exec/s: 455 rss: 596Mb L: 99/3764 MS: 1 EraseBytes-
#23632125	REDUCE cov: 1203 ft: 4802 corp: 532/428Kb lim: 4096 exec/s: 455 rss: 596Mb L: 97/3764 MS: 1 EraseBytes-
#23641851	NEW    cov: 1203 ft: 4804 corp: 533/428Kb lim: 4096 exec/s: 455 rss: 596Mb L: 327/3764 MS: 1 CrossOver-
#23689917	REDUCE cov: 1203 ft: 4804 corp: 533/428Kb lim: 4096 exec/s: 455 rss: 596Mb L: 96/3764 MS: 1 EraseBytes-
#23794528	REDUCE cov: 1203 ft: 4804 corp: 533/428Kb lim: 4096 exec/s: 456 rss: 596Mb L: 87/3764 MS: 1 EraseBytes-
#23857586	REDUCE cov: 1203 ft: 4804 corp: 533/428Kb lim: 4096 exec/s: 456 rss: 596Mb L: 294/3764 MS: 3 ChangeASCIIInt-CopyPart-EraseBytes-
#23864227	REDUCE cov: 1203 ft: 4804 corp: 533/428Kb lim: 4096 exec/s: 456 rss: 596Mb L: 83/3764 MS: 1 EraseBytes-
#23933930	REDUCE cov: 1203 ft: 4808 corp: 534/429Kb lim: 4096 exec/s: 456 rss: 596Mb L: 374/3764 MS: 3 ShuffleBytes-InsertByte-CrossOver-
#23939904	REDUCE cov: 1203 ft: 4808 corp: 534/429Kb lim: 4096 exec/s: 456 rss: 596Mb L: 289/3764 MS: 4 ShuffleBytes-ChangeByte-InsertByte-EraseBytes-
#23947166	REDUCE cov: 1203 ft: 4808 corp: 534/429Kb lim: 4096 exec/s: 456 rss: 596Mb L: 151/3764 MS: 2 PersAutoDict-EraseBytes- DE: "\377\377\377\377\377\377\377\011"-
#23959822	REDUCE cov: 1203 ft: 4808 corp: 534/429Kb lim: 4096 exec/s: 456 rss: 596Mb L: 293/3764 MS: 1 EraseBytes-
#24027638	REDUCE cov: 1203 ft: 4808 corp: 534/429Kb lim: 4096 exec/s: 456 rss: 596Mb L: 81/3764 MS: 1 EraseBytes-
#24032184	REDUCE cov: 1203 ft: 4808 corp: 534/429Kb lim: 4096 exec/s: 456 rss: 596Mb L: 136/3764 MS: 1 EraseBytes-
#24165240	REDUCE cov: 1203 ft: 4808 corp: 534/429Kb lim: 4096 exec/s: 457 rss: 596Mb L: 437/3764 MS: 1 EraseBytes-
#24168932	REDUCE cov: 1203 ft: 4808 corp: 534/429Kb lim: 4096 exec/s: 457 rss: 596Mb L: 1211/3764 MS: 2 ChangeByte-CrossOver-
#24248303	REDUCE cov: 1203 ft: 4808 corp: 534/429Kb lim: 4096 exec/s: 457 rss: 596Mb L: 80/3764 MS: 1 EraseBytes-
#24299431	REDUCE cov: 1203 ft: 4808 corp: 534/429Kb lim: 4096 exec/s: 457 rss: 596Mb L: 787/3764 MS: 3 InsertRepeatedBytes-ChangeBinInt-EraseBytes-
#24313292	REDUCE cov: 1203 ft: 4808 corp: 534/429Kb lim: 4096 exec/s: 457 rss: 596Mb L: 282/3764 MS: 1 EraseBytes-
#24325953	REDUCE cov: 1203 ft: 4808 corp: 534/429Kb lim: 4096 exec/s: 457 rss: 596Mb L: 978/3764 MS: 1 EraseBytes-
#24430935	REDUCE cov: 1203 ft: 4812 corp: 535/429Kb lim: 4096 exec/s: 457 rss: 596Mb L: 142/3764 MS: 2 CopyPart-EraseBytes-
#24461187	REDUCE cov: 1203 ft: 4824 corp: 536/432Kb lim: 4096 exec/s: 457 rss: 596Mb L: 3742/3764 MS: 2 ChangeBit-CopyPart-
#24470346	REDUCE cov: 1203 ft: 4824 corp: 536/432Kb lim: 4096 exec/s: 457 rss: 596Mb L: 1042/3764 MS: 4 ChangeByte-ChangeBit-InsertRepeatedBytes-EraseBytes-
#24501432	REDUCE cov: 1203 ft: 4824 corp: 536/432Kb lim: 4096 exec/s: 457 rss: 596Mb L: 128/3764 MS: 1 EraseBytes-
#24541805	REDUCE cov: 1203 ft: 4824 corp: 536/432Kb lim: 4096 exec/s: 457 rss: 596Mb L: 1411/3764 MS: 3 ChangeASCIIInt-PersAutoDict-EraseBytes- DE: "\000\000\000\000\000\000\004\000\000\000\000\000\000\000\000\000\000\000\000\001\002\001\000\016\016\016\016\016\016\016\016\016"-
#24620123	REDUCE cov: 1203 ft: 4824 corp: 536/432Kb lim: 4096 exec/s: 457 rss: 596Mb L: 2413/3764 MS: 3 ChangeBinInt-ChangeBit-EraseBytes-
#24707445	REDUCE cov: 1203 ft: 4824 corp: 536/432Kb lim: 4096 exec/s: 458 rss: 596Mb L: 3708/3759 MS: 2 ShuffleBytes-EraseBytes-
#24778637	NEW    cov: 1203 ft: 4825 corp: 537/433Kb lim: 4096 exec/s: 458 rss: 596Mb L: 435/3759 MS: 2 PersAutoDict-ChangeBit- DE: "\373\377\377\377"-
#24854123	REDUCE cov: 1203 ft: 4841 corp: 538/433Kb lim: 4096 exec/s: 458 rss: 596Mb L: 128/3759 MS: 1 ChangeBinInt-
#24862099	REDUCE cov: 1203 ft: 4841 corp: 538/433Kb lim: 4096 exec/s: 458 rss: 596Mb L: 2375/3759 MS: 1 EraseBytes-
#24917475	REDUCE cov: 1203 ft: 4841 corp: 538/433Kb lim: 4096 exec/s: 458 rss: 596Mb L: 115/3759 MS: 1 EraseBytes-
#24919467	REDUCE cov: 1203 ft: 4841 corp: 538/433Kb lim: 4096 exec/s: 458 rss: 596Mb L: 51/3759 MS: 2 EraseBytes-ChangeBinInt-
#24948209	REDUCE cov: 1203 ft: 4841 corp: 538/432Kb lim: 4096 exec/s: 458 rss: 596Mb L: 213/3759 MS: 2 ChangeByte-EraseBytes-
#24973538	REDUCE cov: 1203 ft: 4841 corp: 538/432Kb lim: 4096 exec/s: 458 rss: 596Mb L: 179/3759 MS: 4 ChangeBit-CopyPart-ShuffleBytes-EraseBytes-
#24975989	REDUCE cov: 1203 ft: 4841 corp: 538/432Kb lim: 4096 exec/s: 458 rss: 596Mb L: 126/3759 MS: 1 EraseBytes-
#24984065	REDUCE cov: 1203 ft: 4841 corp: 538/432Kb lim: 4096 exec/s: 458 rss: 596Mb L: 122/3759 MS: 1 EraseBytes-
#25008621	REDUCE cov: 1203 ft: 4841 corp: 538/432Kb lim: 4096 exec/s: 458 rss: 596Mb L: 1450/3759 MS: 1 EraseBytes-
#25039588	REDUCE cov: 1203 ft: 4841 corp: 538/432Kb lim: 4096 exec/s: 458 rss: 596Mb L: 114/3759 MS: 2 InsertRepeatedBytes-EraseBytes-
#25052345	REDUCE cov: 1203 ft: 4841 corp: 538/432Kb lim: 4096 exec/s: 458 rss: 596Mb L: 199/3759 MS: 2 ShuffleBytes-EraseBytes-
#25075261	REDUCE cov: 1203 ft: 4841 corp: 538/432Kb lim: 4096 exec/s: 458 rss: 596Mb L: 2420/3759 MS: 1 EraseBytes-
#25144284	NEW    cov: 1203 ft: 4842 corp: 539/433Kb lim: 4096 exec/s: 459 rss: 596Mb L: 286/3759 MS: 3 CopyPart-ChangeBinInt-ChangeBit-
#25282102	REDUCE cov: 1203 ft: 4843 corp: 540/435Kb lim: 4096 exec/s: 459 rss: 596Mb L: 2240/3759 MS: 3 CrossOver-CopyPart-CopyPart-
#25287466	REDUCE cov: 1203 ft: 4843 corp: 540/434Kb lim: 4096 exec/s: 459 rss: 596Mb L: 1383/3759 MS: 4 ChangeBinInt-ChangeBit-ShuffleBytes-EraseBytes-
#25298544	REDUCE cov: 1203 ft: 4843 corp: 540/434Kb lim: 4096 exec/s: 459 rss: 596Mb L: 543/3759 MS: 3 ChangeBinInt-ChangeBinInt-EraseBytes-
#25325755	REDUCE cov: 1203 ft: 4843 corp: 540/434Kb lim: 4096 exec/s: 459 rss: 596Mb L: 196/3759 MS: 1 EraseBytes-
#25350731	REDUCE cov: 1203 ft: 4843 corp: 540/434Kb lim: 4096 exec/s: 459 rss: 596Mb L: 1000/3759 MS: 1 EraseBytes-
#25353091	REDUCE cov: 1203 ft: 4843 corp: 540/434Kb lim: 4096 exec/s: 459 rss: 596Mb L: 170/3759 MS: 5 CopyPart-InsertByte-EraseBytes-ChangeByte-PersAutoDict- DE: "\000\000\000\000\000\000\000\000\000\000\001\003\000\000\000\000\000\000\000\000b\000\000\000\000\000\000\000\003\000\001\013"-
#25381603	REDUCE cov: 1203 ft: 4843 corp: 540/434Kb lim: 4096 exec/s: 459 rss: 596Mb L: 1198/3759 MS: 2 ShuffleBytes-EraseBytes-
#25527070	REDUCE cov: 1203 ft: 4843 corp: 540/434Kb lim: 4096 exec/s: 459 rss: 596Mb L: 2223/3759 MS: 2 ChangeASCIIInt-EraseBytes-
#25538707	REDUCE cov: 1203 ft: 4843 corp: 540/434Kb lim: 4096 exec/s: 459 rss: 596Mb L: 167/3759 MS: 2 ChangeByte-EraseBytes-
#25636048	REDUCE cov: 1203 ft: 4843 corp: 540/434Kb lim: 4096 exec/s: 460 rss: 596Mb L: 1212/3759 MS: 1 EraseBytes-
#25684554	REDUCE cov: 1203 ft: 4843 corp: 540/434Kb lim: 4096 exec/s: 460 rss: 596Mb L: 1335/3759 MS: 1 EraseBytes-
	NEW_FUNC[1/1]: 0x64832f2a8dc0  (/home/blocknodes/ztreexo/fuzz/target/x86_64-unknown-linux-gnu/release/snapshot_decode+0x163dc0) (BuildId: 059fcb69280b638123f53832a23ba55cf94c284e)
#25792807	REDUCE cov: 1215 ft: 4868 corp: 541/438Kb lim: 4096 exec/s: 460 rss: 596Mb L: 3945/3945 MS: 3 CopyPart-InsertByte-CopyPart-
#25808936	REDUCE cov: 1215 ft: 4868 corp: 541/437Kb lim: 4096 exec/s: 460 rss: 596Mb L: 3605/3759 MS: 4 ChangeBinInt-ChangeBinInt-CrossOver-EraseBytes-
#25822938	REDUCE cov: 1215 ft: 4868 corp: 541/437Kb lim: 4096 exec/s: 460 rss: 596Mb L: 2854/3759 MS: 2 CrossOver-EraseBytes-
#25839804	REDUCE cov: 1215 ft: 4868 corp: 541/437Kb lim: 4096 exec/s: 460 rss: 596Mb L: 163/3759 MS: 1 EraseBytes-
#25873512	REDUCE cov: 1215 ft: 4868 corp: 541/435Kb lim: 4096 exec/s: 460 rss: 596Mb L: 1728/3759 MS: 3 InsertRepeatedBytes-InsertByte-EraseBytes-
#25877453	REDUCE cov: 1215 ft: 4868 corp: 541/435Kb lim: 4096 exec/s: 460 rss: 596Mb L: 1345/3759 MS: 1 EraseBytes-
#25891435	REDUCE cov: 1215 ft: 4868 corp: 541/435Kb lim: 4096 exec/s: 460 rss: 596Mb L: 150/3759 MS: 2 PersAutoDict-EraseBytes- DE: "t\336\327V\324\022\215@\0209\265\374\242\002\021\373\241\376H\2434\235\2421\255\266d\374\001\000\000\000"-
#25954012	REDUCE cov: 1215 ft: 4868 corp: 541/435Kb lim: 4096 exec/s: 460 rss: 596Mb L: 1324/3759 MS: 2 CopyPart-EraseBytes-
#25955079	REDUCE cov: 1215 ft: 4870 corp: 542/436Kb lim: 4096 exec/s: 460 rss: 596Mb L: 1346/3759 MS: 2 InsertByte-ChangeBinInt-
#25982273	REDUCE cov: 1215 ft: 4870 corp: 542/436Kb lim: 4096 exec/s: 460 rss: 596Mb L: 118/3759 MS: 4 PersAutoDict-ShuffleBytes-EraseBytes-EraseBytes- DE: "\353\377\377\377"-
#26105773	REDUCE cov: 1215 ft: 4870 corp: 542/436Kb lim: 4096 exec/s: 461 rss: 596Mb L: 148/3759 MS: 5 PersAutoDict-PersAutoDict-PersAutoDict-EraseBytes-InsertRepeatedBytes- DE: "\255\000"-"\005\000\000\000\000\000\000\000"-"\001\000\000\000\000\000\000\006"-
#26166345	REDUCE cov: 1215 ft: 4872 corp: 543/437Kb lim: 4096 exec/s: 461 rss: 596Mb L: 431/3759 MS: 2 CrossOver-CMP- DE: "\032\000\000\000\000\000\000\000"-
#26179616	REDUCE cov: 1215 ft: 4872 corp: 543/437Kb lim: 4096 exec/s: 461 rss: 596Mb L: 341/3759 MS: 1 EraseBytes-
#26192661	REDUCE cov: 1215 ft: 4872 corp: 543/437Kb lim: 4096 exec/s: 461 rss: 596Mb L: 337/3759 MS: 5 CrossOver-ChangeASCIIInt-ChangeBinInt-CrossOver-EraseBytes-
#26243715	REDUCE cov: 1215 ft: 4872 corp: 543/436Kb lim: 4096 exec/s: 461 rss: 596Mb L: 290/3759 MS: 4 ChangeBinInt-PersAutoDict-CopyPart-EraseBytes- DE: "rrrrrrrrrrrrrrrrrrrrrrrrrrrr\214p\005\231"-
#26251681	REDUCE cov: 1215 ft: 4872 corp: 543/436Kb lim: 4096 exec/s: 461 rss: 596Mb L: 1425/3759 MS: 1 EraseBytes-
#26266660	REDUCE cov: 1215 ft: 4872 corp: 543/436Kb lim: 4096 exec/s: 461 rss: 596Mb L: 192/3759 MS: 4 ChangeBinInt-ChangeBinInt-ChangeASCIIInt-EraseBytes-
#26319431	REDUCE cov: 1215 ft: 4872 corp: 543/436Kb lim: 4096 exec/s: 461 rss: 596Mb L: 115/3759 MS: 1 EraseBytes-
#26321062	REDUCE cov: 1215 ft: 4872 corp: 543/436Kb lim: 4096 exec/s: 461 rss: 596Mb L: 1327/3759 MS: 1 EraseBytes-
#26410229	REDUCE cov: 1215 ft: 4872 corp: 543/436Kb lim: 4096 exec/s: 461 rss: 596Mb L: 159/3759 MS: 2 ChangeByte-EraseBytes-
#26437973	REDUCE cov: 1215 ft: 4872 corp: 543/436Kb lim: 4096 exec/s: 461 rss: 596Mb L: 60/3759 MS: 4 ChangeByte-ShuffleBytes-ChangeBinInt-EraseBytes-
#26455691	REDUCE cov: 1215 ft: 4872 corp: 543/436Kb lim: 4096 exec/s: 461 rss: 596Mb L: 145/3759 MS: 3 ChangeBit-EraseBytes-CMP- DE: "\000\000\000\000\000]\000\000\000\000\000\000\000\000\000\321\000\000\000\000\000\000\000\000\001\000(\001\001\000\000\000"-
#26545086	REDUCE cov: 1215 ft: 4873 corp: 544/437Kb lim: 4096 exec/s: 462 rss: 596Mb L: 356/3759 MS: 5 ChangeBinInt-ChangeASCIIInt-ShuffleBytes-ChangeByte-CopyPart-
#26598717	REDUCE cov: 1215 ft: 4873 corp: 544/437Kb lim: 4096 exec/s: 462 rss: 596Mb L: 305/3759 MS: 1 EraseBytes-
#26659890	REDUCE cov: 1215 ft: 4873 corp: 544/437Kb lim: 4096 exec/s: 462 rss: 596Mb L: 1131/3759 MS: 3 ChangeASCIIInt-ChangeBit-EraseBytes-
#26681451	REDUCE cov: 1215 ft: 4874 corp: 545/437Kb lim: 4096 exec/s: 462 rss: 596Mb L: 159/3759 MS: 1 ChangeBit-
#26700047	REDUCE cov: 1215 ft: 4874 corp: 545/437Kb lim: 4096 exec/s: 462 rss: 596Mb L: 58/3759 MS: 1 EraseBytes-
#26819232	REDUCE cov: 1215 ft: 4874 corp: 545/437Kb lim: 4096 exec/s: 462 rss: 596Mb L: 2309/3759 MS: 5 EraseBytes-ChangeByte-InsertByte-ChangeByte-ChangeBit-
#26855218	REDUCE cov: 1215 ft: 4874 corp: 545/437Kb lim: 4096 exec/s: 462 rss: 596Mb L: 130/3759 MS: 1 EraseBytes-
#26928009	REDUCE cov: 1215 ft: 4874 corp: 545/437Kb lim: 4096 exec/s: 463 rss: 596Mb L: 282/3759 MS: 1 EraseBytes-
#26933285	REDUCE cov: 1215 ft: 4874 corp: 545/437Kb lim: 4096 exec/s: 463 rss: 596Mb L: 121/3759 MS: 1 EraseBytes-
#27047411	REDUCE cov: 1215 ft: 4874 corp: 545/437Kb lim: 4096 exec/s: 463 rss: 596Mb L: 523/3759 MS: 1 EraseBytes-
#27047980	REDUCE cov: 1215 ft: 4874 corp: 545/437Kb lim: 4096 exec/s: 463 rss: 596Mb L: 96/3759 MS: 4 EraseBytes-ChangeBinInt-ChangeByte-ChangeBit-
#27048321	REDUCE cov: 1215 ft: 4874 corp: 545/437Kb lim: 4096 exec/s: 463 rss: 596Mb L: 88/3759 MS: 1 EraseBytes-
#27073582	REDUCE cov: 1215 ft: 4874 corp: 545/437Kb lim: 4096 exec/s: 463 rss: 596Mb L: 153/3759 MS: 1 EraseBytes-
#27146398	REDUCE cov: 1215 ft: 4874 corp: 545/437Kb lim: 4096 exec/s: 463 rss: 596Mb L: 114/3759 MS: 1 EraseBytes-
#27213654	REDUCE cov: 1215 ft: 4874 corp: 545/437Kb lim: 4096 exec/s: 463 rss: 596Mb L: 149/3759 MS: 1 EraseBytes-
#27220540	REDUCE cov: 1215 ft: 4875 corp: 546/438Kb lim: 4096 exec/s: 463 rss: 596Mb L: 1384/3759 MS: 1 CrossOver-
#27310326	REDUCE cov: 1215 ft: 4875 corp: 546/438Kb lim: 4096 exec/s: 463 rss: 596Mb L: 57/3759 MS: 1 EraseBytes-
#27362785	REDUCE cov: 1215 ft: 4875 corp: 546/438Kb lim: 4096 exec/s: 463 rss: 596Mb L: 50/3759 MS: 4 CMP-CrossOver-EraseBytes-ChangeByte- DE: "\000\000\000\000\000\000\000\000\000\000\000\000\000\000\000\000\000\000\000\000\000\000\000\000\000\000\000\000\000\000\000\000"-
#27364666	REDUCE cov: 1215 ft: 4875 corp: 546/438Kb lim: 4096 exec/s: 463 rss: 596Mb L: 86/3759 MS: 1 EraseBytes-
#27371907	REDUCE cov: 1215 ft: 4875 corp: 546/438Kb lim: 4096 exec/s: 463 rss: 596Mb L: 83/3759 MS: 1 EraseBytes-
#27383243	REDUCE cov: 1215 ft: 4875 corp: 546/438Kb lim: 4096 exec/s: 463 rss: 596Mb L: 82/3759 MS: 1 EraseBytes-
#27522139	REDUCE cov: 1215 ft: 4875 corp: 546/438Kb lim: 4096 exec/s: 464 rss: 596Mb L: 1287/3759 MS: 1 EraseBytes-
#27576605	REDUCE cov: 1215 ft: 4875 corp: 546/438Kb lim: 4096 exec/s: 464 rss: 596Mb L: 126/3759 MS: 1 EraseBytes-
#27619036	REDUCE cov: 1215 ft: 4875 corp: 546/438Kb lim: 4096 exec/s: 464 rss: 596Mb L: 299/3759 MS: 1 EraseBytes-
#27622783	REDUCE cov: 1215 ft: 4875 corp: 546/438Kb lim: 4096 exec/s: 464 rss: 596Mb L: 94/3759 MS: 2 EraseBytes-ChangeByte-
#27677254	REDUCE cov: 1215 ft: 4875 corp: 546/438Kb lim: 4096 exec/s: 464 rss: 596Mb L: 81/3759 MS: 1 EraseBytes-
#27731900	REDUCE cov: 1215 ft: 4875 corp: 546/438Kb lim: 4096 exec/s: 464 rss: 596Mb L: 78/3759 MS: 1 EraseBytes-
#27791481	REDUCE cov: 1215 ft: 4875 corp: 546/438Kb lim: 4096 exec/s: 464 rss: 596Mb L: 76/3759 MS: 1 EraseBytes-
#27893632	REDUCE cov: 1215 ft: 4875 corp: 546/438Kb lim: 4096 exec/s: 464 rss: 596Mb L: 1299/3759 MS: 1 EraseBytes-
#27900938	REDUCE cov: 1215 ft: 4875 corp: 546/438Kb lim: 4096 exec/s: 464 rss: 596Mb L: 521/3759 MS: 1 EraseBytes-
#27971234	REDUCE cov: 1215 ft: 4875 corp: 546/438Kb lim: 4096 exec/s: 464 rss: 596Mb L: 101/3759 MS: 1 EraseBytes-
#28003260	REDUCE cov: 1215 ft: 4875 corp: 546/438Kb lim: 4096 exec/s: 464 rss: 596Mb L: 1049/3759 MS: 1 EraseBytes-
#28004441	REDUCE cov: 1215 ft: 4875 corp: 546/438Kb lim: 4096 exec/s: 464 rss: 596Mb L: 75/3759 MS: 1 EraseBytes-
#28011558	REDUCE cov: 1215 ft: 4875 corp: 546/438Kb lim: 4096 exec/s: 464 rss: 596Mb L: 127/3759 MS: 2 ChangeBit-EraseBytes-
#28054325	REDUCE cov: 1215 ft: 4875 corp: 546/438Kb lim: 4096 exec/s: 465 rss: 596Mb L: 114/3759 MS: 2 ChangeByte-EraseBytes-
#28170991	REDUCE cov: 1215 ft: 4875 corp: 546/438Kb lim: 4096 exec/s: 465 rss: 596Mb L: 131/3759 MS: 1 EraseBytes-
#28232832	REDUCE cov: 1215 ft: 4875 corp: 546/438Kb lim: 4096 exec/s: 465 rss: 596Mb L: 420/3759 MS: 1 EraseBytes-
#28242653	REDUCE cov: 1215 ft: 4875 corp: 546/438Kb lim: 4096 exec/s: 465 rss: 596Mb L: 195/3759 MS: 1 EraseBytes-
#28574997	REDUCE cov: 1215 ft: 4875 corp: 546/438Kb lim: 4096 exec/s: 466 rss: 596Mb L: 104/3759 MS: 4 ChangeBit-ChangeASCIIInt-ShuffleBytes-EraseBytes-
#28581159	REDUCE cov: 1215 ft: 4875 corp: 546/438Kb lim: 4096 exec/s: 466 rss: 596Mb L: 97/3759 MS: 2 ChangeBit-EraseBytes-
#28608981	REDUCE cov: 1215 ft: 4875 corp: 546/438Kb lim: 4096 exec/s: 466 rss: 596Mb L: 89/3759 MS: 1 EraseBytes-
#28635481	REDUCE cov: 1215 ft: 4875 corp: 546/438Kb lim: 4096 exec/s: 466 rss: 596Mb L: 1274/3759 MS: 4 InsertRepeatedBytes-ShuffleBytes-CMP-EraseBytes- DE: "\000\000\000\000\000\000\000\013"-
#28669717	REDUCE cov: 1215 ft: 4875 corp: 546/438Kb lim: 4096 exec/s: 466 rss: 596Mb L: 88/3759 MS: 1 EraseBytes-
#28676454	REDUCE cov: 1215 ft: 4875 corp: 546/438Kb lim: 4096 exec/s: 466 rss: 596Mb L: 112/3759 MS: 2 ChangeBinInt-EraseBytes-
#28704130	REDUCE cov: 1215 ft: 4875 corp: 546/438Kb lim: 4096 exec/s: 466 rss: 596Mb L: 110/3759 MS: 1 EraseBytes-
#28742842	REDUCE cov: 1215 ft: 4875 corp: 546/438Kb lim: 4096 exec/s: 466 rss: 596Mb L: 341/3759 MS: 2 PersAutoDict-EraseBytes- DE: "\033\000\000\000\000\000\000\000"-
#28865906	REDUCE cov: 1215 ft: 4875 corp: 546/438Kb lim: 4096 exec/s: 466 rss: 596Mb L: 2303/3759 MS: 4 ChangeByte-InsertByte-ChangeByte-EraseBytes-
#28888439	REDUCE cov: 1215 ft: 4875 corp: 546/438Kb lim: 4096 exec/s: 466 rss: 596Mb L: 126/3759 MS: 3 ShuffleBytes-InsertByte-EraseBytes-
#28951075	REDUCE cov: 1215 ft: 4875 corp: 546/438Kb lim: 4096 exec/s: 466 rss: 596Mb L: 86/3759 MS: 1 EraseBytes-
#29008861	REDUCE cov: 1215 ft: 4875 corp: 546/438Kb lim: 4096 exec/s: 466 rss: 596Mb L: 125/3759 MS: 1 EraseBytes-
#29092249	REDUCE cov: 1215 ft: 4877 corp: 547/439Kb lim: 4096 exec/s: 467 rss: 596Mb L: 1025/3759 MS: 3 ShuffleBytes-CrossOver-ShuffleBytes-
#29099645	REDUCE cov: 1215 ft: 4877 corp: 547/439Kb lim: 4096 exec/s: 467 rss: 596Mb L: 2328/3759 MS: 1 EraseBytes-
#29174757	REDUCE cov: 1215 ft: 4877 corp: 547/438Kb lim: 4096 exec/s: 467 rss: 596Mb L: 982/3759 MS: 2 ChangeBinInt-EraseBytes-
#29200713	REDUCE cov: 1215 ft: 4877 corp: 547/438Kb lim: 4096 exec/s: 467 rss: 596Mb L: 894/3759 MS: 1 CrossOver-
#29215599	REDUCE cov: 1215 ft: 4877 corp: 547/438Kb lim: 4096 exec/s: 467 rss: 596Mb L: 107/3759 MS: 1 EraseBytes-
#29222533	REDUCE cov: 1215 ft: 4877 corp: 547/438Kb lim: 4096 exec/s: 467 rss: 596Mb L: 889/3759 MS: 4 ChangeByte-ChangeBinInt-ChangeByte-EraseBytes-
#29256509	REDUCE cov: 1215 ft: 4877 corp: 547/438Kb lim: 4096 exec/s: 467 rss: 596Mb L: 349/3759 MS: 1 EraseBytes-
#29276800	REDUCE cov: 1215 ft: 4882 corp: 548/438Kb lim: 4096 exec/s: 467 rss: 596Mb L: 115/3759 MS: 1 CopyPart-
#29345694	REDUCE cov: 1215 ft: 4882 corp: 548/438Kb lim: 4096 exec/s: 467 rss: 596Mb L: 3347/3759 MS: 4 ChangeBinInt-ShuffleBytes-ChangeByte-EraseBytes-
#29351715	REDUCE cov: 1215 ft: 4882 corp: 548/438Kb lim: 4096 exec/s: 467 rss: 596Mb L: 1270/3759 MS: 1 CrossOver-
#29412600	REDUCE cov: 1215 ft: 4944 corp: 549/442Kb lim: 4096 exec/s: 467 rss: 596Mb L: 3331/3759 MS: 5 CopyPart-CopyPart-CopyPart-EraseBytes-PersAutoDict- DE: "\377\377"-
#29413813	REDUCE cov: 1215 ft: 4944 corp: 549/442Kb lim: 4096 exec/s: 467 rss: 596Mb L: 1129/3759 MS: 3 ChangeByte-ChangeBinInt-EraseBytes-
#29417189	REDUCE cov: 1215 ft: 4944 corp: 549/441Kb lim: 4096 exec/s: 467 rss: 596Mb L: 2653/3759 MS: 1 EraseBytes-
#29461905	REDUCE cov: 1215 ft: 4985 corp: 550/444Kb lim: 4096 exec/s: 467 rss: 596Mb L: 2901/3759 MS: 1 CrossOver-
#29503391	REDUCE cov: 1215 ft: 4985 corp: 550/443Kb lim: 4096 exec/s: 467 rss: 596Mb L: 2342/3759 MS: 1 EraseBytes-
#29536952	REDUCE cov: 1215 ft: 4985 corp: 550/443Kb lim: 4096 exec/s: 467 rss: 596Mb L: 84/3759 MS: 1 EraseBytes-
#29572654	REDUCE cov: 1215 ft: 4985 corp: 550/443Kb lim: 4096 exec/s: 467 rss: 596Mb L: 60/3759 MS: 2 EraseBytes-EraseBytes-
#29692115	REDUCE cov: 1215 ft: 4985 corp: 550/443Kb lim: 4096 exec/s: 468 rss: 596Mb L: 1135/3759 MS: 1 EraseBytes-
#29726627	REDUCE cov: 1215 ft: 4986 corp: 551/446Kb lim: 4096 exec/s: 468 rss: 596Mb L: 2274/3759 MS: 2 ShuffleBytes-EraseBytes-
#29729568	REDUCE cov: 1215 ft: 4986 corp: 551/446Kb lim: 4096 exec/s: 468 rss: 596Mb L: 289/3759 MS: 1 EraseBytes-
#29737346	NEW    cov: 1215 ft: 4996 corp: 552/448Kb lim: 4096 exec/s: 468 rss: 596Mb L: 2876/3759 MS: 3 ShuffleBytes-CrossOver-EraseBytes-
#29781622	NEW    cov: 1215 ft: 4997 corp: 553/451Kb lim: 4096 exec/s: 468 rss: 596Mb L: 2889/3759 MS: 1 InsertRepeatedBytes-
#29788188	NEW    cov: 1215 ft: 5002 corp: 554/454Kb lim: 4096 exec/s: 468 rss: 596Mb L: 2899/3759 MS: 1 InsertRepeatedBytes-
#29878419	REDUCE cov: 1215 ft: 5002 corp: 554/454Kb lim: 4096 exec/s: 468 rss: 596Mb L: 2736/3759 MS: 1 EraseBytes-
#29882450	REDUCE cov: 1215 ft: 5002 corp: 554/454Kb lim: 4096 exec/s: 468 rss: 596Mb L: 2788/3759 MS: 1 EraseBytes-
#29894206	REDUCE cov: 1215 ft: 5002 corp: 554/454Kb lim: 4096 exec/s: 468 rss: 596Mb L: 2323/3759 MS: 1 EraseBytes-
#29908912	REDUCE cov: 1215 ft: 5002 corp: 554/454Kb lim: 4096 exec/s: 468 rss: 596Mb L: 786/3759 MS: 1 EraseBytes-
#29913701	REDUCE cov: 1215 ft: 5003 corp: 555/457Kb lim: 4096 exec/s: 468 rss: 596Mb L: 3752/3759 MS: 4 CrossOver-CopyPart-ChangeBit-InsertByte-
#30021483	REDUCE cov: 1215 ft: 5064 corp: 556/461Kb lim: 4096 exec/s: 468 rss: 596Mb L: 3557/3759 MS: 2 CopyPart-CrossOver-
#30025135	NEW    cov: 1215 ft: 5068 corp: 557/464Kb lim: 4096 exec/s: 468 rss: 596Mb L: 2930/3759 MS: 2 ChangeBit-CopyPart-
#30027268	REDUCE cov: 1215 ft: 5068 corp: 557/464Kb lim: 4096 exec/s: 468 rss: 596Mb L: 53/3759 MS: 3 ChangeByte-PersAutoDict-EraseBytes- DE: "\351\000\000\000"-
#30073739	REDUCE cov: 1215 ft: 5068 corp: 557/464Kb lim: 4096 exec/s: 468 rss: 596Mb L: 2753/3759 MS: 1 EraseBytes-
#30122420	REDUCE cov: 1215 ft: 5068 corp: 557/463Kb lim: 4096 exec/s: 468 rss: 596Mb L: 3113/3759 MS: 1 EraseBytes-
#30127991	REDUCE cov: 1215 ft: 5068 corp: 557/463Kb lim: 4096 exec/s: 468 rss: 596Mb L: 2752/3759 MS: 1 EraseBytes-
#30144202	REDUCE cov: 1215 ft: 5068 corp: 557/463Kb lim: 4096 exec/s: 467 rss: 596Mb L: 2646/3759 MS: 1 EraseBytes-
#30188204	REDUCE cov: 1215 ft: 5068 corp: 557/463Kb lim: 4096 exec/s: 467 rss: 596Mb L: 82/3759 MS: 2 ChangeBinInt-EraseBytes-
#30199110	REDUCE cov: 1215 ft: 5068 corp: 557/463Kb lim: 4096 exec/s: 467 rss: 596Mb L: 2573/3759 MS: 1 EraseBytes-
#30211632	REDUCE cov: 1215 ft: 5068 corp: 557/463Kb lim: 4096 exec/s: 467 rss: 596Mb L: 2571/3759 MS: 2 ShuffleBytes-EraseBytes-
#30252233	REDUCE cov: 1215 ft: 5068 corp: 557/463Kb lim: 4096 exec/s: 467 rss: 596Mb L: 3281/3759 MS: 1 EraseBytes-
#30295965	REDUCE cov: 1217 ft: 5071 corp: 558/465Kb lim: 4096 exec/s: 467 rss: 596Mb L: 2172/3759 MS: 2 CopyPart-CrossOver-
#30322170	REDUCE cov: 1217 ft: 5071 corp: 558/465Kb lim: 4096 exec/s: 467 rss: 596Mb L: 3537/3759 MS: 5 ChangeASCIIInt-ChangeBit-ShuffleBytes-ShuffleBytes-EraseBytes-
#30335813	REDUCE cov: 1217 ft: 5071 corp: 558/465Kb lim: 4096 exec/s: 467 rss: 596Mb L: 105/3759 MS: 3 ChangeByte-ChangeByte-EraseBytes-
#30338019	REDUCE cov: 1217 ft: 5071 corp: 558/464Kb lim: 4096 exec/s: 467 rss: 596Mb L: 2412/3759 MS: 1 CrossOver-
#30347065	REDUCE cov: 1217 ft: 5071 corp: 558/464Kb lim: 4096 exec/s: 467 rss: 596Mb L: 52/3759 MS: 1 EraseBytes-
#30349506	REDUCE cov: 1217 ft: 5071 corp: 558/464Kb lim: 4096 exec/s: 467 rss: 596Mb L: 2116/3759 MS: 1 EraseBytes-
#30362728	REDUCE cov: 1217 ft: 5071 corp: 558/464Kb lim: 4096 exec/s: 467 rss: 596Mb L: 3266/3759 MS: 2 ChangeByte-EraseBytes-
#30379905	REDUCE cov: 1217 ft: 5071 corp: 558/464Kb lim: 4096 exec/s: 467 rss: 596Mb L: 100/3759 MS: 2 CopyPart-EraseBytes-
#30383518	REDUCE cov: 1217 ft: 5071 corp: 558/464Kb lim: 4096 exec/s: 467 rss: 596Mb L: 88/3759 MS: 3 ChangeByte-InsertRepeatedBytes-EraseBytes-
#30435835	REDUCE cov: 1217 ft: 5071 corp: 558/463Kb lim: 4096 exec/s: 467 rss: 596Mb L: 3012/3759 MS: 2 InsertRepeatedBytes-EraseBytes-
#30476211	REDUCE cov: 1217 ft: 5071 corp: 558/463Kb lim: 4096 exec/s: 467 rss: 596Mb L: 87/3759 MS: 1 EraseBytes-
#30481053	REDUCE cov: 1217 ft: 5071 corp: 558/463Kb lim: 4096 exec/s: 467 rss: 596Mb L: 50/3759 MS: 2 CMP-EraseBytes- DE: "\377\015"-
#30487509	REDUCE cov: 1217 ft: 5071 corp: 558/463Kb lim: 4096 exec/s: 467 rss: 596Mb L: 83/3759 MS: 1 EraseBytes-
#30501665	REDUCE cov: 1217 ft: 5071 corp: 558/463Kb lim: 4096 exec/s: 467 rss: 596Mb L: 79/3759 MS: 1 EraseBytes-
#30547631	REDUCE cov: 1217 ft: 5071 corp: 558/463Kb lim: 4096 exec/s: 467 rss: 596Mb L: 2850/3759 MS: 1 EraseBytes-
#30617847	REDUCE cov: 1217 ft: 5071 corp: 558/463Kb lim: 4096 exec/s: 467 rss: 596Mb L: 1149/3759 MS: 1 EraseBytes-
#30692680	REDUCE cov: 1217 ft: 5071 corp: 558/463Kb lim: 4096 exec/s: 467 rss: 596Mb L: 2570/3759 MS: 3 ShuffleBytes-ShuffleBytes-EraseBytes-
#30771665	REDUCE cov: 1217 ft: 5071 corp: 558/463Kb lim: 4096 exec/s: 467 rss: 596Mb L: 2239/3759 MS: 5 ChangeBit-ChangeBit-ChangeBinInt-ChangeByte-EraseBytes-
#30798622	REDUCE cov: 1217 ft: 5071 corp: 558/463Kb lim: 4096 exec/s: 467 rss: 596Mb L: 2832/3759 MS: 2 ShuffleBytes-EraseBytes-
#30806068	REDUCE cov: 1217 ft: 5071 corp: 558/463Kb lim: 4096 exec/s: 467 rss: 596Mb L: 2320/3759 MS: 1 EraseBytes-
#30814694	REDUCE cov: 1217 ft: 5071 corp: 558/463Kb lim: 4096 exec/s: 467 rss: 596Mb L: 535/3759 MS: 1 EraseBytes-
#30905470	REDUCE cov: 1217 ft: 5071 corp: 558/463Kb lim: 4096 exec/s: 467 rss: 596Mb L: 119/3759 MS: 1 EraseBytes-
#30936141	REDUCE cov: 1217 ft: 5071 corp: 558/463Kb lim: 4096 exec/s: 467 rss: 596Mb L: 1193/3759 MS: 1 EraseBytes-
#30970367	REDUCE cov: 1217 ft: 5071 corp: 558/463Kb lim: 4096 exec/s: 467 rss: 596Mb L: 2109/3759 MS: 1 EraseBytes-
#31087080	REDUCE cov: 1217 ft: 5071 corp: 558/463Kb lim: 4096 exec/s: 468 rss: 596Mb L: 123/3759 MS: 3 ChangeBinInt-CMP-EraseBytes- DE: "\000\000\000\000\000\000\000\000\000\000\000\000\000\000\000\000\000\000\000\000\000\000\000\000\000\000\000\000\000\000\000\000"-
#31173861	REDUCE cov: 1217 ft: 5071 corp: 558/463Kb lim: 4096 exec/s: 468 rss: 596Mb L: 2604/3759 MS: 1 EraseBytes-
#31177535	REDUCE cov: 1217 ft: 5071 corp: 558/463Kb lim: 4096 exec/s: 468 rss: 596Mb L: 533/3759 MS: 4 ChangeByte-ChangeBinInt-ChangeByte-EraseBytes-
#31210141	REDUCE cov: 1217 ft: 5071 corp: 558/463Kb lim: 4096 exec/s: 468 rss: 596Mb L: 2572/3759 MS: 1 EraseBytes-
#31291977	REDUCE cov: 1217 ft: 5071 corp: 558/463Kb lim: 4096 exec/s: 468 rss: 596Mb L: 2511/3759 MS: 1 EraseBytes-
#31291978	REDUCE cov: 1217 ft: 5071 corp: 558/463Kb lim: 4096 exec/s: 468 rss: 596Mb L: 2539/3759 MS: 1 EraseBytes-
#31342524	REDUCE cov: 1217 ft: 5071 corp: 558/463Kb lim: 4096 exec/s: 468 rss: 596Mb L: 294/3759 MS: 1 EraseBytes-
#31343093	REDUCE cov: 1217 ft: 5071 corp: 558/462Kb lim: 4096 exec/s: 468 rss: 596Mb L: 2622/3759 MS: 4 ChangeByte-InsertByte-ShuffleBytes-EraseBytes-
#31366389	REDUCE cov: 1217 ft: 5071 corp: 558/462Kb lim: 4096 exec/s: 468 rss: 596Mb L: 1048/3759 MS: 1 EraseBytes-
#31410881	REDUCE cov: 1217 ft: 5071 corp: 558/462Kb lim: 4096 exec/s: 468 rss: 596Mb L: 2298/3759 MS: 2 InsertRepeatedBytes-EraseBytes-
#31441432	REDUCE cov: 1217 ft: 5071 corp: 558/462Kb lim: 4096 exec/s: 468 rss: 596Mb L: 2568/3759 MS: 1 EraseBytes-
#31489803	REDUCE cov: 1217 ft: 5071 corp: 558/462Kb lim: 4096 exec/s: 468 rss: 596Mb L: 2638/3759 MS: 1 EraseBytes-
#31585754	REDUCE cov: 1217 ft: 5071 corp: 558/462Kb lim: 4096 exec/s: 468 rss: 596Mb L: 296/3759 MS: 1 EraseBytes-
#31724805	REDUCE cov: 1217 ft: 5071 corp: 558/462Kb lim: 4096 exec/s: 469 rss: 596Mb L: 1181/3759 MS: 1 EraseBytes-
#31731195	REDUCE cov: 1217 ft: 5071 corp: 558/462Kb lim: 4096 exec/s: 469 rss: 596Mb L: 884/3759 MS: 5 ChangeByte-ChangeByte-CopyPart-CopyPart-EraseBytes-
#31816623	REDUCE cov: 1217 ft: 5071 corp: 558/462Kb lim: 4096 exec/s: 469 rss: 596Mb L: 1170/3759 MS: 3 InsertByte-CrossOver-PersAutoDict- DE: "\013\000\000\000\000\000\000\000"-
#32129509	REDUCE cov: 1217 ft: 5071 corp: 558/462Kb lim: 4096 exec/s: 469 rss: 596Mb L: 2405/3759 MS: 1 EraseBytes-
#32171311	REDUCE cov: 1217 ft: 5071 corp: 558/462Kb lim: 4096 exec/s: 469 rss: 596Mb L: 1002/3759 MS: 2 ChangeBit-EraseBytes-
#32353802	REDUCE cov: 1217 ft: 5071 corp: 558/462Kb lim: 4096 exec/s: 469 rss: 596Mb L: 1812/3759 MS: 1 EraseBytes-
#32427465	REDUCE cov: 1217 ft: 5071 corp: 558/462Kb lim: 4096 exec/s: 470 rss: 596Mb L: 280/3759 MS: 3 CopyPart-ChangeBinInt-EraseBytes-
#32558063	REDUCE cov: 1217 ft: 5071 corp: 558/462Kb lim: 4096 exec/s: 470 rss: 596Mb L: 1809/3759 MS: 3 InsertByte-ChangeBit-EraseBytes-
#32596070	NEW    cov: 1217 ft: 5079 corp: 559/465Kb lim: 4096 exec/s: 470 rss: 596Mb L: 3596/3759 MS: 2 ChangeBinInt-InsertRepeatedBytes-
#32689933	REDUCE cov: 1217 ft: 5079 corp: 559/465Kb lim: 4096 exec/s: 470 rss: 596Mb L: 1293/3759 MS: 3 CopyPart-PersAutoDict-EraseBytes- DE: "\376\377\377\363"-
#32708754	REDUCE cov: 1217 ft: 5079 corp: 559/465Kb lim: 4096 exec/s: 470 rss: 596Mb L: 2531/3759 MS: 1 EraseBytes-
#32819699	REDUCE cov: 1217 ft: 5079 corp: 559/465Kb lim: 4096 exec/s: 470 rss: 596Mb L: 254/3759 MS: 5 ShuffleBytes-CMP-InsertRepeatedBytes-CMP-EraseBytes- DE: "\001\000\000\000\000\000\000\004"-"\000\376"-
#32874950	REDUCE cov: 1217 ft: 5079 corp: 559/465Kb lim: 4096 exec/s: 470 rss: 596Mb L: 2523/3759 MS: 1 EraseBytes-
#32893177	REDUCE cov: 1217 ft: 5079 corp: 559/465Kb lim: 4096 exec/s: 470 rss: 596Mb L: 280/3759 MS: 2 ShuffleBytes-EraseBytes-
#32969993	REDUCE cov: 1217 ft: 5079 corp: 559/465Kb lim: 4096 exec/s: 470 rss: 596Mb L: 2294/3759 MS: 1 EraseBytes-
#33025874	REDUCE cov: 1217 ft: 5079 corp: 559/465Kb lim: 4096 exec/s: 470 rss: 596Mb L: 2406/3759 MS: 1 CrossOver-
#33030192	REDUCE cov: 1217 ft: 5079 corp: 559/465Kb lim: 4096 exec/s: 470 rss: 596Mb L: 2517/3759 MS: 3 CopyPart-ChangeBinInt-EraseBytes-
#33198793	REDUCE cov: 1217 ft: 5079 corp: 559/465Kb lim: 4096 exec/s: 470 rss: 596Mb L: 49/3759 MS: 1 EraseBytes-
#33199689	REDUCE cov: 1217 ft: 5079 corp: 559/465Kb lim: 4096 exec/s: 470 rss: 596Mb L: 2633/3759 MS: 1 EraseBytes-
#33232030	REDUCE cov: 1217 ft: 5079 corp: 559/465Kb lim: 4096 exec/s: 470 rss: 596Mb L: 2562/3759 MS: 1 EraseBytes-
#33240297	REDUCE cov: 1217 ft: 5079 corp: 559/465Kb lim: 4096 exec/s: 470 rss: 596Mb L: 1018/3759 MS: 2 PersAutoDict-EraseBytes- DE: "\377\377\377\377\377\377\377\012"-
#33243615	REDUCE cov: 1217 ft: 5079 corp: 559/464Kb lim: 4096 exec/s: 470 rss: 596Mb L: 860/3759 MS: 3 ShuffleBytes-ChangeASCIIInt-EraseBytes-
#33281051	REDUCE cov: 1217 ft: 5079 corp: 559/464Kb lim: 4096 exec/s: 470 rss: 596Mb L: 691/3759 MS: 1 EraseBytes-
#33343237	REDUCE cov: 1217 ft: 5079 corp: 559/464Kb lim: 4096 exec/s: 470 rss: 596Mb L: 689/3759 MS: 1 EraseBytes-
#33435935	REDUCE cov: 1217 ft: 5079 corp: 559/464Kb lim: 4096 exec/s: 470 rss: 596Mb L: 686/3759 MS: 3 EraseBytes-ChangeASCIIInt-InsertRepeatedBytes-
#33447737	REDUCE cov: 1217 ft: 5079 corp: 559/464Kb lim: 4096 exec/s: 470 rss: 596Mb L: 2484/3759 MS: 2 ShuffleBytes-EraseBytes-
#33461565	REDUCE cov: 1217 ft: 5079 corp: 559/464Kb lim: 4096 exec/s: 470 rss: 596Mb L: 676/3759 MS: 3 ShuffleBytes-CopyPart-EraseBytes-
#33490891	REDUCE cov: 1217 ft: 5079 corp: 559/464Kb lim: 4096 exec/s: 470 rss: 596Mb L: 785/3759 MS: 1 EraseBytes-
#33550355	REDUCE cov: 1217 ft: 5079 corp: 559/464Kb lim: 4096 exec/s: 470 rss: 596Mb L: 655/3759 MS: 4 ChangeASCIIInt-ChangeByte-InsertRepeatedBytes-EraseBytes-
#33554432	pulse  cov: 1217 ft: 5079 corp: 559/464Kb lim: 4096 exec/s: 470 rss: 596Mb
#33574756	REDUCE cov: 1217 ft: 5079 corp: 559/464Kb lim: 4096 exec/s: 470 rss: 596Mb L: 648/3759 MS: 1 CrossOver-
#33599187	REDUCE cov: 1217 ft: 5079 corp: 559/464Kb lim: 4096 exec/s: 470 rss: 596Mb L: 647/3759 MS: 1 EraseBytes-
#33619958	REDUCE cov: 1217 ft: 5079 corp: 559/464Kb lim: 4096 exec/s: 470 rss: 596Mb L: 2535/3759 MS: 1 EraseBytes-
#33624955	REDUCE cov: 1217 ft: 5079 corp: 559/464Kb lim: 4096 exec/s: 470 rss: 596Mb L: 117/3759 MS: 2 ChangeBit-EraseBytes-
#33633711	REDUCE cov: 1217 ft: 5079 corp: 559/464Kb lim: 4096 exec/s: 470 rss: 596Mb L: 3291/3759 MS: 1 EraseBytes-
#33664052	REDUCE cov: 1217 ft: 5079 corp: 559/464Kb lim: 4096 exec/s: 470 rss: 596Mb L: 2517/3759 MS: 1 EraseBytes-
#33694979	REDUCE cov: 1217 ft: 5079 corp: 559/464Kb lim: 4096 exec/s: 470 rss: 596Mb L: 2380/3759 MS: 2 CopyPart-EraseBytes-
#33768761	REDUCE cov: 1217 ft: 5079 corp: 559/464Kb lim: 4096 exec/s: 470 rss: 596Mb L: 517/3759 MS: 2 EraseBytes-PersAutoDict- DE: "t\336\327V\324\022\215@\0209\265\374\242\002\021\373\241\376H\2434\235\2421\255\266d\374\001\000\000\000"-
#33783968	REDUCE cov: 1217 ft: 5079 corp: 559/464Kb lim: 4096 exec/s: 470 rss: 596Mb L: 3566/3759 MS: 2 ShuffleBytes-EraseBytes-
#33841449	REDUCE cov: 1217 ft: 5079 corp: 559/464Kb lim: 4096 exec/s: 470 rss: 596Mb L: 2506/3759 MS: 1 EraseBytes-
#33842570	REDUCE cov: 1217 ft: 5079 corp: 559/464Kb lim: 4096 exec/s: 470 rss: 596Mb L: 2310/3759 MS: 1 EraseBytes-
#34130266	REDUCE cov: 1217 ft: 5079 corp: 559/464Kb lim: 4096 exec/s: 469 rss: 597Mb L: 2423/3759 MS: 1 CrossOver-
#34186757	REDUCE cov: 1217 ft: 5079 corp: 559/464Kb lim: 4096 exec/s: 469 rss: 597Mb L: 2305/3759 MS: 1 EraseBytes-
#34225442	REDUCE cov: 1217 ft: 5079 corp: 559/464Kb lim: 4096 exec/s: 469 rss: 598Mb L: 377/3759 MS: 5 ChangeBit-EraseBytes-EraseBytes-ChangeBinInt-PersAutoDict- DE: "\003\342\000\000\000\000\000\000\000\000\000\000\000\001\010\012\000\000\000\000\000\000\000\000\000\000\000\000\000\000\000\001"-
#34240603	REDUCE cov: 1217 ft: 5079 corp: 559/464Kb lim: 4096 exec/s: 469 rss: 598Mb L: 2463/3759 MS: 1 EraseBytes-
#34314864	REDUCE cov: 1217 ft: 5079 corp: 559/464Kb lim: 4096 exec/s: 469 rss: 600Mb L: 2303/3759 MS: 1 EraseBytes-
#34347455	REDUCE cov: 1217 ft: 5079 corp: 559/464Kb lim: 4096 exec/s: 469 rss: 600Mb L: 374/3759 MS: 1 EraseBytes-
#34370120	REDUCE cov: 1217 ft: 5079 corp: 559/464Kb lim: 4096 exec/s: 469 rss: 600Mb L: 1139/3759 MS: 5 CMP-ChangeByte-EraseBytes-CrossOver-CrossOver- DE: "\000\000\000\000\000\000\001\002\000\000\000\000\000\000\000\000\000\000\000\000\000\000\000\000\000\000\000\000\000\000\000\000"-
#34404265	REDUCE cov: 1217 ft: 5079 corp: 559/464Kb lim: 4096 exec/s: 469 rss: 600Mb L: 2427/3759 MS: 5 CopyPart-ChangeBinInt-EraseBytes-ShuffleBytes-ChangeBit-
#34412201	REDUCE cov: 1217 ft: 5079 corp: 559/464Kb lim: 4096 exec/s: 469 rss: 600Mb L: 2433/3759 MS: 1 EraseBytes-
#34465207	REDUCE cov: 1217 ft: 5079 corp: 559/464Kb lim: 4096 exec/s: 469 rss: 600Mb L: 1513/3759 MS: 1 EraseBytes-
#34523021	REDUCE cov: 1217 ft: 5079 corp: 559/464Kb lim: 4096 exec/s: 469 rss: 600Mb L: 355/3759 MS: 4 ShuffleBytes-CrossOver-ChangeByte-EraseBytes-
#34535954	REDUCE cov: 1217 ft: 5079 corp: 559/464Kb lim: 4096 exec/s: 469 rss: 600Mb L: 3277/3759 MS: 3 InsertRepeatedBytes-CMP-CrossOver- DE: "\000\004\000\000\000\000\000\000\000\000\000b\000\000\000\000\000\000\000\003\000\000\000\000:Y\312q(\001\001\000"-
#34625125	REDUCE cov: 1217 ft: 5079 corp: 559/464Kb lim: 4096 exec/s: 469 rss: 600Mb L: 1136/3759 MS: 1 EraseBytes-
#34647247	REDUCE cov: 1217 ft: 5079 corp: 559/464Kb lim: 4096 exec/s: 469 rss: 600Mb L: 2425/3759 MS: 2 CopyPart-EraseBytes-
#34651356	REDUCE cov: 1217 ft: 5079 corp: 559/464Kb lim: 4096 exec/s: 469 rss: 600Mb L: 1046/3759 MS: 4 EraseBytes-InsertRepeatedBytes-PersAutoDict-CopyPart- DE: "\000\000\000\000\000\000\000\000\000\000\001\003\000\000\000\000\000\000\000\000b\000\000\000\000\000\000\000\003\000\001\013"-
#34702267	REDUCE cov: 1217 ft: 5079 corp: 559/464Kb lim: 4096 exec/s: 469 rss: 600Mb L: 2403/3759 MS: 1 EraseBytes-
#34807378	REDUCE cov: 1217 ft: 5079 corp: 559/464Kb lim: 4096 exec/s: 469 rss: 600Mb L: 1133/3759 MS: 1 EraseBytes-
#34860225	REDUCE cov: 1217 ft: 5079 corp: 559/464Kb lim: 4096 exec/s: 469 rss: 600Mb L: 1043/3759 MS: 2 ShuffleBytes-EraseBytes-
#34901849	REDUCE cov: 1217 ft: 5079 corp: 559/464Kb lim: 4096 exec/s: 469 rss: 600Mb L: 977/3759 MS: 4 PersAutoDict-ChangeByte-ChangeByte-EraseBytes- DE: "\000\000\000\000\000\000\000\000\000\000\001\000\000\000\004\000\000\000\000\000\200\000\310\000\000\001\003\000\000\377\000\000"-
#35012121	REDUCE cov: 1217 ft: 5079 corp: 559/464Kb lim: 4096 exec/s: 469 rss: 600Mb L: 310/3759 MS: 2 ChangeByte-EraseBytes-
#35077705	REDUCE cov: 1217 ft: 5079 corp: 559/464Kb lim: 4096 exec/s: 469 rss: 600Mb L: 1024/3759 MS: 4 InsertByte-CopyPart-ChangeByte-EraseBytes-
#35091974	REDUCE cov: 1217 ft: 5079 corp: 559/464Kb lim: 4096 exec/s: 469 rss: 600Mb L: 964/3759 MS: 4 ChangeBit-CMP-CopyPart-EraseBytes- DE: "\000\010\000\000\000\000\000\000\000\200\000\000\000\000\003\000\000\000\000\000\000\000\000b\000\000\000\000\000\000\000\002"-
#35127805	REDUCE cov: 1217 ft: 5079 corp: 559/463Kb lim: 4096 exec/s: 469 rss: 600Mb L: 918/3759 MS: 1 EraseBytes-
#35174797	REDUCE cov: 1217 ft: 5079 corp: 559/463Kb lim: 4096 exec/s: 469 rss: 600Mb L: 891/3759 MS: 2 ChangeBinInt-EraseBytes-
#35216254	REDUCE cov: 1217 ft: 5079 corp: 559/463Kb lim: 4096 exec/s: 469 rss: 600Mb L: 876/3759 MS: 2 ChangeBit-EraseBytes-
#35234267	REDUCE cov: 1217 ft: 5079 corp: 559/463Kb lim: 4096 exec/s: 469 rss: 600Mb L: 1423/3759 MS: 3 ChangeASCIIInt-EraseBytes-CrossOver-
#35354378	REDUCE cov: 1217 ft: 5079 corp: 559/463Kb lim: 4096 exec/s: 468 rss: 600Mb L: 2424/3759 MS: 1 EraseBytes-
#35493597	REDUCE cov: 1217 ft: 5079 corp: 559/463Kb lim: 4096 exec/s: 468 rss: 600Mb L: 251/3759 MS: 4 InsertByte-CrossOver-CopyPart-EraseBytes-
#35591168	REDUCE cov: 1217 ft: 5079 corp: 559/463Kb lim: 4096 exec/s: 468 rss: 601Mb L: 1138/3759 MS: 1 EraseBytes-
#35606334	REDUCE cov: 1217 ft: 5079 corp: 559/463Kb lim: 4096 exec/s: 468 rss: 601Mb L: 643/3759 MS: 1 EraseBytes-
#35660290	REDUCE cov: 1217 ft: 5079 corp: 559/463Kb lim: 4096 exec/s: 468 rss: 601Mb L: 2359/3759 MS: 1 EraseBytes-
#35753322	REDUCE cov: 1217 ft: 5079 corp: 559/463Kb lim: 4096 exec/s: 468 rss: 601Mb L: 1133/3759 MS: 2 CopyPart-EraseBytes-
#35758078	REDUCE cov: 1217 ft: 5079 corp: 559/463Kb lim: 4096 exec/s: 468 rss: 601Mb L: 1042/3759 MS: 1 EraseBytes-
#35797519	REDUCE cov: 1217 ft: 5079 corp: 559/463Kb lim: 4096 exec/s: 468 rss: 601Mb L: 2393/3759 MS: 1 EraseBytes-
#35881026	REDUCE cov: 1217 ft: 5079 corp: 559/463Kb lim: 4096 exec/s: 468 rss: 601Mb L: 2324/3759 MS: 2 ChangeByte-EraseBytes-
#35995921	REDUCE cov: 1217 ft: 5079 corp: 559/463Kb lim: 4096 exec/s: 468 rss: 602Mb L: 882/3759 MS: 5 EraseBytes-PersAutoDict-ChangeBit-InsertRepeatedBytes-InsertByte- DE: "W\000\000\000"-
#36005327	REDUCE cov: 1217 ft: 5079 corp: 559/463Kb lim: 4096 exec/s: 468 rss: 602Mb L: 875/3759 MS: 1 EraseBytes-
#36129103	REDUCE cov: 1217 ft: 5079 corp: 559/463Kb lim: 4096 exec/s: 468 rss: 602Mb L: 309/3759 MS: 1 EraseBytes-
#36171114	REDUCE cov: 1217 ft: 5079 corp: 559/463Kb lim: 4096 exec/s: 468 rss: 602Mb L: 283/3759 MS: 1 EraseBytes-
#36246503	REDUCE cov: 1217 ft: 5079 corp: 559/463Kb lim: 4096 exec/s: 468 rss: 602Mb L: 521/3759 MS: 4 ChangeBinInt-InsertRepeatedBytes-CrossOver-EraseBytes-
#36430060	REDUCE cov: 1217 ft: 5079 corp: 559/463Kb lim: 4096 exec/s: 468 rss: 602Mb L: 1137/3759 MS: 2 ChangeASCIIInt-EraseBytes-
#36550942	REDUCE cov: 1217 ft: 5079 corp: 559/463Kb lim: 4096 exec/s: 468 rss: 602Mb L: 2379/3759 MS: 2 ShuffleBytes-EraseBytes-
#36555713	REDUCE cov: 1217 ft: 5079 corp: 559/463Kb lim: 4096 exec/s: 468 rss: 602Mb L: 306/3759 MS: 1 EraseBytes-
#36746509	REDUCE cov: 1217 ft: 5079 corp: 559/463Kb lim: 4096 exec/s: 468 rss: 602Mb L: 874/3759 MS: 1 EraseBytes-
#36920748	REDUCE cov: 1217 ft: 5079 corp: 559/463Kb lim: 4096 exec/s: 467 rss: 602Mb L: 1131/3759 MS: 4 ChangeBinInt-ChangeBit-PersAutoDict-EraseBytes- DE: "\377\377\377\377\377\377\377\003"-
#37047655	REDUCE cov: 1217 ft: 5079 corp: 559/463Kb lim: 4096 exec/s: 467 rss: 604Mb L: 113/3759 MS: 2 ChangeByte-EraseBytes-
#37080162	REDUCE cov: 1217 ft: 5079 corp: 559/463Kb lim: 4096 exec/s: 467 rss: 604Mb L: 104/3759 MS: 2 PersAutoDict-EraseBytes- DE: "\000\000"-
#37092673	REDUCE cov: 1217 ft: 5079 corp: 559/463Kb lim: 4096 exec/s: 467 rss: 604Mb L: 93/3759 MS: 1 EraseBytes-
#37118594	REDUCE cov: 1217 ft: 5079 corp: 559/463Kb lim: 4096 exec/s: 467 rss: 604Mb L: 92/3759 MS: 1 EraseBytes-
#37164747	REDUCE cov: 1217 ft: 5079 corp: 559/463Kb lim: 4096 exec/s: 467 rss: 604Mb L: 2233/3759 MS: 3 ChangeByte-CMP-EraseBytes- DE: "\001\000\000\000\000\000\000\000\000\000\000\000\000\000\000\000\000\001(\001\001\000\000\000\004\000\000\000\000\000\000\000"-
#37173163	REDUCE cov: 1217 ft: 5079 corp: 559/463Kb lim: 4096 exec/s: 467 rss: 604Mb L: 90/3759 MS: 1 EraseBytes-
#37338504	REDUCE cov: 1217 ft: 5079 corp: 559/463Kb lim: 4096 exec/s: 467 rss: 604Mb L: 1071/3759 MS: 1 EraseBytes-
#37346847	REDUCE cov: 1217 ft: 5081 corp: 560/465Kb lim: 4096 exec/s: 467 rss: 604Mb L: 1497/3759 MS: 3 ChangeBit-PersAutoDict-CopyPart- DE: "rrrrrrrrrrrrrrrrrrrrrrrrrrrr\214p\005\231"-
#37378718	REDUCE cov: 1217 ft: 5081 corp: 560/465Kb lim: 4096 exec/s: 467 rss: 604Mb L: 348/3759 MS: 1 EraseBytes-
#37390615	REDUCE cov: 1217 ft: 5081 corp: 560/465Kb lim: 4096 exec/s: 467 rss: 604Mb L: 1802/3759 MS: 2 ChangeByte-EraseBytes-
#37959694	REDUCE cov: 1217 ft: 5081 corp: 560/465Kb lim: 4096 exec/s: 467 rss: 605Mb L: 108/3759 MS: 4 ShuffleBytes-EraseBytes-ChangeBit-PersAutoDict- DE: "\377\377\377\377\377\377\377\007"-
#37978990	REDUCE cov: 1217 ft: 5081 corp: 560/465Kb lim: 4096 exec/s: 467 rss: 605Mb L: 120/3759 MS: 1 EraseBytes-
#38022361	REDUCE cov: 1217 ft: 5081 corp: 560/465Kb lim: 4096 exec/s: 467 rss: 605Mb L: 2227/3759 MS: 1 EraseBytes-
#38047827	REDUCE cov: 1217 ft: 5081 corp: 560/464Kb lim: 4096 exec/s: 467 rss: 605Mb L: 362/3759 MS: 1 EraseBytes-
#38136243	REDUCE cov: 1217 ft: 5081 corp: 560/464Kb lim: 4096 exec/s: 467 rss: 605Mb L: 115/3759 MS: 1 EraseBytes-
#38145146	REDUCE cov: 1217 ft: 5081 corp: 560/464Kb lim: 4096 exec/s: 467 rss: 605Mb L: 872/3759 MS: 3 ChangeASCIIInt-ChangeASCIIInt-EraseBytes-
#38153530	REDUCE cov: 1217 ft: 5081 corp: 560/464Kb lim: 4096 exec/s: 467 rss: 605Mb L: 401/3759 MS: 4 PersAutoDict-PersAutoDict-ChangeASCIIInt-EraseBytes- DE: "7\000\000\000"-"\017\000\000\000\000\000\000\000"-
#38218766	REDUCE cov: 1217 ft: 5081 corp: 560/464Kb lim: 4096 exec/s: 467 rss: 605Mb L: 2411/3759 MS: 1 CrossOver-
#38521303	REDUCE cov: 1217 ft: 5081 corp: 560/464Kb lim: 4096 exec/s: 467 rss: 605Mb L: 2289/3759 MS: 2 InsertRepeatedBytes-EraseBytes-
#38537629	REDUCE cov: 1217 ft: 5081 corp: 560/464Kb lim: 4096 exec/s: 467 rss: 605Mb L: 2306/3759 MS: 1 EraseBytes-
#38548455	REDUCE cov: 1217 ft: 5081 corp: 560/464Kb lim: 4096 exec/s: 467 rss: 605Mb L: 89/3759 MS: 1 EraseBytes-
#38557349	REDUCE cov: 1217 ft: 5081 corp: 560/464Kb lim: 4096 exec/s: 467 rss: 605Mb L: 1413/3759 MS: 4 CopyPart-ChangeBit-CrossOver-InsertByte-
#38627670	REDUCE cov: 1217 ft: 5081 corp: 560/464Kb lim: 4096 exec/s: 467 rss: 605Mb L: 2272/3759 MS: 1 EraseBytes-
#38658337	REDUCE cov: 1217 ft: 5081 corp: 560/464Kb lim: 4096 exec/s: 467 rss: 605Mb L: 2319/3759 MS: 2 ChangeBit-EraseBytes-
#38680178	REDUCE cov: 1217 ft: 5081 corp: 560/464Kb lim: 4096 exec/s: 467 rss: 605Mb L: 2380/3759 MS: 1 EraseBytes-
#38754092	REDUCE cov: 1217 ft: 5081 corp: 560/464Kb lim: 4096 exec/s: 466 rss: 605Mb L: 241/3759 MS: 4 ChangeBit-CMP-ShuffleBytes-EraseBytes- DE: "\376\377\377R"-
#38822908	REDUCE cov: 1217 ft: 5081 corp: 560/464Kb lim: 4096 exec/s: 466 rss: 605Mb L: 114/3759 MS: 1 EraseBytes-
#38864780	REDUCE cov: 1217 ft: 5081 corp: 560/464Kb lim: 4096 exec/s: 466 rss: 605Mb L: 2346/3759 MS: 2 ShuffleBytes-CrossOver-
#38906280	REDUCE cov: 1217 ft: 5081 corp: 560/464Kb lim: 4096 exec/s: 466 rss: 605Mb L: 643/3759 MS: 5 CrossOver-InsertRepeatedBytes-EraseBytes-ChangeBinInt-PersAutoDict- DE: "\377\377\377\377\377\377\377\012"-
#38954748	REDUCE cov: 1217 ft: 5081 corp: 560/464Kb lim: 4096 exec/s: 466 rss: 605Mb L: 286/3759 MS: 3 CMP-ChangeBit-EraseBytes- DE: "\000\000\000\000\000\000\000\013"-
#38970494	REDUCE cov: 1217 ft: 5081 corp: 560/464Kb lim: 4096 exec/s: 466 rss: 605Mb L: 49/3759 MS: 1 EraseBytes-
#39001245	REDUCE cov: 1217 ft: 5081 corp: 560/464Kb lim: 4096 exec/s: 466 rss: 605Mb L: 2534/3759 MS: 1 EraseBytes-
#39009191	REDUCE cov: 1217 ft: 5081 corp: 560/463Kb lim: 4096 exec/s: 466 rss: 605Mb L: 1670/3759 MS: 1 EraseBytes-
#39220397	REDUCE cov: 1217 ft: 5081 corp: 560/463Kb lim: 4096 exec/s: 466 rss: 607Mb L: 1452/3759 MS: 1 EraseBytes-
#39333889	REDUCE cov: 1217 ft: 5081 corp: 560/463Kb lim: 4096 exec/s: 466 rss: 607Mb L: 2271/3759 MS: 2 CopyPart-EraseBytes-
#39334983	REDUCE cov: 1217 ft: 5081 corp: 560/463Kb lim: 4096 exec/s: 466 rss: 607Mb L: 2328/3759 MS: 4 CMP-CrossOver-EraseBytes-CopyPart- DE: "\377\024"-
#39417514	REDUCE cov: 1217 ft: 5081 corp: 560/463Kb lim: 4096 exec/s: 466 rss: 607Mb L: 2368/3759 MS: 1 EraseBytes-
#39515830	REDUCE cov: 1217 ft: 5081 corp: 560/463Kb lim: 4096 exec/s: 466 rss: 607Mb L: 218/3759 MS: 1 EraseBytes-
#39558667	REDUCE cov: 1217 ft: 5081 corp: 560/463Kb lim: 4096 exec/s: 466 rss: 607Mb L: 2267/3759 MS: 2 EraseBytes-CopyPart-
#39667678	REDUCE cov: 1217 ft: 5081 corp: 560/463Kb lim: 4096 exec/s: 466 rss: 608Mb L: 1564/3759 MS: 1 EraseBytes-
#39692434	REDUCE cov: 1217 ft: 5081 corp: 560/463Kb lim: 4096 exec/s: 466 rss: 608Mb L: 1124/3759 MS: 1 EraseBytes-
#39767087	REDUCE cov: 1217 ft: 5081 corp: 560/463Kb lim: 4096 exec/s: 465 rss: 608Mb L: 3277/3759 MS: 3 CopyPart-ChangeByte-EraseBytes-
#39968893	REDUCE cov: 1217 ft: 5081 corp: 560/463Kb lim: 4096 exec/s: 465 rss: 609Mb L: 2459/3759 MS: 1 EraseBytes-
#40025599	REDUCE cov: 1217 ft: 5081 corp: 560/463Kb lim: 4096 exec/s: 465 rss: 613Mb L: 2457/3759 MS: 1 EraseBytes-
#40030764	REDUCE cov: 1217 ft: 5081 corp: 560/463Kb lim: 4096 exec/s: 465 rss: 613Mb L: 977/3759 MS: 5 ChangeByte-PersAutoDict-ChangeBinInt-ChangeByte-EraseBytes- DE: "\000\000\000\002\304\265\025\214t\336\327V\324\022\215@\0209\265\374\252\002\021\373\241\376H\2434\235\2428"-
#40090021	REDUCE cov: 1217 ft: 5081 corp: 560/463Kb lim: 4096 exec/s: 465 rss: 615Mb L: 2345/3759 MS: 2 CopyPart-EraseBytes-
#40093072	REDUCE cov: 1217 ft: 5081 corp: 560/463Kb lim: 4096 exec/s: 465 rss: 615Mb L: 104/3759 MS: 1 EraseBytes-
#40178754	REDUCE cov: 1217 ft: 5081 corp: 560/463Kb lim: 4096 exec/s: 465 rss: 615Mb L: 114/3759 MS: 2 EraseBytes-EraseBytes-
#40201571	REDUCE cov: 1217 ft: 5081 corp: 560/463Kb lim: 4096 exec/s: 465 rss: 615Mb L: 278/3759 MS: 2 PersAutoDict-EraseBytes- DE: "\000\000\000\000\000\000\001\003\000\000\000\000\000\000\0002\000\000\000\000\000\000\000\000\000\000\000\000\000\000\000\000"-
#40220946	DONE   cov: 1217 ft: 5081 corp: 560/463Kb lim: 4096 exec/s: 465 rss: 615Mb
###### Recommended dictionary. ######
"\000\000\000\000\000\000\000\000\000\000\000\000\000\000\000\016\012\016\016\016\016\016\016\016\016\016\016\016\016\016\016\016" # Uses: 30189
"Qe$\000\000\000\000\000" # Uses: 30505
"\371\356\004^\376H\2434\235\2428\255\266d\374\001\000\000\000\000\000\000\000\000\000\000\000\000\000\000\000\000" # Uses: 29724
"\000\000\000\364" # Uses: 29584
"ffffffffff\000\000\000\000\000\000\000\000\000\000\001\003\000\004\000\000\000\000\000\000\000\000" # Uses: 29266
"\015\000\000\000\000\000\000\000" # Uses: 29127
"\206\000\000\000" # Uses: 29437
"\000\000\000\214" # Uses: 28969
"\006\000\000\000\000\000\000\000" # Uses: 28408
"\001\000\000\000\000\000\000\014" # Uses: 28464
"\000\000\000\000" # Uses: 28389
"\000\000\000\000\000\000\000\000\000\000\000&\000\"\001=\"\"\001=+\000\001\000\000\000\000\000\000\000\001\003" # Uses: 27851
"\376\377\377\363" # Uses: 27804
"\021\000\000\000\000\000\000\000" # Uses: 27611
"\377\377\377\377\377\377\377\032" # Uses: 28025
"\002\000\000\002\000\000\000\000\000\000\000\000\000\000\000\000\000\000\000\000\001\002\001\000\000\000\000\000\000\000\004\000" # Uses: 27775
"\000\000\000\000\000\000\000\244\244\244\244\244\244\000\000\000\004\000\000\007\000\000\000\000\000\000\000\001\000\000\000\000" # Uses: 27784
"\012\000\000\000\000\000\000\000" # Uses: 27971
"\235\377\377\377" # Uses: 27872
"\000\000\000\000\000\000\000\000\000\000\001\000\000\000\004\000\000\000\000\000\200\000\310\000\000\001\003\000\000\377\000\000" # Uses: 27574
"\000\000\000\000\000\000\011\342" # Uses: 27212
"\016\016\016\016\016\012\016\016\016\016\016\016\016\016\016\016\016\016\016\016\016\016\016\016\016(\016\016\016\000\000\000" # Uses: 27515
"\000\000\000\000\000\000\004\000\000\000\000\000\000\000\000\000\000\000\000\001\002\001\000\016\016\016\016\016\016\016\016\016" # Uses: 27655
"n\377\377\377" # Uses: 27219
"rrrrrrrrrrrrrrrrrrrrrrrrrrrr\214p\005\231" # Uses: 27409
"\377\377\377\374" # Uses: 27735
"\013\000\000\000\000\000\000\000" # Uses: 27573
"\234\377\377\377" # Uses: 27472
"\376\377\377\206" # Uses: 27527
"\004\000\000\000" # Uses: 27404
"\001\000\000\000\000\000\000\020" # Uses: 27476
"\342\000\000\000" # Uses: 27146
"\002\001\000\000\000\000\000\000\000\004\000\000\000\000\000\000\000\000\000\000\000\000[\000\000\000\000\000\000\000\000\000" # Uses: 27373
"\000\000\000\000\000\000\000\000\001\003\000\000\000\000\000\000\000\000\000\000\000\000\000\000\000\000\000\004@\000\001\000" # Uses: 27166
"\377\377\377\377\377\377\377\006" # Uses: 27195
"\035\001\000\000\000\000\000\000" # Uses: 27267
"\001\000\000\000\000\000\000x" # Uses: 27339
"\033\000\000\000\000\000\000\000" # Uses: 27534
"\016\016\016\000\000\000\000\000\000\004\000\000\001\000\000\000\000\000\000\000\000\033\223q\340\031_\020\232\300\030\243" # Uses: 27272
"\000\314\000\000\000\000\000\000\000\000\000\000\000\000\000\000\000\000\000\000\000\000\000\000\001\002\000\000\000\000\000\000" # Uses: 27075
"\377\377\377\377\377\377\377\011" # Uses: 27296
"7\000\000\000" # Uses: 27273
"\353\377\377\377" # Uses: 27369
"\001\000\000\000\000\000\000\006" # Uses: 27002
"\377\377\377\377\377\377\377\377\377\377\377\377\377\377\377\377\377\377\001\003\000\000\000\000\000r\000\001\000\000\000\000" # Uses: 26721
"\014\000\000\000\000\000\000\000" # Uses: 26940
"\005\000" # Uses: 27024
"\001\000\000\000\000\000\000\000" # Uses: 27284
"\375\377\377\377" # Uses: 27274
"\000b\000\000\000\000\000\000\000\003\000\000\000\000\000\000\000\002\000\000\000\000\000\000\000\001\000\000\000\000\000\000" # Uses: 26864
"\255\000" # Uses: 26896
"\000\000\000\000\000\000\000\000\000\000\000\000\200\000\000\000\000\000\001\003\000\000\000\000\000\000\000\000b\000\000\000" # Uses: 27111
"\377\377\377\244" # Uses: 27354
"\000\000\000\000\000\000\200\000\000\000\000\007\000\000\000\003\000\000\000\000\000\000\000\001\016\016\000\000\000\000\000\000" # Uses: 27032
"\000\000\000\000\000?\000\000\000\000\000\000\000\000\000\000\000\000\000\000\000\000\001\000\000\000\000\010\215\215+\215" # Uses: 27043
"\377\377\377\377" # Uses: 27111
"\000\000\000\000\000\000\000\000\000\000\000\000\000\000\000\000\000\000\000\000\000\000\000\000\000\000\000\000\000\000\000\000" # Uses: 26829
"\377\377\377\377\377\377\377\377" # Uses: 27089
"\221\377\377\377" # Uses: 26856
"\000\000\000\000\000\000\000\000\000\000\000\000\000\001\003\000\000\000\000\000\000\000\000\000\000\000\000\000\000\000\000\000" # Uses: 26721
"\377\377\377\375" # Uses: 26894
"\001\000\000\000\000\000\000\023" # Uses: 26885
"\377\377\377\377\377\377\377\012" # Uses: 26883
"\005\000\000\000\000\000\000\000" # Uses: 26912
"\000\000\000\000\000\001\000\000\000\000\010\215\215+\215\016\000\000\000\000\000\000\000\000\000\000\000\000\000\000\000\000" # Uses: 26712
"\017\000\000\000\000\000\000\000" # Uses: 26812
"\000\000\000\000\000\000\000\000\000\000\001(\001\001\000\000\000\004\000\000\000\000\000\000\000\000\004\000\000\000\000\000" # Uses: 26832
"\003\000\000\000\000\000\000\000" # Uses: 26930
"\206\377\377\377" # Uses: 26440
"\377\377\377\377\377\377\377\024" # Uses: 26490
"\001\000\000\000\000\000\000\036" # Uses: 26704
"\377\377\377\370" # Uses: 26495
"\000\000\000\000\000\000\001\003\000\000\000\000\000\000\0002\000\000\000\000\000\000\000\000\000\000\000\000\000\000\000\000" # Uses: 26095
"\000\000\000\000\000\000\000\000\000\000\000\000\001\002\000\000\000\000\000\000\000\000\000\000\000\000\000\000\000\000\000\000" # Uses: 26198
"\001\003\000\000\000\000\000\000\000\000\000\000\000\000\000\000\000\000\000\000\000\000\000\000\000\000\000\000\000\000\000\000" # Uses: 26022
"\007\000\000\000\000\000\000\000" # Uses: 26486
"\000\000b\000\000\000\000\000\000\000\003\000\000\000\000\000\000\000\002\000\000\000\000\000\000\000\001\000\000\000\000\000" # Uses: 26122
"\036\000\000\000\000\000\000\000" # Uses: 26541
"\000\000\000\000\001L\003\000\000\000\000\000\000\000\001\000\000\000\000\000\000\000\000\000\000\000\000\000\000\000\000\000" # Uses: 26137
"\000\000\000\000\000\000\000\013" # Uses: 26225
"\000\000\000\000\000\000\000\000\000\000\000\000\000\000\000\000\000\000\000\001\003\000\000\000\001\010\213@\000\000\215!" # Uses: 26306
"\177\301-\335\326y\000\000" # Uses: 25905
"\001\000\000\000\000\000\000\035" # Uses: 25964
"t\336\327V\324\022\215@\0209\265\374\242\002\021\373\241\376H\2434\235\2421\255\266d\374\001\000\000\000" # Uses: 25950
"\351\000\000\000" # Uses: 26037
"\031\000\000\000\000\000\000\000" # Uses: 25791
"\363\377\377\377" # Uses: 25645
"\000\000\000\000\000\000\001\002\001\000\000\000\000\000\000\000\004\000\000\000\000\000\001\000\000\000\000\010\215\215+\215" # Uses: 25522
"\000\000\000\000\000\000\004\000\000\000\000\000\000\000\000\000\000\000\000\000\000\000\000\000\000\000\000\000\000\000\000\200" # Uses: 25748
"\000\000\000\000\000\000\000\026" # Uses: 25413
"\326\377\377\377" # Uses: 25564
"\000\000\000\000\000\000\000b\000\000\000\000\000\000\000\003\000\000\000\000\000\000\000\002\000\000\000\000\000\000\000\001" # Uses: 25561
"\004\000\000\000\000\000\000\000\000\000\000\000\000\000\000\000\000\000\000\000\000\000\000\000\000\000\000\000\000\000\000\000" # Uses: 25376
"\200\000\000\000\000\000\000\000" # Uses: 25527
"\000\000\000\216" # Uses: 25693
"\000\000\000\000\000\000\000\000\000\000\000\000\000\000\000\000\000\000\000\001\000\000\000\004\000\000\000\000\000\200\000\000" # Uses: 25356
"\000\000\000\002\304\265\025\214t\336\327V\324\022\215@\0209\265\374\252\002\021\373\241\376H\2434\235\2428" # Uses: 25441
"\000\000 \000\000\000\000\000\000\000\000\000\000\000\000\000\001\002\000\000\000\000\000\000\000\000\000\000\000\000\000\016" # Uses: 25128
"\000\000\000\000\000\000\002\304\265\025\214t\336\327V\324\022\215@\0208\265\374\252\002\021\373\241\376H\2434" # Uses: 25470
"\013\010\215\000\000\215!\000\000\000\000\000\000\000\000\000\000\000\000\000\000\000\000\000\000\000\000\000\000\000\000\000" # Uses: 25097
"\003\000\000\000\000\000\000\200" # Uses: 25076
"\374\377\377\377\000\000\000\000\000\000\000\000\000\000\000\000\000\000\000\000\000\000\000\000\000\000\000\000\000\000\000\001" # Uses: 24832
"\001\000\000\000\000\000\200\000\000\000\000\000\000\000\000\000\000\000\000\000\000\000\000\000\000\000\000\000\000\000\000\001" # Uses: 24871
"\000\000\000'" # Uses: 25093
"\001\016" # Uses: 24877
"\000\030rrrrrrrrrrrrrrrrrrrrrrrr}}rrrr" # Uses: 24561
"\361\000\000\000" # Uses: 24493
"\000\000\000\001\000\000\000\000\000\000\000\000\000\000\000\000\000\000\000\000\000\000\000\000\000\000\000\000\000\000\000\001" # Uses: 24539
"\310\000\000\000" # Uses: 24830
"\377\377\377\377\377\377\377\007" # Uses: 24560
"W\000\000\000" # Uses: 24508
"\001\000\000\000" # Uses: 24183
"\033\311\376\242X\004\000\000" # Uses: 24220
"\377\377\377\377\377\377\377\013" # Uses: 23558
"\000\000\000\000\000\000b\000\000\000\000\000\000\000\000\000\000\000\000\000\000\000\000\000\000\001\000\000\000\000\000\000" # Uses: 23544
"\265\025\214t\336\327V\324\022\215@\0208\265\374\252\002\021\373\241\376H\2434\235\2428\255\266d\374\001" # Uses: 23625
"\001\000\000\000\000\000\000\007" # Uses: 23288
"\001\003\000\000\000\000\000\000\000\001\000\000\000\000\000\000\000\000\000\000\000\000\000\000\000\000\001(\001\001\000\000" # Uses: 23428
"\000\000\000\000\000\000\000\000\000\000\001\001\000\000\000\000\000\000\000\000\001\000\000\000\000\000\000\000\000\000\000\000" # Uses: 22310
"\002\304\265\025\214t(\001\001\000\000\000\004\000\000\000\000\000\000\000\000\000\001\003\000\000\000\000\000\000\000\001" # Uses: 21858
"\001\021" # Uses: 21110
"\377\377" # Uses: 20097
"\000\000\000\000\000\000\000\000\000\200\212\000\000\000\000\000\001\003\000\000\000\000\000\000\000\000b\000\000\000\000\000" # Uses: 20035
"\000\000\000\000\000\000\000b\000\000\001\000\000\000\000\000\000\000\000\000\000\002\304\265\025\214t\336\327V\324\022" # Uses: 19625
"\000\001\270\270\000\000\000\000\231\231\231\231\271\000$\000\001\003\000\000\000\000\000\000\000\000\000\000\000\000\000\000" # Uses: 19495
"\376\377\377\254" # Uses: 19331
"\000\000\000\000\000b\000\000\000\000\000\000\000\003\000\001\013\000\000\000\000\000\000\000\000\000\000\000\000\000\000\000" # Uses: 19313
"\000\000\000\000\000\000\000\000\000\001\000\000\000\000j\000\000\000\001\000\000\000\000\000\000\000\002\000\000\002\000\000" # Uses: 19527
"\373\377\377\377" # Uses: 19256
"\003\342\000\000\000\000\000\000\000\000\000\000\000\000\000\000\000\000\000\000\000\000\000\000\000\000\000\000\000\000\000\001" # Uses: 18750
"\000\000\000\000\000\000\000\000\000\000\001\003\000\000\000\000\000\000\000\000b\000\000\000\000\000\000\000\003\000\001\013" # Uses: 18673
"\001\000\000\000\000\000\000\033" # Uses: 18606
"\004\000\000\000\000\000\000\000\000\000\000\000\000\000\000\000\000\000\200\000\000\000\000\000\000\000\000\000\000\000\000\001" # Uses: 17844
"\377\377\377\377\377\377\377\031" # Uses: 17657
"\000\000\000\000\000\000\000\000\000\000\000\000\000\000\000\000\000\000\000\000\000\000\000\000\000\000\000\000\000.\000\000" # Uses: 17376
"\000\000\000f" # Uses: 13754
"\001\232" # Uses: 12675
"\000\000\000\000\000\000\000\007" # Uses: 12175
"\000\000 \000\000\000\000\000\000\000\000\000\000\000\000\000\001\002\000\000\000\000\000\000\000\000\000\000\000\000\000\000" # Uses: 11903
"\001\002\000\000\000\000\000\000\000\000\000\000\000\000\000\000\000\000\000\000\000\000\000\000\000\000\000\010&\000\000\000" # Uses: 11748
"\003\342\000\000\000\000\000\000\000\000\000\000\000\001\010\012\000\000\000\000\000\000\000\000\000\000\000\000\000\000\000\001" # Uses: 11687
"\000\000" # Uses: 11426
"\377\377\377\377\377\377\377\003" # Uses: 10828
"\032\000\000\000\000\000\000\000" # Uses: 8564
"\000\000\000\000\000]\000\000\000\000\000\000\000\000\000\321\000\000\000\000\000\000\000\000\001\000(\001\001\000\000\000" # Uses: 8386
"\377\015" # Uses: 5849
"\001\000\000\000\000\000\000\004" # Uses: 4428
"\000\376" # Uses: 4303
"\000\000\000\000\000\000\001\002\000\000\000\000\000\000\000\000\000\000\000\000\000\000\000\000\000\000\000\000\000\000\000\000" # Uses: 3451
"\000\004\000\000\000\000\000\000\000\000\000b\000\000\000\000\000\000\000\003\000\000\000\000:Y\312q(\001\001\000" # Uses: 3253
"\000\010\000\000\000\000\000\000\000\200\000\000\000\000\003\000\000\000\000\000\000\000\000b\000\000\000\000\000\000\000\002" # Uses: 3085
"\001\000\000\000\000\000\000\000\000\000\000\000\000\000\000\000\000\001(\001\001\000\000\000\004\000\000\000\000\000\000\000" # Uses: 1767
"\376\377\377R" # Uses: 862
"\377\024" # Uses: 506
###### End of recommended dictionary. ######
Done 40220946 runs in 86401 second(s)
stat::number_of_executed_units: 40220946
stat::average_exec_per_sec:     465
stat::new_units_added:          2154
stat::slowest_unit_time_sec:    0
stat::peak_rss_mb:              615
